Review,Rating
boleh lah,5
JARINGAN LU BENERIN NAPA KONAMEK,1
oke lah tapih respon sif kurang cepat sih,1
plis dong buat pihak konami tambahin klub fc bayern munchen lagi kok gk ada yah,5
sangat puas,5
"makin kesini makin kaya anj , pvp udah menang sampe abis babak ke 2 tiba tiba ""anda kalah"" . kebanyakan cheat ketemunya, sinyal juga berat bgt klo pvp gk jelas",1
"oke2 aja susah vs pemain2 legend... tpijngan di nerf jugala masaiya ngoper ngga sampe... mau shot lelet.. kenatiang atau mistar 3x , kiper gw jadi agak tolol",2
Konami jaringan nya jelek,1
update nyaaa tolong di buat 10gb bang,5
Gachanya sampah,1
Game Stress,1
"Buruk, tidak layak dimainkan jangka lama, dan sering Bug.",1
bagus banget game nya,5
lumayan bagusss grafik enakk,5
game bego,5
"makin aneh setelah update,dan pemain epik ga ada apa apanya dgn pemain standard makin lama gak jelas game nya",1
tolong kh perbaiki game ini kok tiap mai kelua sendiri.tamba baru kali ini saya main kok lelet terus biasa nya tidak jaringan bagus saya mikirin ane game ini.suda pro main tabi bikin saya kesal bang.klu main stabil mungkin tidak dapat saya.tingal formasi nya,1
bagus uda kaya game ps,5
gg geming,5
mau main efootbal plss,5
"daripada kasih review atau masukan mending maki aja lah langsung, emang dipikir ngasih temuan di game itu akan dibaca developer game nya, lihat rating perusahaan nya di google sih udah jelas ya, gua curiga yg ngasih rating bagus di game ini cuma buzzer, sering mainin game nya gua yakin jg ngga",1
stuck tlng diperbaiki,2
seru,5
"abis update kiper jadi pajangan doang kayak fifa, buffon italy stat dewa planga plongo doang🤣",1
bikin game yang bener masa gw cuman hilang wifi 3 detik doang malah kalah karna jaringan.ngotak dikit kalo bikin game,1
bagus tapi tolong tambahkan lisensi tim nasional Indonesia 2025 nya oke,4
tambahin liga Indonesia lah,2
"game gajelas masa gw Udah Nungguin Berjam jam download datanya masih 0persen kocak banget padahal ga pake apk clone"" an",1
hapus aja game sampah ini...,1
game bola mobile paling bagus cuman kehalang lisensi aj sih,5
"sekarang ini game login aja susah, game makin rusak",2
"gimna sihh develop tolong dong di bnerin masalahnya, masa tiba2 server tidak terhubung, klo masih sekali saya maklum, ini tiap saya main divisi pasti kek gitu, jangan cuma kartu epic yg dibanyakin game nya jga tolong di bnerin lahhh",1
sering disconnected sendiri,1
"KLO ga niat kasi card pemain jgn kasi spin gratis bro,capek capek claim tapi ga ada dapat",1
sangat sangat menyenangkan,5
benerin dulu jaringannya,1
semoga terus meningkat kedepannya,5
"Koneksi internet nya stabil tapi begitu main mode online kok ngeleg server nya parah nih, game pay to win, hilangkan itu smart assist di divisi atas player yang hanya di bantu sistem, smart assist nya sudah merajalela dimana² wow mau naik divisi tidak perlu usaha cukup aktifkan smart assist benar² game setingan sistem, skill gak perlu lagi cukup sistem yang atur, konyol. Izinkan terus aja smart assist di divisi atas biar game ini makin tolol player nya",1
gua bingung sama Konami sinyal wifi kenceng batrei banyak tapi giliran main udah kayak komputer rusak gambar nya putus2 apa lagi main liga kadang gerak nya kecepatan kadang lemot ga ada lancar2 nya tolong perbaiki lagi Konami,4
masa gua downlod game nya 306 mb terus disuruh dowload data mana ngulang lagi,1
game bola terbaik di bumi ini😍😍😍,5
game tolol server gajelas sering disconect sendiri pdhl sinyal bagus,1
di update malah kaga bisa di unduh,1
jelek,1
buruk,4
pa an ngeleg trs dikit dikit pembaruan dikitfikit perbarui anjirrr. update trs dancok,1
gimana kalau download Konami ini,5
pergerakan dribble nya jadi aneh 👎,1
Sinyal makin busuk.. laga PVP kalah lawan sinyal.,1
permainan tidak adil..pay to win membosankan,1
mohon update sistem liganya biar tambah seru mainnya,4
Bagus,5
"game bola terjelek,server terburuk,sangat tidak rekomendasi",1
"lag, crash",1
tolol passing delay pdahal jaringan bgs gblk game burik apus aja,1
baru juga download afk di suruh download lagi udah gitu download Berjam jam. bukannya makin bagus makin hancur ini games gak ada perkembangan majunya,1
"Sinyal buruk, perbaiki lagi, sinyal full bar, koneksi stabil, hp mendukung, tapi tetap delay",1
"tolong dong di tambah , adakan liga 1 indonesia full team liga 1 indonesia , penantian yang di tunggu ya liga 1 indonesia , semoga saran saya di kabulkan",5
game nya bagus tapi kasih pemain gratis lagi sama jangan ngelag wae,5
"salah satu game yang bikin gua stres maininnya , balancingnya gajelas kadang"" permainan udh kyk diatur sistem, bola ke ketendang gajelas, pemain positioning jadi jelek dan lain2 sebagainya cari aja konami efootball script disosmed saya rasa teori ini benar game sampah",1
permainan nya sangat bagus dan grafik nya lumayan,5
bagus banget,5
terbaik,5
game ndk jelas yg pernah saya mainin,1
"setelah update, perpindahan kursor dari pemain satu ke pemain lain nya tambah kacau. ga jelas, makin males main",1
mantap,5
gameplay bukanya makin realistis malah kaga logik yang ngontrol pemain gw apa ai lu si berat banget gerakin pemain sesuai keinginan kek udah di setting kalah atau menang nya yang main gua apa ai lu si kalah gua sama ai,3
"game pay to win tolol,hama berasa bgt pay to win nyaa aowkwow tiap Minggu kartu "" baru,bikin sistem gameplay nya berbayar kalo mau jago bgt aowmwowkwoww cuih",1
game kontol,1
no comment,1
main divisi 100% 1 menang 1 kalah,1
gem enk,5
udah di download tapi kaga bisa masuk hadehhh,1
Di perbaiki servernya dan game playnya. Koin 1900 cuma dapet sampah,1
"server jaringan di perbaiki saya setiap main divisi sering leg"" sedang menyerangan",4
bagus,5
makin berat aja ini game. apalagi mode pvp kebanyakan delay. event juga makin pelit,1
mau maen sampe pecah hp nya gak bakalan menang di karenakan bnyak setingan ada waktu menang ada waktu kalah klo pas menang enak bnget ngalahin musuh tp klo pas waktu kalah weh gak ada kiper juga gak gol aneh tp nyata,1
"Dari dulu"" saya sudah minta tolong untuk menghilangkan script dari game ini agar gameplay murni skill bukan bantuan sistem. Alhamdulillah sekarang scriptnya TAMBAH PARAH. Udahlah script gameplay, eh sekarang ada lagi script sinyal.",1
game nya bagus grafik hd pokok nya wajib di download 🔥,5
game tolol lawanya tidak sepadan kalah Mulu mas ketemu yg ovr 32 trus,1
game ga ke urus login lama males main lagi,1
game bodoh banyak skripp,1
"ngapain juga datanya dipisahin , harus download in gamenya nyusahin amat",1
game scam banyak skrip main ga fair,1
ini bung apalah game nya emang bagus tapi ada bung kan mbappe gw nge gol lin masa pas selebrasi kaki nya hilang ini gimana wy,1
GK mau komen,5
game baguss good job,5
game tolol anomali konami,1
"saat main PvP pasti kalah padahal sinyal mendukung tapi putus trus, apalagi pass ngepush divisi 2 ke 1 sudah menang tapi poin dapat sedikit mulu",1
keren om,5
update malah nambah parah bar sinyal bagis tapi ngelag edan,1
game rusak,1
"update tapi tambah jelek, laga suka ngelag dan keluar sendiri",1
"game sampah, jaringan ngelag kalau main laga online, jadi kalah teruss. update makin jelek",1
"Game ga jelas, tiba-tiba keluar dari permainan padahal jaringan wifi bagus.",1
gm nya lama unduh nya,1
"game yang sangat bagus, bagusan bubar aja udah",1
"nda jelas anjir gua udah cetak 2:0 tiba"" musuh ngelag malah gua yang kalah asw emang",1
"setelah update bertahan jadiebih berat, pemain lebih lambat membayangi seperti tidak ada gunanya, dari pada seperti itu mending update server biar lebih baik",1
Tidak bisa login setelah updat kamis 16-04-2026 ketrangan terkendala jaringan padahal kuota dan jaringan stabil,1
pembaruan macam apa ini....lagi menang sering banget lag tiba² kalah... kacau kacau tolong adakan mode AI otomatis jika jaringan kita diskonek.... kaya game mobilegend brooo,1
"grafik bagus, sayangnya gacanya busuk",5
game tololl,1
tolong wasit nya yang adil jangan ngedukung tim yang ga suka gw benci udah kena taclkle di kotak pinalti kaga di kasih pinalti dan wasit yang membawa bendera tidak pernah mengasih offside walau lagi offside game banyak scriptttttttt offside nya tidak passssss,2
damy anjjng gamenya gelo tolong di benah lagi yak masalah soal ituh AI mu yg gk bisa di jebol ituh mau gila gua main di liga efotbaal divisi 2 gk bisa di jebol jing klok kita gampang sekali di goal jing,2
game kontoll perbaiki tu banyak player main pake cheet asuu,1
bagus sekali konami baik,5
gameplay masih terlalu lambat dan patah patah..apalagi pada saat laga online..masih banyak yang perlu di perbaiki,2
"game ee, giliran mau menang boot, sinyal lemot ngeleg, ee, game setingan gak jelas",1
kalau bisa jink jangan apa apa main skrip sat jaringan tiba tiba lari apalag itu njeng,1
bgs. bnget,5
"match ga fair, gakan menang tim baru dengan yg topup, harusnya d filter biar lebih fair. sepakbola ko ga fair , aneh",1
tiap update gamenya gak enak bangke,1
"signal server lemot.. ga ada dana untuk upgrade server.., coba dulu sebulan ini, kalau masih lag saja pvp uninstall",1
game nya baguss temen²ku pada main tapi kalo ada pemain hattrick dikasih penghargaan y makasih,5
punyaku nggak bisa login,1
game p2w masa kekuatan tim 3056 dapat musuh 3215,1
game nya gak bagus,5
tidak dapat login,1
tolong aku kagak bisa login!!!!!!!!!!!!!!!!!!!!!!!!!!!!!!!!!!!!!!!!!!!!!!!!!!!!!!!!!!!!!!!!!!!!!!!!!!!!!!!,1
akun Saya tidak bisa login,1
bgus dan keren,5
"anyone i beg beg beg beg you konami please, just nerf newcastle wb.",3
delete Smart Asist anj. Minimal klo ga dihapus dipisah bab1 macthmakingnya,1
"tolong pelanggarannya diperbaiki, masak saya nyenggol dikit pelanggaran, sedangkan musuh nyenggol pemain saya sampek gulung-gulung enggak pelanggaran",1
saya tadi nya mau kasih bintang 5 tapi GK jadi Krn sy tau di efootbal blom ada liga Indonesia saya harapkan liga Indonesia akan hadir....... terimakasih,4
gajelas bngt akun tiba' ilang tolong ini kenapa dah hadeh pas login malah gbisa,1
server ngelag,2
game boros BBM,1
kasih fitur konfigurasi analog kadang kepencet passing ga bisa di batalin sama jaringan tiba tiba leg,1
game tempek,1
tolong di kasi banyak pemain dulu²nya,4
sprint master league seru si kalo di adain terus min,5
WOI KONAMII TOLONG LAHHH SINGAL UDH BAGUS JARINGAN UDAHHHH KOK NGELAG MAKSUD KALIAN APA??,1
tambah liga Champions,5
jujur Konami the best dah ciptain game ini,5
mantab banget game ini,5
karena geme nya burik,1
ini saya kasi bintang 5 supaya bisa di perbaiki developernya kenapa gabisa masuk padahal baru download game ini malah stak 0%,5
"game ga jelas, kalau pemain lawan larinya kaya macan pas pemain kita larinya kayak siput,.. game bikin naik darah",1
jelek efottbal jelek hama mending FC mobile saya kasi bintang 5 biar kebaca,5
game bola yg paling ok di android,5
"Overall udh bagus, cuma kenapa ya saya lawan AI yg tinggi cb saya 185+ kalah duel udara sama card yg punya tinggi 170, dan itu engga sekali dua kali itu s ering banget terjadi jadi kek kesel aja kalo ga di perbaikin. terimaksih",1
"Konami tolong dioptimisasi lagi, akhir"" ini terasa berat pdhl sebelumnya tidak begini",5
"tolong perbaiki kenapa akun saya yang ke 2 tidak bisa di bukak,padahal menggunakan clone bawaan dari hp,tanpa melibatkan apk pihak ketiga. tolong perbaiki konami agar saya bisa main di akun ke 2 saya🙏",5
"kok saat saya buka dia muncul pemliaaraan server sedang berlangsung mohon tungu hinga peemliaraan selesai, selama pemiliharaan, kamu masih bisa memainkan laga vs al dengan [eksibisi] dari beranda.",5
kualitas nya bagus,5
saran garis umpan/shot ilangin aja biar lebih Ringan gamenya,4
"mana koin gua, kok gak masuk2 ini.",1
perbaiki masalah sinyal,1
kenapa HP Redmi note 14 Gak bisa Ful screen????????? Habis update ko jadi gini,5
bagus.,4
loding nya 0% terus,1
aku pengen banget pemain epik,1
game bagus😃,5
baguss 👍👍,5
"Ini game gak bebenah bebenah, Jaringan Bagus Lag nya gak karuan.",1
ganti akun ae cek ruwet e,1
developer yang terhormat tolong untuk update semua lisensi nya masa game besar yang seperti banyak yang tidak memiliki lisensi resmi jadi seperti tim bola abal abal,2
game ny sangat realistis dan sangat seru tetapi sangat susah mendapatan kan pemain yg bagus,5
"kenapa ini developer lagi asik push divisi malah keluar mulu dari game terputus tolong di perbaiki, jaringan saya sudah bagus, susah2 menang jadi kalah akhirnya mines😠",2
"tolong dong permasalahan jaringan diperhatikan, saya di aplikasi lain dan game² lain jaringan nya stabil dan bagus bgt, giliran die football kacau parah, saya rasa mudah saja untuk melawan musuh² nya, cuma karena jaringan yang tidak jelas akhirnya sangat sulit menang dengan kondisi jaringan seperti itu, mohon jaringan diberi opsi stabilisasi agar orang lain nyaman main game nya",1
"game nya bagus dan grafiknya bagus juga, kontrol mainnya oke tapi pliss tolong perbaiki bug download data nya, soalnya pas download data progresnya masih 1% mulu, padahal aku sudah tunggu seharian padahal penyimpanan ku masih kosong. plis konami perbaiki bug ini",4
efootball lebih bagus grafik dan tombol kontrol sangat enak ketika di mainkan sa senang mempunyai gem kaya gini 😁😁👍👍,5
seruuuu tapi...,5
semenjak update malah jadi delay banget mainnya,1
How can I defeat the highest level if all my attackers are guarded 1 person 1 by 1? Even the highest level opponents are more powerful than humans.,2
ya saya baru mencoba main game ini di hp ram 2 siapa tau bisa kalau bisa aku rating bintang 5,3
game makin ga jelas gameplay nya,1
Sudah baik. tolong tingkat kan server PVP.,5
game tolol,5
"Konami asyuu, gw gaca pemain box gak pernah di kasih satupun.",1
"sepakbola mana yg disleding dari belakang mau nendang kaga pelanggaran ajg!!! ngoper ke si A malah ke si B, udah ditutup ruang lawan masih aja lolos. GAME TAIIII!!!",1
👎👎👎,1
cant be login,3
"The best Game, However grafik nya agak burik sedikit lah. but the best game ever",5
sejak update aneh,2
tolong efootball Adain liga 1 nya dong,3
mantap men,5
makin kesini makin berat,1
baik,5
"TOLONG KONAMI HILANGKAN FITUR SMART ASSIST UNTUK DIVISI KARNA BANYAK PLAYER YANG MENGGUNAKAN ITU PADAHAL MEREKA TIDAK JAGO TAPI KARNA TERBANTU FITUR MEREKA SEPERTI JAGO SEKALI PADAHAL ITU MERUGIKAN PLAYER MURNI, TOLONG HAPUSS!!",5
sudah bagus tapi ada kekurangan nya sedikit aja,4
bantu donk kok dihp saya ngk bisa terbuka gamenya,5
"kenapa kalau ingin masuk ulang akun, akunya malah hilang, padahal aku saya sudah dari 2020 dan hilang gitu aja. gimana ni Konami. Mana udah banyak pemain legend lagi udah rugi banyak saya.",1
gua kena bug kayaknya soalnya efotbal gua pengunsuha selesai itu 0 persen terus coba kasih saran lah,3
👑,5
mantap... lebih tingkatkan agar tdk crash,5
berat,2
gem nya oke TPI dikit pemain gratis yang ovr nya tinggi,2
terlalu banyak skrip. orang2 banyak kalah,1
satu masukan : untuk tombol kontrol analog bisa di sesuaikan transparansi. terimakasih 🙏🏻,4
sangat bagus grafiknya,5
permainan nya seru dan grafik nya bagus aku suka,5
game tidak layak untuk dimainkan,1
masterliga nya dipatenkan dong,4
"game ini di buat untuk keluarga konami sendiri ,bukan buat user,jadi kalau mau download sabar"" saja,,,buat kalah terus,karena sudah di setting buat kemenangan keluarga konami,jadi begitu kira"".",1
perbaiki keamanan banyak lawan online menggunakan cheat bug eror jaringan,1
"System scripting very bad, in divition match, my player can't do with my control. delay and stupid playing. please fix it",1
"gak adil dalam pertandingan, kekuatan team saya masih 2000 di kasih lawan yang penuh dengan pemain legenda sedangkan saya pemainnya reguler semua. gak pernah dapat pemain legend padahal sudah divisi 4 PVP. game yang tidak adil",1
"Game tolol, dari segi gameplay nya berubah 180° derajat, semakin berat gameplay para pemain terutama Pele yang notabene nya merupakan salah satu dribble terbaik di game, lama kelamaan gameplay terasa berat dan tidak sebanding dengan stats dan traits pemain, bikin game yang ngotak tolol, sudah kikir, sebagaimana seorang F2P mendapatkan pemain baru, malah di keluarin pemain versi baru dan hanya berbeda sedikit stats nya, tetapi efek yang dapat dirasakan sangat signifikan dan berpengaruh pada Saya",5
bagus banget game ini,5
ok,5
Gamenya seru banget,5
MAKIN TOLOL GAME NYA,1
Kapan bisa menang main gem ini ngasih lawan Ngan ngotak 10 kali main gak ada 1 pun yg menang padahal masih di devisi 5,1
so bad,1
"Game makin hari makin gk jelas, peguna smart asiss mlh makin di untungkan",1
BOSOK,5
⚽️😍✌️,5
"setelah update akun ilang, gameplay makin ancur, makin susah di kontrol, dikit"" kena kartu hadehhhh",1
Hebat eFootball,5
game rusakkkk,1
"game burik masa setiap maen divisi udah hampir ke divisi 1 sinyal nya parah,efotbal gak mau akun gw ke divisi 1 parah",1
kenapa tim real madrid tidak di apdet....,2
"Eventnya ngebosenin, cuma jualan kartu",1
sampah,1
mantap bngett,5
"ganti wasit, dikit dikit pelanggaran",1
"Game Gila, Kalo Main PvP ngelag, Lawan Ai/Bot Ngelag, Game, Perbaiki lah Konami, ngelag bnget soalnyaaaaaa",1
lama bangat mau comback juga di lobyy mulu,2
tidak seimbangnya pemain pvp dan juga masih banyak hal yang bisa membuat game ini seperti tidak layak dimainkan karena kontrol bug bergerak pemain yang sangat slow respon .....sangat mengecewakan,1
Cocok dengan game kesukaan saya ... Tetab betah lama lama main sambil nunggu jam tidur 😴😴,5
"gua kasih bintang 1 masalah jaringan GK d perbaiki Mulu padahal data nya lancar pas login efotball ngeleg"" gajelas",1
game taek,1
"konami sampah ini makin hari makin lol game gak jelas main pakai hp IP 14 masa masih lag padahal jaringan 5g pemain full epic ini malah gak smooth kaya main pakai hp kentang apalagi kalau lagi push divisi makin parah mendingan delet aja nih e football, gak seperti dulu masih jamannya pes enak banget main smooth mau lawan PVP juga gak ngaruh ini makin kesini malah makin berat banget hp udah op skuadnya udah op parah masih aja berat bngt gerakannya terutama pas lagi PVP",1
saran saya Konami ngga usah ada pemain jaman sekarang legend aja semua,1
tidak bisa login ke dalam game akibat pengunduhan selesai tapi tidak bisa masuk ke dalam game,1
"gem contol sinyal 4G ngeleg², padahal hp gw bagus buat ML aja ngga tolong lah di perbaiki, bagus si bagus tapi ya itu sinyalnya.",1
good,5
tolol,1
update v.5.4.0 adalah update paling ngaco yg pernah ada. gw gak mau nambahin bintang sebelum pertahanan di fix kyk versi sebelumnya,1
makin susah banyak pemain scrript,1
gems dah bagus tapi sayang semenjak updet skrg tombol membayangi jadi kacau buat dived susah tolong di perbaiki lagi,5
terlalu sering update datanya besar lagi,3
ada apa ini konami.? sdh posisi menang tiba2 out sendiri. jaringan wifi normal. pas login tiba2 dikasih kalah. rating kesantunan turun ke B. padahal yg bermasalah gamenya. dasar game aneh.,1
wasitnya jgn botak mulu ngapa,5
nice,5
"For Konami, my advice for the next update is can adjust the size of the virtual control pad buttons. not only change the position but also the size of the buttons.",5
"tolong dong di permainan liga saya tambah kan juga liga champions nya seperti dlu, dalam liga ada liga champions juga",1
"pelit pemain, persis game judi online(MLBB)",1
"Tolonglah sponsor club di cantumkan juga. masa sekelas real Madrid,atletico, Liverpool,chelsea ,Manchester city, as Roma ,fiorentina tidak ada sponsor nya sama sekali di Jersey.. maen game nya serasa maen liga amatir . padahal game bola nomer 1 katanya. Giliran liga Brazil ,,,sponsornya penuh dri A sampai Z. Tolong untuk kedepannya dibikinin sponsor di Jersey masing masing . terima kasih KONAMI",3
apk sering bug semoga bangkrut,1
"Tolong kpd develop untuk masalah tidak bisa download data atau mentok di nol persen maupun sekian persen, saya tidak pernah menggunakan cloning apk sama sekali dan kenapa bisa berpengaruh pada apk yang asli. Mohon untuk perbaikan hal ini karna saya tidak bisa bermain kembali",3
pay-to-win game,1
"game bagus tapi tidak adil,saya kecewa",1
"game gak jelas, makin update makin gak jelas gameplay, sekarang dribble udh gak bsa dicegah, percuma pake bek tengah tp gak bsa ngejar penyerang, terus servernya perlu sinyal yg bagus banget buat main, itupun biasa kadang"" ngelag juga klo tim musuh yg jaringannya delay",1
"kenapa setiap kita megang bola selalu kalah sama lawan umpan lambung sama umpan atas sama emang game ga adil wasit juga gitu gol lawan malah ha offside padahal jelas banget kayak wasit bayaran semua sama var""nya kalo bikin game bagus itu yang detail curangnya kliatan banget katanya update biar gamenya adil adil apanya ga pernah hoki pilih kasih jangan didonload game gaguna bikin stres kalo ada rating 0 gw pilih 0",1
good,4
"game gajelas kena script terus , minimal kasih ilang bdo script nya ganggu aje push divisi tb tb pemain jadi berat game bgo",1
ngelag parah.. padahal kuota banyak.. padahal update terus ini game. solusi dong.. ketika nyerang..dan diserang timku selalu ngelag.,4
"gak enak main nya,main devisi ketemu lawan 3200 mulu,gak sepadan",1
"apaan ini game habis update seleding tekel pelan dikasih pelanggaran giliran bodi kenceng gak pelanggaran makin lama makin nggak nyaman ni game, pemain nyerang kebodi 2 orang kenceng nyampe jatoh nggak juga di kasih pelanggaran mending wasit yang dulu ga sih ketimbang sekarang.",1
masalah sinyal tolong perbaiki min,1
game semakin jelek!,1
"dear konami, ini dari lubuk hati terdalam, saya sudah dirampok dan merasa sangat tertekan, saya berada dalam posisi terugikan dengan hadirnya fitur yang menjadikan gameplay saya tidak jelas adanya, anda harus malu dan merasa diri anda hina, jikalau anda punya nyali, segeralah anda benarkan, dan proklamasikan kepada karyawan untuk segera membenahi masalah sinyal pada game anda, sekali lagi saya luruskan bahwa perilaku anda ini keliru, terimakasih. Tertanda asep surasep.",1
game ampas. kalau ga top up jangan harap dapat naik divisi,1
setelah update saya gk bisa main dengan tenang main laga vs ai aja lag apalagi PVP makin parah saya udah turunkan grafiknya ke rendah tetap sama sebelum update pakai grafik tinggi tidak terjadi masalah apapun kecuali ketika PVP memang ada sedikit lag tapi setelah update grafik rendah dan entah itu main laga vs ai atau PVP sama sama lag,2
game apalah udah gak hoki dapet musuh berat terus kacauu😮‍💨,1
We need a master league that is permanent and can be played continuously without energy limits. 🔥🔥🔥🔥,4
setelah di update tambah pemain plonga plongo kayak gak punya mata,1
"top up coin pake livin, dana dah kepotong tapi gak masuk ke cancel orderannya",1
"woi gawe lah anj, itu bnyk banget yng cheat",1
bagus banget,4
"game ajg,kalo mau main divisi selalu lag",1
"sangat seruu,sayaa bener bener tertarik dengan game ini",5
tolong. saya mohon tambahin liga super Indonesia.. pliiss.. buat admin nya saya minta tolong tambahin super league Indonesia.🙏,5
saya bangat aplikasi tidak netra aplikasi iyh karna yg ada cr7 al nasir sama madrid nama tidak sama yg asli,4
"game aneh di play store udah download full, di game nya suruh download lagi",3
"gameplay berat bngt klo lawa orng ,game tlol",1
koneksi parah... banyak kecurangan!!!,2
"kenapa tidak bisa transfer data lewat google play, sehingga saya harus memulai dari awal lagi",1
KONEKSI SANGAT BURUK SEKALI.... Jadi nge lag melulu pas main... Jadi kalahan....,1
loading masuk game nya lama,3
gajelas,1
ngebag mulu gw pas baru dowload efootball nya udah download file nya habis itu ngulang lagi,1
Kalo lagi online match jaringan suka lep lep pan padahal bagus tolong di perbaiki kembali buat match nya sangat membuat tidak nyaman,2
umur saya udh 23 thun tpi kok ngk bisa beli pemain,4
ini adalah gameyg menyenangkan dan terbaik dan tapi kalau di Uninstal dan pas di instal kembali datanyaa hilang,5
makin lama makin berat aja ini game,3
tambah GK jelas game nya,5
"Sinyal dari dulu ga pernah dibenerin, ngerusak feel orang yang main",1
tolong di perbaiki di jaringannya,1
"Master League is dissappointed id I can give 0 star,I Will give it!!! Kembalikan master League yang zaman pes!!!!",1
top,5
loading nya lama bet,1
benerin dulu game nya konami,3
The referee is not working. Tackling the legs and not a foul is a big programming error. kokomi?,1
saya kasih bintang 3 dulu karena makin sini makin susah mau login juga harus ada file tambahan udah pakai wifi juga gak nambah tuh peresen nya stak 0,3
"SINYAL MENJADI MASALAH UTAMA, KAMI SEBAGAI PEMAIN, SANGAT-SANGAT KESAL DAN CAPEK KARENA MASALAH SINYAL, SEMOGA CEPAT DI PERBAIKI, AGAR KAMI SEBAGAI PEMAIN BISA MEMAINKAN GAME INI DENGAN TENANG, TUJUAN KAMI MAIN GAME INI ADALAH UNTUK MENGHIBUR DIRI DARI CAPEKNYA KERJA, MASALAH KELUARGA,DLL, BUKAN HIBURAN YANG KAMI DAPAT MALAH RASAH KESAL EMOSI, KARENA MASALAH SINYAL.",1
sinyal penuh tapi di game jelek,1
"MMK. Sistem gacha nya kayak asu. Percuma AE kumpulin lama lama, scam banget kmk",1
jangan sering update,5
udah main segitu banyaknya voucher segitu banyaknya ngak di kasih pemain bagus .. dikasih sampah mulu,1
bagus tapi kok ulang dari awal,3
"mau main PVP tiba tiba keluar sendiri abis itu kalah, padahal jaringan lancar lancar aja tadi",1
"game playnya makin lama makin aneh,kontrol bola ajo sering lepas",1
gamenya bagus banget kayak FIFA,5
game jelek GK bisa di unduh padahal dulu bisa kenapa sekarang GK bisa game jelek,1
keren,5
di tunggu Perbaruan Logo Klub Ke logo Klub Tahun Sekarang,5
"Terima kasih sudah membuat gamenya support gamepad, walaupun tombolnya tidak bisa di atur seperti larinya R2 (bukan R1) dan menunya tidak bisa pakai gamepad, tapi yah itu sudah sangat menyenangkan bisa main pake gamepad... saya harap kedepannya fitur gamepad lebih di perbaiki lagi semirip mungkin dengan yang di steam agar kami player sederhana bisa main pakai gamepad tanpa harus beli pc/laptop mahal 😁",5
"game nya bagus, grafiknya juga tinggi lebih mudah dimainkan daripada game sepak bola lainnya, cocok untuk yang hpnya HP game dan HP bagus, juga HP yang bisa untuk game berat",5
"kenapa harus 2 kali download sih, kenapa gak di jadiin satu aja kayak yang dulu kalo gini malah makin lama nunggunya",1
"game yg paling ga peduli sm komunitas, setiap update hari kamis gameplay berubah, ga jelas apa yg dibuff nerf tbtb player harus nyesuain tanpa ada clue apapun. masa liat penyesuaian gameplay tergantung konamex lg jual pemain apa?",1
"game hama,kenapa harus ada update ""pengunduhan selesai"" jadi akun gua yang blm di tautin jadi ilang jink",1
tolong perbaiki lagi sistem laga masa setiap main ketemu lawannyang memanipulasi jaringan bikin ngelag sangat mengganggu saat bermain. #garispek,1
bagus sekali,5
konami mau kasih saran kalo ganti akun jangan di kasih limit dong please.......,1
ini game tambah menjengkelkan,1
"game setan banyak banget bug nya, jaringan bagus ngeleg 😭😭😭",1
GAMENYA JELEK BANYAK BUG SINYAL LANCAR MASIH NGELAG HAPUS AJA GAME LU,1
"kecewa wkwk lebih suka efootbal yang dulu,yang download langsung 2GB dari luar dari pada di dalem,gua udah 3x hapus download cuma gara' gamau jalan pas di download daleman nya,batre gua dari 45% sampe 10% sampe sekarang gabisa masuk-masuk,tadi udah 80% malah disuruh downlod ulang wkwk parah banget,kuota gua dari 14GB sampe 8GB",1
game konyol server busuk,1
keluarkan epic Ronaldo real madrid konamiiiiiii!,5
tombol tetapny dipakai delay,1
"begoooooo tooolooooonggg cookkk konamii di benariinnnn gua capek brooo cf nya, tolong di benarin finishing nya jelek kali dah depan mata gawang gak gol, toolooonggg dibenarin yang nendang Andy cole yang terbaru reting ovr nya 101 tolongg plss konamii pls banget, tolong di bacaaaaaa yaaa plllsss gua mohon banget sama luuuu konamiiiii",3
kontrol bermasalah lagi setelah update,2
sinyal tiba2 ngelag padahal bar 4,3
updet kali ini sangat kecewa terutama di jersiy timnas indonesia jadi ga mirip yang aslinya,1
Jaringan/servernya kacau bikin emosi kalo lagi push divisi. padahal posisi lagi menang tiba2 selesai laga malah jadi kalah. Padahal sinyal udah bagus hp udah support. gak ngerti lagi dah,2
"game bapuk, sinyal gapernah di perbaikin kalo main lag mulu kalah sama game game lain yang udah lebih maju, cuma fokus jualan wkwk",1
"Akun saya yg lama yg sudah ditautkan dgn google play dan konami id yg saya hapus kenapa tidak bisa login, padahal itu juga tertaut dgn google play",1
"sangat tidak memuaskan dengan adanya bug yang berkepanjangan, setiap update selalu ad bug yang merugikan pengguna, tolong diperbaiki bila game ini ingin menjadi yang terdepan",1
kecewa baget gw lawan bot legend selalu kena curang karena ada kejangalan harusnya offside ko selalu lolos offside bot legend nya dan terjadilah gol gitu aja trus selalu kena curang,1
"habis update malah makin buruk,gameplay sering lag,padahal buat main game lain kagak lag ama sekali, jaringan juga uda 5G kemaren sebelum update gameplay kagak pernah lag, tapi habis update buat main dikit² lag yg sering lag pas hampir ngegollin kan gk masuk akal,dikit² update tapi malah makin buruk bikin player malas main kalo kek gini terus",1
gem nya seru,5
"tolong lah jgn tiap bulan update terus, bikin leg jaringan, kapasitas memori menjadi full, buat aja 1 arah aja tanpa update mulu,, itupun main lawan yg sepadan sering leg jaringan, padahal jaringan ku bagus,, coba yg membuat ini game, tolong di evaluasi dulu, biar kami puas",1
"Game setelah update malah makin buruk kontrol gajelas, pemain kebanyakan bengong dikasih bola lepas sendiri, hadeuh konami makin bego ajh",1
Bagus tapi ada 1 diperbaiki kalau baru download masuk nya jangan terlalu ngelag,5
"game sangat jelek, terlalu kikir terhadap akun id assa, izin uninstall🙏",1
"tolong perbaiki jaringan, masa main game lain ga lag, cuman efootball doang ngelag, fps jg udh rata kanan ttp ngelag",1
skemmm iklan,1
sange sama konami,5
loginnya ribet banget mana banyak errornya lagi dasar game rusakk,1
"semoga di baca, lumayan menguras tenaga & mental juga, kalo udah poin 1900+ , kalo menang kita naik rating 9 , kalo kalah biaa sampe 35 , kalo pake sistem bintang enak, lebih adil, tapi ga mukin konami dengerin user",5
"serba delay, serba lambat.!",1
game kikir kikir,1
"ini game pas pvp, delay2 tembakan nya, passing nya, sama satu lagi, balikin Sprint master league gue, Bru peringkat 1 nih dari 3 musim",4
"KONAMI TOLONG BUAT WASIT LEBIH ADIL. PELANGGARAN SAMA TAPI TINDAKAN WASITNYA SANGAT BERBEDA. SISTEM MEMBAYANGI SETELAH UPDATE KAMIS 16 APRIL 2026 JUGA JADI ANEH. KAMI BUKAN MAHORAGA!!!. BUAT PERMAINAN LEBIH IMBANG, TIDAK HANYA UNTUK PVP TAPI PVAI JUGA. TERUTAMA SISTEM NERF SAAT PEMAIN MENGGUNAKAN FORMASI YANG SAMA TERUS MENERUS.",4
tolong dibenahi masalah pilihan tim utama berubah jadi tim dan bendera lain pada saat memasuki laga.dan tidak bisa dikembalikan ke tim semula,3
lumayan penghilang gabut,5
ini game kok susah amat kontrolnya,3
game bagus,5
bukannya bagus habis update malah banyak bugnya,5
"script konami 80%, game bola terburuk di balut grafik yg baik, dan membosankan.",1
"makin ga jelas ni efootball, 900 koin masa iya ga dapat pemain legenda, sudah habis 1.000 lebih juga ga dapat juga,, uninstall aplikasi ini....",1
bagus tapi klo donlod lama,5
udah di update malah GK bisa maen,2
game nggk jelas setiap pembaruan ada aja masalah lag lah apa lah game top up mahal tolong lah game top up mahal Setidaknya bagusin dulu di game soal divisi,1
tolong admin efootball hadiah iklan tidak bisa di ambil ini Tolong bantu id saya,5
"many scripts, bad game‼️",1
super bad game bad signal bad in everything 👎 👎 👎 👎 👎 👎,1
"analognya kacau ,masa iya ga di perbaiki",3
game dajjal kasih lawan ga seimbang banyak yang pke script pokonya gajelas mending di hapuss ajaaa,1
karena lama login nya,2
aku gak bisa main Mulu gak jelas gak bisa masuk Mulu,1
eto'o plis,4
"makin kesinih... setiap ada update dan free perekrutan atau pun berbayar, meskipun sudah login setiap hari dan bermain... pemain bintang di perekrutan itu bagi saya hanyalah PORMALITAS PAJANGAN... karena gapernah dapet. nihil...",5
sangat bagus,5
semuanya sudah bagus tapi tolong buat bisa offline kalo sudah bisa offline saya kasih bintang 5,3
"banyak script, maksa jaringan bagus anj",1
gamenya good game banget,5
"makin sulit dikontrol, pemain kayak lemes . makin aneh",1
Konami benerin data nya lagi gw ngestack di pengunduhan data,1
game nya kaku apaan defend bya suka kolong mulu jadi gampang banget ke counter ama musuh. saran defend di bagusin dah masa defend nya selalu kolong mulu sama musuh nya game gjls,1
SAMPAH KONAMI,1
gimana sih kok login akun salah pw Mulu padahal udah di ganti sama stack di 0,1
fake master league make fans disapointed and very mad,1
gmn mau login aja gbsa menginstal data mulu,3
👍,5
"game lawak banyak bug, setiap pembaruan bukan nya benerin sistemnya malah jualan kartu!",1
kek biasa gemm kontolll,1
ini geme super mudah pemain standar pun malah lebih bagus skil nya,5
"knp tiba"" game ini ukuran game ny 300mb",5
enak sekali,5
"bayar pake qris koinnya ga masuk, gimana sih..",1
"Konami kami mohon,tolong buatkan game seperti efootball namun dengan tema game futsal karena di android jarang sekali game futsal,semoga di notice",5
saran reting turun di visi terlalu banyak gak sebanding dengan naiknya aneh ini game mau di hapus dh habis banyak,1
"setelah update 5.4.0 permainan terasa buruk pemain belakang gampang kehilangan bola, umpan menjadi buruk, membayangi sudah tidak efektif lagi, koneksi jaringan tidak membaik. goal dari lawan 80% bukan lagi dari taktik umpan dan strategi menyerang tapi dari kesalahan lini pertahanan walaupun tim kita tidak mengulur waktu, pemain lini belakang dipaksa untuk membuang bola jauh kedepan jadi membangun serangan dari belakang sudah tidak bisa lagi. tombol tidak responsive dan delay jaringan gak stabil",1
gamenya bagus keren tapi agak kurang tolong lawanya disusahin,5
"game terlalu pay to win, kalo ga gacha susah, stress",1
sangat bagus game ini,5
kita bayar mahal-mahal di Indonesia utk server sampah,1
"di update bukannya makin bagus malah makin rusak tiap abis update pasti ntah itu dari pemain nya atau sistem permainan game nya ganti kursor ganti perubahan oper, tembak, teckle yang penting malah makin delay dan ga sesuai yang di butuhkan!",1
game burik jaringan telkomsel aja masih lag patah²,2
semoga ada update jersey untuk semua club,5
akun saya hilang,1
"game pay to win gapeduli gameplay Lu sebagus apa yang menentukan dr rating pemain, semakin bagus rating pemain semakin enteng, dan dengan cara gatcha atau beli pemain dr toko bisa dapet pemain2 dengan rating ga ngotak , sedangkan player yang hanya mengandalkan bansos pemain jd berat bek sama kiper planga plongo, jadi bukan skil yg diutamakan disini tapi uang yg berbicara, semakin bnyak uang yg lu kasih ke Konami makin lancar lu main game ini . makanya gw kasih rating 1 , karena tidak seimbang .",5
"ok, baik",5
baik banget,5
bagusss,5
"sering log out padahal jaringan bagus,pas mau login langsung ngak bisa",1
jaringnya usahakan samakn degn game2 lainya yg sedang tren contohnya pke 2 jaringn data sama waifi supaya jringn bisa stabil,5
game busuk patah patah,1
Good,5
Ketika menyerang selalu leg,1
"tiap Minggu aupdute gak malah bagus malah tambah buruk ngelag""banget padahal seminggu sekali aupdute kecewa banget",1
bertahan jadi susah dan tiba–tiba ofside memang jangan didowload lagi ya game in,1
"Ini kenapa main jadi berat setelah update yaa konami 😭 mengoper bola doang ampe ada jedanya/delay, pergerakan pemain jadi lambat wkwkwk jadi males pushh wkwkwk",1
konami tolong kasih pemain epic dong masa gaca ampas trus ayo lah konami yang baik hati,5
seru dah pokonya,5
sangat bagus aplikasi nya terima kasih,5
grafik sangat 👎,1
pas saya sudah 89 loading nya eh malah turun dan pas sudah 90 dia stak diam gk berjalan lagi mendingan hapus ini mending donwload fifa aja dari pada ini soal banyak permasalahan,1
kok loadingnya lama bgt sih,3
Setelah update Konami jadi kikir 43x spin dapat basecard Mulu minimal kasih 1 epic lah.😡,2
wah gamenya bagus sekali. tapi sayangnya saya belum hoki dapet pemain² yg epic. atau bigtime. karna gak bisa gacha.,5
bagus banget loh grafiknya kaya asli club nya sama muka nya juga sama mulutnya bisa buka loh keknya Fc mobilenya gk bisa buka mulut gk sih,5
jaringan jelek selalu down Mohon pengaturan formasi sebelum main bikin kaya di ps sambil nunggu teman formasi kita bisa cek2 pemain kita tetapi kita udah ready...GAME JARINGAN CACAD,1
"lama banget benerin masalahnya, permohonan maaf gada guna",1
修正してください。多くの人がネットワークハックを使ってチート行為をしているのを容認できません。私はそれが好きではありません。また、他のアプリケーションで解決できるのに、なぜPVPをプレイするたびにネットワークが切断されるのでしょうか？ 修理についてはご連絡ください,1
game bagus dan wartid untuk kalian main kan,5
"game jelek di update bukanya makin bagus malah makin hancur. game play jadi berantakan pemain di gerakin berat , tombol tidak bisa di pencet, !!!!!!!!!",1
sehabis di instal kenapa tidak bisa dibuka?,1
dadar permainan ngelag,1
Game kontol,1
game apa ini gak ada skill di tombol gak kayak FC mobile 😒,1
game burik sinyal eror Mulu game ga becus,1
"game banyak bug, banyak setting script konami cukup menganggu pengalaman bermain dan sengaja membuat kalah, umpan yang aneh dan skenario bertahan yang tak masuk akal yang sudah di setting sistem sehingga harus kalah cukup meresahkan",1
perbaiki gameplay nya,5
3 kli donlod file dalam game hbis 7 giga stuck mulu mulai lagi dari awal donlod nya lama lama abis data cuma buat donlod menu nya doang hbis update kek kntol,1
bangke konami habis duit buat gacha kaya ta..,1
kaya game beta,1
bismillah ksih akunku hoki sekalii aja,5
"game nya udah bagus, udah ada lisensi timnas juga tapi kapan ada tim super league nya konami",5
game bikin stress,1
game bola di hp yang paling enak dah,5
game kikir,1
setelah pembaruan gameplay makin berat gak jelas sama sekali game sampah uninstal aja,1
GAME K 0 N T 0 L GAME NYA SKIRP NYA BANYAK 4 N J 1 N G,1
"belum juga di perbaiki membayangi yg gak berfungsi, dahlah capek dengan ini game sebaiknya di uninstall aja",1
Good job Konami,5
mohon maaf dengan hormat kepada pihak efootball tolong tambahkan fitur buat kasih pemain ke akun lain,5
"Tolong update lagi untuk tim manager,sekelas michael carrick tidak ada fotonya bagian dari king itu min",3
"setelah ada update an kemarin gameplay jadi anehhh.....tiap ngeshoot tiang muluuu,lawan udah di press sedemikian rupa malah begitu mudahnya lolos dan tiap shoot berbuah goal",1
kalo ukuran nya terpisah jadi saya begitu lama mendownload nya parah banget,1
mau upgrade susah gagal terus makin kesini makin jelek,1
baru juga download tapi gak bisa masuk mentok loading nol persen udah ke download datanya setengah malah ulang dari nol persen jir habis habisin kuota,1
"perbaiki kontrolnya habis update kok berat banget, kiper musuh jago banget kiper kita bola mudah cuma dilihat kan jadi pengen ngomong kasar,",1
game terburuk yang pernah ada di playstore. saya sudah main game ini lebih dari 5 tahun tapi tidak ada peningkatan dari segi gameplay PvP. selalu Lag dan Delay. yang mau buang duit di game ini mikir² dulu karena ga worth it.,1
karena game ini saya suka,5
"I would like to request the return of Career/Master League mode in eFootball. It would be great to have a full career experience where players can manage a club, play long seasons, and compete in domestic and international competitions. This would make the game more complete alongside the Dream Team mode. I hope this feature will be considered in future updates.🙏🏻🙏🏻",1
Stres main game ini apalagi sedang liga divisi. Jaringan Delay. Padahal Bar waktu mau masuk game full,1
makasih,5
biasa aja,5
"sangat sulit mendapatkan Ronaldo, KONAMI PAYAHHH!!!!!",1
"sejago apapun lu main di game ini skill nomor 100, lu top up pemain lu bagus lu bakal menang. game bertema sport yg notaben nya mengusung fairplay gak berlaku anying, di game ini keadilan gak ada",2
game rusak efootball (errorfootball).online match dari dulu tetap buruk pay to win,1
server gajelas kadang ga bisa login cuih,2
game game ini kayak babi,5
"tidak bisa tukar points ""game linkking eror""",1
"tolong server nya di perbaiki, masa udah menang 4-0 tiba-tiba kalah , padahal jaringan bagus bagus aja",1
sangat seru,5
bagus tapi sering diperbarui,5
grafiknya sangaaaaat Bagus tapi tidak ada liga Champions league nya...,5
"Game bola dengan optimalisasi tersampah dari Konami, mulai dari kontrol berat, pasing delay, on touch pas ngawur dan koneksi server yang selalu lambat, padahal wifi/seluler yang dipakai memiliki kecepatan stabil. Emang game ini Uda mati di jamannya PES ditutup paksa, eFootball ini emang terlalu sampah buat dibandingin dengan PES, apalagi PES 2020 yang saat itu memiliki optimalisasi dan pergerakan pemain terbaik di zamannya, bahkan ngalahin pesaing kalian FIFA the cartoon football",1
lama banget loading nya,1
game tolol,1
"gak pernah di kasih pemain gratisan bagus,.. masa iya gw harus beli Mulu. main dengan 5 pemain epc itu juga beli 3 pemain, cuma mentok di itu itu aja. sorry ye gw di suruh beli lagi. game ini cuma buat orang berduit",3
games Sampah... full script apa gunanya rating kalo tidak ada pengaruh bener2 Games sampah,1
"sering ngelag masalah jaringan,, tolong developer perbaiki lagi masalah jaringan... dan sayang sekali banyak yang mengeluh karena tidak support oleh hp yg chipset nya dibawah helio g99:(",1
Game kontolll,1
game berat bngt lawak,1
apdet teruss tapi apdetan kali ini jelek bangettt pokoknya apdetan gemply nya jelek kek taii. kontrol bola jadi GK jelasss,1
"game nya keren,konaminya baik selalu kasih free gacha buat playernya doa terbaik untuk Konami love you 🥳",5
"game rusak, setiap lawan musuh pake SA pemain saya jadi kaya bot, bola tinggal ambil tiba"" bablas kelewat, passing jadi delay, game rusak emang",1
"Dribbling malah makin berat padahal dulu udah enak. Katanya update bakalan buff dribbling, eh in gamenya malah jadi berat bahkan pemain sekelas hazard neymar juga dribblingnya jadi lebih berat daripada efootball versi sebelumnya",1
Sampah,5
- APAKAH GAME INI LAYAK DIMAINKAN? PASTINYA TIDAK - APAKAH GAME INI SAMPAH? SANGAT SAMPAH - APAKAH GAME INI BANGKE? SANGAT BANGKE - APAKAH GAME INI BAGUS? TENTU TIDAK,1
when ya dapat epic 1 kali spin,5
Game terbaik.,5
kasih kartu legend,5
gg gaming,5
semakin lama semakin ngontolin gamenya,5
game aneh,1
setelah update makin konyol. shoot tepat didepan kotak penalti tidak mengarah ke gawang atau samping gawang malah melenceng ke arah lemparan kedalam (sisi hakim garis) 4x saya kejadian seperti itu,1
server makin buruk,1
game kikir pelit banget udah susah payah ngumpulin koin buat gaca ehhh.. gak di kasih udah sering banget aku ngumpulin koin trus buat gaca gak di kasih,3
"game sistem GK jelas, seperti sudah di atur ,back bsnyak",1
"Gila , update 2.5gb , download setiap udh 50% balik ke awal begitu terus , tapi kuota habis , ngaco sekali ,chibay.",1
"tolong dong buat yg suka maen sledingan, kalo di sleding dari belakang tuh pelanggaran apelagi di dlm kotak pinalti.. di mane² juga kalo di sleding dari belakang pasti pelanggaran gak mungkin kaga.. kecuali jelas kena bola, sama bagi pemain epic min, stiap gatca susah bgt, makasih",5
game apaan ajig kontrol kadang ga bisa di pencet kocakkk sekali update gede banget,1
"Mohon buat game ini beralih kedalam game offline dan juga mohon perbaiki control pada game serta perbaiki juga teknis game ini buat lah game tersebut menjadi sedikit menguras data, dan banyak update tapi tak ada perubahan yang signifikan.",1
game nya lama buat loginya mending jangan di download,1
"tolong kalo pencarian divisi sesuaikan, ini div 4 ketemu div 1 sat",1
makin sini makin huh hah haha,1
update baru bukannya bagus malah ngga bisa drible buat apa beli pemain epic kocak,1
"setelah diupdate malah semakin aneh, pemain plonga plongo dan jaringan makin bermasalah. tiba2 gagal login dan jadi kalah saat main.",2
untuk liga efootball vs ai. kenapa disaat kita kalah turun 32 poin. seri turun 5 poin. pas kita menang cuma naik 18 poin. sehat kah wahai developer..,1
kalo main sama teman Ngelag min,3
game rusak pay to win,1
ini kenapa seringkali terjadi keluar sendiri kalo login gak bisa padahal jaringan nya bagus tolong di perbaiki lagi demi kenyamanan pemain🙏,1
mntap,5
saya tidak bisa masuk karna ngestuck di loading setelah saya download,1
lag,1
Updte ini asli parah jaringan lag parah,1
kasihhh komentator Bahas Indonesia dongg bng biarr tambah serius mainnnya☺️,5
lama mengunduh mulu gjls udh 70 kembali ke 50,1
sudah susah main setelah update main gak enak lagi pemain kadang diem... sudah langganan divisi 1 eh sekarang malas main permainan main buruk...,1
"gak pernah dapat pemain bagus,gmn mau menang di kasih lawan level nya lebih tinggi trus. cuma bisa login trus log out.",2
sangat tidak adil dalam divisi,1
apakah game doang bagus abis update yg di update apa kali defense makin kurang bener sekali nya maju pada ga pengen balik kek sengaja aja pengen diaduin 1v1 Ama kiper begini ga jelas lah besok kalo update lagi lebih diperhatikan buat bagian defense nya jangan kontrol bola doang dilengketin,2
"minta tolong di perbaiki gamenya, pada saat saya main lawan AI, itu lemot, padahal wifi jaringan nya aman dan semua apps itu lancar, terus lemot nya itu mendadak pada saat musuh counter dan melakukan control permainan dan juga ada masalah GK, setiap peluang selalu kebobolan dari kotak penalti, corner kick, hingga luar kotak penalti yang tidak begitu masuk akal tendangan nya. jadi minta tolong di perbaiki lagi. Terima kasih",2
"Saya sudah 4tahun main e football, tolong developer di perbaiki lagi, semenjak update kali ini Game semakin nga jelas, oper tidak akurat, oper lambat, semakin susah di mainkan, tolong di perbaiki lagi, terima kasih",1
game terbaik walaupun emosi sering rungkad gacha wkwk,5
game gak jelas eror mulu,1
server sinyal error terus,1
apansi gabisa main pake wifi,1
enak banget,5
"GAME KNTLLLL, JARINGAN BAGUSS TAPI NGELAGGG BLOKKK",1
Mantap,1
sangatt menari di game ini,4
game konyol membosankan liga nya itu itu aja,1
master league jelek,1
GAME TOLOL ISINYA SMART ASSIST DOANGG,1
"untuk yang belum saya hanya akan menberi tahu bahwa ini bukan game yang adil, kemenangan tidak di tentukan oleh skil tapi oleh kartu jika kalian tidak punya kartu evic kalian tidak akan pernah menang main game ini, ini adalah game gacha yang berkedok permainan bola jadi jangan mudah ketiph",1
sangat seru,4
game dengan kualitas server terburuk yg pernah saya mainnkan,1
p vs p dihapus aja smart asisnya klok main online jaringannya dibetulin sekalian klok update jangan pemain aja yg mahal,1
bug setiap kehilangan bola pemain menjadi linglung tolong diperbaiki secepatnya!!!,1
pengunduhan di dalam game nya lama banget padahal jaringan bagus EMG kayaknya pada dasar ny game buruk jelek aja ini,1
"abdate sekarang,💸💸 lebih penting😁😁",5
game kacau. memihak Barcelona,5
semakin banyak yang main di games ini semakin rusak. jujur nyesel banget dah download dan top up di games ini. boleh di bilang ini games rusak,1
"selalu dapat isu jaringan, game bagus banyak bug, banyak script, gajelas. benerin dulu game lu, baru cari lisensi. lisensi gaada, gameplay jelek",1
tolong tambahin liga baru lagi dong kayak master league atau become a legend biar seru.,5
"the most L update, the defender like snail, so slow and no brain like Konami🥀🥀",1
"semenjak ada fitur Smart Asist permainan di peringkat divisi PvP tidak menyenangkan, sudah tidak murni PvP",5
update mingguan pasti aja ada unduh data stadion ampe bosen gua,3
"Pvp apalagi turnamen selalu patah² dan ngelag,,setiap maintenance tak pernah beres.....",1
tolonglah Konami asal aku push divisi 3 knp arus dikasih lawan divisi satu terus menerus kan gak lucu cok tambah lg lini belakang tim ku planga plongo asal pus divisi padahal msh divisi 3 di tambah lawan divisi satu 🤣🤣🤣,1
tolong adakan fitur report 🙏,4
"Ini yang di namakan GAME ELIT SERVER SULIT, SERVER TIAP MAIN PVP SELALU BIKIN LAG PADAHAL JARINGAN UDAH PAKAI WIFI DAN DATA YANG LUMAYAN KENCENG, RESPO PEMAIN LAMBAT TIAP MAU UMPAN. AL HASIL BOLA SELAU DI REBUT TIM LAWAN, UMPAN KADANG JUGA NGACO. UPDATE MULU TAPI SERVER GAK SELALU ADA PERBAIKAN. GAME APA INI BIKIN KESEL PEMAIN AJA. LAWAK KONAMI",1
update mulu pas ke unistal malah ilang data² yang dulu punya ten parag efotbal,5
ga ad foto Ronaldo g download,1
"Tolong di perbaiki lagi masalah jaringan, setelah update makin parah masalah jaringan padahal bagus jaringan nya",5
hate this update,1
game yang sangat tidak berguna,1
Semoga hoki,3
mana club liga Indonesia full pemain nya Persija Jakarta Bali united dewa united kok adanya Persib Bandung doang,3
sunguh luar biasa game yg sa cari selama ini,5
game ini seru,5
tinggal bug²nya,5
bgus,5
game nya baguss,5
Karena gem efootball kalo mau di download harus izin dari orang tua perbaiki lagi,1
payah konami gak pernah keluarkan kartu epic/big time ronaldo,1
SUDAH KASIH BINTANG 5 SEMOGA BISA DAPET GACHA GRATISAN HOKI,5
MAKIN KESINI MAKIN LEMOT PARAH!! HP UDEH SPEK GEDE MALAH TAMBAH LEMOT!!,2
"ini sangat bagusssssssssssssss, ada tapinya",5
"koneksi lawan yang jelek jadi kita telat bereaksi meskipun sinyal kuat, segera perbaiki ini. batasi pemain jika koneksi mereka jelek. hal ini merugikan saat PvP",1
oke,5
"setiap kali saya update selalu tertunda di tengah jalan,kouta saya habis untuk ngulang"" update nya",1
"skrip nya ga ngotak,gawang ga ada kiper nya tetep ga masuk mlh kena tiang pdhl jarak dkt bngt,gameplay aneh passing ga sampe trs mending ga ush di update",1
"Hadeeeh,,,efootball,efootball.jadi males Buka2 apk efootball Masa tiga bulan pisan gak dapet pemain EPIC,,parah.sampe di Cengin gw sama temen karna gak dapet2 pemain Epic.... Jadi Males Buka2 efootball.",5
Gameplay menyenangkan,5
"Masalah terkait Google Play masih belum teratasi. Saya mencoba melakukan cloning pada aplikasi ini, namun aplikasi tidak dapat dijalankan karena sistem meminta unduh ulang data. Proses pengunduhan tersebut wajib melalui Google Play Store; jika tidak, aplikasi versi klon tersebut tetap tidak bisa digunakan.",1
"game delay lolot, divend bobrok gampang kebobolan, pasing nya lama",3
gamenya bagus,5
gak da bio nyet,5
game sampahhhhhhhhh,1
"Ngelag Mulu, tiba² kebobol!!!!",1
"tolong hapus smart asis, jadi malas mainnya",1
tolong dong untuk permainan liga nya di update ada liga indonesia sama liga asean,5
"untuk kontrol pad virtual kenapa sistem menekan dan membayangi dipisah? padahal di kontrol sentuh jentik bisa disatukan dengan menggerakan analog, kenapa tidak diaamakan agar lebih efiaien tampa harus pindah pindah jari kanan",1
"saya user efootball udh bbrpa thun ini, dan ad even terbaru 2026 ini yg nma nya sprint master league, ini hal bagus, tpi klo bisa di permanan kan saja master league nya , tpi dgn catatan, stiap game nya bisa di kendalikan user nya jgn di skip , untuk jual beli pemain , stamina dan cidera udh bgus , saya sbagai user efootball meminta ke pihak efootball untuk permanen kan master league",5
tambahkan fitur lepas tautan google play,3
"heran banget selalu ada perayaan buat pencapaian jutaan download,tapi server ga di upgrade selalu penuh jadi down crash dan lag",1
Abis di update kok malah gabisa masuk langsung terhenti🤨kecewa gua🤨,5
berat dan lag,2
"woy, ini kenapa hadiah makin lama makin kikir ya",1
gamenya kok aneh ya saya udah masuk divisi 4 menang 1 laga lagi ke divisi 3 tapi tiba² hilang menjadi ke divisi 9 emang taik game ini,1
"kalian hanya fokus menjual kartu dan gacha, dari segi fitur dan event sangat membosankan dan karena itulah saya sudah berhenti memainkan game ini, rindu sekali dengan versi PES",1
game lol,2
"Anjirlah, iya si selalu ngasih pemain bansos yang bagus, tapi gak dapet aku, aku mau tautkan data gak bisa, sinyal lag terus, yang paling parah tu kena script konami, beh kesel banget tolonglah diperbaiki game ini",1
konami saya berharap master league sprint di permanenkan karna saya sangat suka memainkanya.saya sangat sedih🥲 event itu di hapus,2
game bola yg paling mengecewakan. udah kontrol susah. blum LG ada org2 pake script msih aja gak ada tindakan. banyakin campaign buat pay to win TPI gameplay msih busuk Mulu dr dlu,1
makin kesini makin kesitu setelah di main kan ko mala tambah berat ini game padahal sudah pake grafik rendah tp malah berat ajah,2
gem ya bagus dan gerapikya sudah bagus,5
kok loading nya stuck Mulu 0% tolong,2
"jaringan stabil tapi game tiba"" keluar (laga pvp), tolong perbaiki lagilah",3
"saya kalah terus main game ini, kayak di seting menang kalah nya bikin kesal aja",1
game ga jelas semenjak serverr,1
gak bisa dowload data makin kesini makin gak jelas,2
"dah main vs PVp jaringan lemot, di kasih lawan yg selalu diatas levenya Tiap Minggu selalu Update dan waktunya lama game parah......... jaringan Bagus percuma tiap mingguan update kalau server lol vs pvp slalu lag kasihan yg suka topup main gak enjoy",1
"permainan bola Ter bagus menurut saya, ga kaku hd pula and kaya asli semoga kedepannya ada vitur pertandingan cup bukan cuma liga",5
"gem paling bodo, saya dah masukan password yang benar suda tapi salah jugak",1
"jangan nambah fitur doang, sistem di update juga. enak"" main tiba"" keluar ga jelas",1
tolong dong ada liga indonesia nya biar lebih rame 🙏,5
kasi gue epik,5
bismillah hoki,5
kenapa di update sekarang saya tidak update lalu sy unisntal d download ulang lg stak terus data nya ga maju maju kesel sekali dengan update kali ini tidak bisa maen lagi,1
saya main dari tahun 2020 sampai sekarang belum pernah hoki,5
aplikasi sampah,1
"Makin di Update (16-04-2026) bukannya makin enak, malah gameplay berantakan.. gak jelas. ganti kursor malah ganti ke org yg jauh, jd pertahanan kebuka, bek kalah duel sama penyerang.. kiper jadi makin bloon. dah lah game rusak, cuma nyari duit aja bisa nya",1
bagus tapi haruss donload file nya dulu 02.gb untuk nge donload cukup 1 hari,5
ini game harus pakai top up kl pengen dapat pemain bagus...jgn harap kl hanya nabung lalu gacha dapt pemain bagus paling jg yg dpt ampas,1
Game nya seru bangettt tapi di timnas indonesia nya gak ada justin hubner,4
mencoba mendonatur game,5
"Kontrol permainan skrg udh aneh, sulit untuk diatur, banyak gerakan tambahan, kalau main pvp pasti ngelag aneh",1
"sangat buruk, kadang di in game tiba - tiba keluar",1
"apaan udah di atur grafik terendah masih aja delay, tolong lah, apa lagi saat laga cepat Mana pemain defend kek bapuk, percuma di update wkwkw",1
"game gak jelas, setiap maintenance malah tambah jelek game play nya",1
Saya ingin sekali bermain game ini,5
"tambahin donk liga champion,master league minimal biar kaya Playstation jadi makin seruu mainnya",3
min kenapa ini stack di logo ya padahal bukan clone gue aneh bangee,1
"Gameplay makin sulit setelah update, back yang stats bagus tekel nya kaki, pemain gw gampang direbut dan malah animasi kedongsok",3
buat kalian Yang mau pemain bagus gratisan jangan harap bisa dapat pemain cuma nonton iklan.. konami scam embel embel pemain gratis tapi dapet cuma dapat zonk,1
I know that your script is true and thats real i see your player are zero body strength,1
semenjak update permainan jadi berat dan kontrol nya pun agak tidak enak,2
master league berakhir gajls banget,1
game nya keren dan hd sekali,5
"cukup bintang 1 yg menjelaskannya. masalah gw selalu saja di divisi, gw udh main bagus tpi ketikan saya dapat peluang selalu gagal padahal tendangannya sdh presisi. scrip bgst memang, jaringan sering hilang padahal pakai wifi. dan pemberian lawan yang gak ngotak, masa squad potw di kasih full epic gatcha? apa""an itu. okelah gak masalah yang penting jangan berpihak pada musuh dengan scrip bgst ituu!",1
sejak update jadi jelek banget nih game,1
bagus sih,5
"Semakin diperbarui semakin burik, padahal sinyal bagus tapi main nya lemot patah patah!! Tolong diperbarui seharusnya makin bagus, bukan makin burikkk tolol!!!!",2
Konami gajelas dari semua event yang gratis gaada satupun pemain yang dapat!!!!! buat apaa ada gacha gratis kalo ujungnya ga dapet mah 45uuuuuuu!!!!!!,3
game gaje,4
"semoga ada liga indonesia saya mau ada tim persija, semoga daftar taktik permainan jadi bisa tambah slot, semoga ada daftar nama pemain yg mencetak gol di akhir pertandingan, semoga ada pemain cadangan di bench. Tolong juga di adain lagi event yg buat dapat token poin pengalaman. please dibaca tolong buatkan data taktik permainan agar bisa ditambah slotnya",5
lama banget download data tambahan nya udh mau selesai malah ulang🫵🥲,2
"tolong nonton iklan, iklan nya jgn jodol dong iklanya",1
hadiah makin sulit didapat bagi bukan influncer😅,1
wasit nya benerin kena tekel gak pelanggaran kita body di kasi peringatan,4
pes menyebalkan.. permainannya ga seru👎,2
"1. hilangkan saran, sering muncul saran di layar membuat tidak fokus saat bermain!!🔥🔥🔥 2. adakan pinalty kick 3. adakan di friendlymatch unsur AI vs AI",1
"game anjing, bek lemot planga plongo",1
aku akan main,5
"gabisa login co,ribet ni skrg konami update nya malah gbs login,tolong perbaiki lagi aku kasi rate 5 biar ke up atas",5
nice game,5
update mulu,1
i need dmf anchorman showtime konami,5
Game nya bagus tapi wasit nya tolong di seting yg baik😡😡,5
bagus,1
ini game nya bagus tapi turunin mb nya,5
mb nya udah kecil gak kaya dulu,4
waktu offside bola blum kena pemain tapi sudah offside duluan harus di perbaiki lagi untuk admin tolong tambah kan liga saya piala dunia atau ucl biar semakin seru dan banyak yg bermain game ini terimakasih:) hehehe,4
lumayan gme nya,5
ga pernah hoki☝,5
pelit,1
game TAEKK COK,1
game ga jelas,1
setiap main online sinyal kurang stabil terus pada hal menggunakan wifi semoga efootball bisa cari solusi mengenai ini,3
"kenapa jadi sering lag dah,sama sekarang gak bisa 60fps suka frame drop padahal main liga efootball doang,dulu lancar,dan sekarang pas download lagi malah serba drop frame sama hp jadi gampang panas",1
35 kali gacha pemain ampas semua,2
"bisa dikatakan game ini cukup buruk bagi yang ingin sekedar mencari kesenangan, pertama gameplay selalu berubah ubah setiap adanya update yang mengharuskan kita secara terus menerus top up agar gameplay kita sesuai dengan kemauan konami. kedua seringkali statistik yang dijanjikan secara tertulis kepada pemain yang tercantum tidak sesuai saat main. ketiga tolong dibenarkan terkait reflek first touch nya soalnya terkadang agak lambat dan sangat mudah direbut kembali setelah pemain mendapat bola",1
stuck loading 0% terus njir lahh,1
bagus bnget sangat luas pokonya,5
sangat bgs 😊,5
"di versi sekarang 10.4.0 gameplay nya sangat aneh sekali, saya harap konami harus memperbaikin ini lagi. Menjadi berat untuk gamrplay nya untuk saat ini",1
dah gak bagus malah ikut ikutan aplikasi lain download data terpisah,2
"tolong la bagi kami pemaain epik,kami beli percuma tiada dapat rugi kami...",4
makin update makin gajelas defense malah ancur masalah jaringan gak pernah diperbaiki udah jelas ping jaringan bagus d gameplay ny malah patah²,1
kok jadi banyak iklannya ini lewat wooyyy,1
"Gamenya udah bagus. Tapi menurut saya masih ada kurangnya. Mungkin jika bisa membeli pemain dari akun orang lain dengan harga yang di tentukan pemain yg menjual pasti akan lebih seru dan pemain tidak akan terjual sia sia, seperti kalo kita dapat etoo ovr 102, tapi kita dapat lagi etoo 105 gimana dong yang etoo 102? ya kan enaknya di jual aja ke player lain di harga berapa cp gitu",4
semakin update semakin jelek ni game,1
udah mendingan gampley nya,5
"plis lahh script nya gausah gila mau ngepush divisi lawannya berat, bek dibikin plongo, ga ada presing sama sekali, lari juga kek lambat, lawan gampang comeback. tolong lah yang bener",2
"Grafis bagus, hanya kurang lisensi klub aja",5
jadi susah masuk jing,1
Best of the best :),5
"game banyak script,gajelas game bagus tapi cheat masih merajarela dari jaman 2020 belum di fix",1
lumayan bagus,3
"grafiknya bagus bangat, aku suka.",5
Baik,5
knp lama,5
oi konami akun pes gua knp dah ga ada tidak ad transfer data di bilang gimana ni balas dong komennya,4
tombol selalu delay,5
konami PELIT,1
"updatenya malah gameplaynya paling gak masuk akal, slow respon main kek di salju susah di kontrol kembaliin gameplay sebelumnya konami 😝😝",1
"aplikasi apa yang tidak bisa pakai aplikasi ganda bawaan , kalian terlalu KIKIR.",1
Update tai,5
Setiap kamis perbaikan malah jadi tambah rusak game bola satu ini developer mata duitan semoga cepat bangkrut ini game gua saranin kalian jangan main game ini karena game kikir rusak pemiliknya cuman mikirin uang,1
pelis kasi saya pemain epik di gacaan kali ini,5
server lu benerin cok! jualan kartu Mulu! tukang clone akun noh bersihin biar cuan tambah banyak sama ngga beratin server,1
terlalu susah tolol buat daftarin akunya ribet banget,1
"GAME APA KEK GINI JARINGAN BAGUS SERVER ANCUR PERBAIKI SERVER MU KONAMI, KALAU NGGA MAKIN BANAK YANG MALAS MAININ GAME LU",5
akun hilang,5
"saya tidak bisa mengunduh data pembaruan langsung setelah update di hari kamis 16 April, karena masalah komunikasi ke server efootball. Saya mohon untuk segera diperbaiki",1
bagus euy,5
game nya ok,5
tidak bisa download data stuck d 0%,1
the best,5
kalo buat gaca jangan di kasih yg jelek ya min,5
"game membosankan, main pvi gak masuk akal ianya, main pvp sinyal jelek, game busuk control arah gak jelas, ianya juga gak jelas",1
Server parah kartu kartunya monoton dan mahal. gak sebanding sama Game FIFA,1
"jika bermain pvp lawan pakai smart Assist pemain saya jadi bego semuanya, di umpan terobosan yang dimana lari mau ambil bola tiba2 berhenti sebentar lalu lanjut lari kan otomatis bola ga ke ambil, udahlah hapus aja smart Assist udah level kalah jauh ditambah musuh pake smart Assist jadi kacau balau gajelas gw doain sepi gada yang maen",1
"mau update ehh tau nya gagal terus, padahal tinggal dikit lagi selasai. aneh memang",2
"kenapa harus ada waktunya master league nya terus kenapa harus di mainin komputer pas laganya,,, seharusnya dimainkan sendiri terus nggak ada waktunya biar seru dan bisa main terus",4
"woy efootball tolong lah di perbaiki jaringan sama operannya,ini selalu oper lambat banget kaya panting dulu baru di oper, jaringan tolong banget di perbaiki.",1
Nerf defense SIALAN!!!,1
najis gem berat banyak anomalin ga cocok buat pemula,1
"game pelit, susah untuk dapat pemain kartu efic",5
"Untuk d kala android sih gme ini menurut sya sngt bgs,,,smga ke dpn nya bisa d update lgii,,update buat ad nma pemain d blkng punggung nya Itu aj sih sma wsit nya jga jgn wktu pelanggaran doang ad wst,,tambahin bisa ubah menit di versus teman biar seru,,ini cuman 6 mnit kyak gak kerasa main nya mohon konamii tambahin lah wktu nya untuk laga versus teman bikin wktu nya agak lama semisal 10 mnit atau 15 mnit,,,terima kasih",5
apasih tiap kali nonton iklan ko gak dapat pemain epic. dapatnya yang gak jelas semua. tolong dong konami. yang benar dikit.. ada iklan bikin pusing aja,2
tolong baut developer masih bayang yg pake data kecurangan yg menyebabkan leg.,1
Agak kecewa timnas indonesia Jerseynya udah jadi polos,4
kenapa batas transfer datanya di batasi cuma 10 gitu masak mau login akun yg 1nya nunggu tgl 1 ayo lah saya mau login akun yg satunya kasi dong..,2
"dulu suka bngt game ini tpi mkin diupdate mkin gjls,ngasi event tanggung"" cumn gacha epic jadi hangus",1
game kok Kebayakan update,2
ini kenapa saya top up ga masuk masuk,1
sprint master league sampah kaya kotoran👎👎👎,1
"The game is unclear, the signal is good, but the game play is like a robot. It would be a shame to update it every week if it's still minus like this.",1
game badjiengann,1
luar biasa,5
"Game ga jelas ga pernah imbang kalo main divisi dikasih susah terus, konamtod",1
mantab,5
"harusnya yang di perbarui itu mode joysticknya, dari segi permainan semuanya harus bisa pke joystick , tombol pngaturanya joystick juga di prbarui jangn tombol R2 buat lari.kbanyakan tu pake R1 ..jangan tanggung"" klo mau prbrui efotbbl jangn pelitt ?!!!!!",1
Banyak klub yg logonya ngak sama dengan yg asli dan baju nya jg begitu ngk sama tolong konami ubah dan sesuai kan biar lebih mantap dan update game sekarang knp susah untuk login mohon perbaikan nya,2
mengapa saya stuck di 64% saat pengunduhan data padahal saya pakai apk ori dan baru download. saya akan ubah menjadu bintang 5 jika saya sudah bisa login kembali ke akun saya.,1
tolong dong konami. buat kan control untuk pengguna game pad. contoh nya tombol oper sama ganti di pisah. buat tombol baru. makasih,4
baguus,5
"game aneh, pergerakan AI pemain epic sering kalah sama pemain biasa",1
"game sampah,delay gajelas mau pas berat minta ampun hama",1
"hapus sa min,soalnya berat bgt game nya klo musuh pake sa jdi nd nyaman main😁",1
semenjak updat stuck di 0%/100% udah berapa kali di coba udah hapus lah udah ini lah masi aja stuck,1
"nendang lama, ngumpan lama, lari lama,, FOUL HILANG MAIN TAWURAN AJA,, JANGAN JADI GAME BOLA,, PLING BNER MAIN PS DARI PADA INI GAME UPDATE MULU TPI GK ADA PERKEMBANGAN,, NYESEL UPDATE",1
"setelah update hari ini, kualitas match jauh menurun, sering patah patah.",1
"sering ngelag kalau jaringannya tidak stabil,tidak seperti game sebelah walau jaringannya lemah tetep aja lancar",3
"tolong kasi aku pemain epic aku udah pake kuain ku terus tapi belum dapat, 🙏🏼🙏🏼",5
The gameplay in this game has been very heavy since the big update yesterday,1
"kontrol bertahan ""membayangi"" jadi sulit karena menjadi manual",2
oi Konami knp gw enda pernah dapat lagi pemain epik..bngek sekali padahal udh bekali kali gaca,2
"developer hanya fokus di jual pemain epic, seminggu 2 kali keluar banner epic. sedangkan game sangat susah dimainkan, sering susah login dan keluar game sementara main.",1
sangatbagus sekali,5
game in seruh,4
👍👍👍👍👍,5
"Update terbaru memperburuk server, ditunggu perbaikannya",1
loading 7 hari,1
download ngestuck mulu nihh game ampass,1
game nya aneh ga bisa gerak,1
jelek ubdate kali ini defend di nerf susah ngakali gameplay ancur kalo gini trus saya pensi maen aj,1
"game ya udah bagus si tpi sayang pemain negara ya kurang,trs kalo bisa adain klub liga indonesiaa,",3
coba buat yg versi lite nya atau yg lebih ringan soalnya ini berat banget,3
game terbaiklah,5
semenjak update kemarin game terasa berat banget pdhal pake wifi jaringan stabil..,2
balikin kontrol gocekan kaya sebelumnya,1
permainanya sangat bagus,5
setalah update Kok rasa makin parah ya..,1
"TOLONG DONG EFOOTBALL JANGAN PILIKASI.. KARTU CRISRIANO RONALDO YG MUDA WAKTU GACOORR DI MU,, KENAPA GAK KELUAR... TOLONG DI PERBAIKI...",5
Konami scam gacha epic dapatnya standar card highlight lol,1
gameplay ampas bat setelah update,1
server ampas,1
gameplay di ubah ubah jancokkkkk,1
"mengClone Apk aja susah ribet, gameplay pun masih hancur hancuran",1
habis update malah sering ngelag terus padahal jaringan bagus,3
Dajjal anj nggak pernah menang epik gua dari season kemarin,1
apaan nih gabisa di loginin masa stak di 0% males bgt jadi main kalo kaya gini,2
terlalu besar updet nya,5
kalau dapet Gerrard aku kasih bintang 5,1
"epic nya mana bangsaaattt, kikir amat",1
makin ngaco,1
susah hoki akun gua konamtod ahhh lu mah,1
tolong tuh jaringan diperbaiki maseh,4
percuma dikasih undian gratis klo dpt ny ampas semua,1
kasi hoky min,5
"minimal kalo update an kasih pemain bagus ngapa, pelit amat, tolong kembangin pemainnya, udah 3x update ngehabisin 2gb lebih tapi pemain busuk semua",4
caranya,5
"pendapat aku saya kasih bintang 4, karena Jersi terbaru Timnas Kelme tidak ada di tim nasional",4
realistis,5
5bintang,5
kenapa sprint master league tidak berfungsi setelah pemeliharaan,3
"Developer yang terhormat, mohon perbaiki sinyal ya masa tiap pus divisi ngeleg Mulu padahal jaringan saya stabil bener, terimakasih",3
"tambahin master liga dong, dan Jangan Ada pemain yang sama ditim lain maupun tim sendiri",3
harus nya di liga Indonesia ada BRI super league ada Persija sama klub klub Indonesia nanti tolong di update lagi ya,5
"Game parah nggak bisa di update, malah kuota habis",1
Karena ada yg cheat sinyal jadi saya kurang suka tolong di perbaiki lagi ya🙏🙏🙏,1
good geme,5
baguss tapi sekali update butuh GB yang besar tapi bintang lima buat konami,5
kasi gw hoki eto'o Konami plissss,4
grafik nya keren banget,5
GAME BABY MALAH GAMEPLAY GA ENAK,1
game gila tai ngasih script gak ngotak,1
bagus,4
sinyal lelet apalagi tombol kadang ga bisa ditekan konyol... bahka kadang menang g ketulis malah lucu...,1
"when you low signal, who will lag and delay? yes you, when enemy low signal, who will lag and delay?? yess you tooo, idiiiiiooot game",1
game yang menarik dan seru.saran saya tambahin bonus pemain epic di divisi IA,5
"semenjak abdet 2,5 gb jadi lag parah padahal jaringan bagus gatau banyak yang chit gatau aplikasinya yang tolol",1
susah sekali dapat pemain legendaris,1
"game ngelag uda menang malah keluar sendiri padahal jaringan aman,main divisi sering patah patah update tiap minggu tapi makin ngelag yg ada",1
tolong ilangin liga malaysia gak kompetitif masa ada laga yang hilang terus laga vs JDT masa cuma 1 kali,1
apalah ngestak terus di 46 persen padahal jaringan lancar tolong jangan buat emosi orang ini game ya,3
game ampas masa setiap kali spin epic atau big time ngga pernah hoki. udah susah tabung koin sampe 3000an tapi ngga pernah di kasih,1
gem paling enak,5
"Mengecewakan,ko samoe sekarang saya punya nda bisa login ya masi stak di oengunduan selsai🙂",3
game burik dan gagal total,1
"saya beli coin efootball kenapa coinya ga masuk, sedangkan pembayaran sudah sukses",1
cihuy,5
"sejak update gabisa lagi login ke akun smurf clone an gw, stuck terus pas download, semoga diperbaiki",2
sangat bagus dan baik,5
"makin kesini ini game makin gak jelas udh update 2,4 GB udah main juga pas giliran keluar trus masuk lagi malah loading update lagi, tolong lah konami perbaiki jadi bikin para pengguna gak nyaman masak iya setiap buka harus update 2,4GB terus",1
"wajah character seperti negara"" atau club” kecil belum bisa di copy wajah nya kebanyakan kosong foto muka nya jadi kurang seru main nya",3
Malas akun saya setiap gacha ga pernah beruntung padahal udah pake sistem top up,1
"tutup aja dah game gini bikin stres, cepet bangkrut dh",1
game nya bagus banget suma update nya terlalu besar,4
apasi makin gajelas gerakan defender nya. makin alay lagi di senggol doang pelanggaran,3
"bagus banget wok, ngga kaku kaya game sebelah",5
"gamenya tiap Minggu update, tetapi tambah menyulitkan",1
"game bagus, sama event yg sprint master league seru, sama minta tolong buatin di mode liga saya kasih liga champions, eropa sama konferensi eropa, biar ada tantangan selain di liga yg dipilih",4
"AMPASSS!!!!!!!!!!! TAIIIIIIII, GAK PERNAH DAPET SPIN SKIN EPIC..!!!!",1
game nya gak jelas koneksi jaringan nya di hp bagus tapi saat main jadi lag dan banyak script dari konami pemainya jadi umpannya gak jelas kipernya jadi planga plongo pokoknya jelek,1
saya kasih bintang 2 karna konamtod sangat pelit gua se umur umur main efootbal tiap ghaca kartu epic blum pernah di kasih hoki aneh banget liat orang orang pada hoki sedangkan gua setiap spin dapat zonk terus kecewa buang buang koin doang buang buang waktu doang jadi males sekarang main efootbal karena blum pernah di kasih hoki sama sekali pelit banget najis,2
gem bola bagus,5
"Game Ini Haram JUDI, ketika anda gacca, di situlah anda berjudi",1
"game aneh nendang deket gawang depan banget malah ke atas, game jelek bikin game play jadi susah dimainin, ga bikin pemain f2p ga berjaya bodo",1
mantap game nya,4
"woi konami ini kenapa stuck download selesai, gua gak pake clone gua download di playstore ya anj kenapa gak bisa di login mbot",1
game play semakin sini semakin ngawur,1
game nya bagus. semoga tidak kikir,5
game kocak,1
menurut saya master legue permanenin min,5
"tolong master league nya drombak lagi, jangan hanya komputer yg main,dn untuk developer, tolong perhatian nya, kami sebagai pecinta efootball kami juga ingin memainkan d laga master league bukan hnya untuk komputer saja, sekianterimakasih 🙏",4
game pilikasi,1
"tidak bisa menonton iklan untuk mendapat hadiah, server kehabisan waktu",2
"saran untuk loginnya di perangkat lain supaya di permudah karna ribet jika ingin memindahkan akun ke perangkat lain, tolong tambahkan login Facebook,goggle dll",5
baguss banget saya kasih bintang 5,5
"bro konami, minimal jangan kikir lah kalo jadi developer, maksud gw niat ga sih ngasih bansos gitu. kalo ga niat mending jangan dikasih. top developer paling kikir elu sih kayanya",1
"udah update yang 2,7 giliran udah selesai muter"" malah ngulang lagi giliran saya update apl lain ga gini saya update genshin yang notabene lebih gede daripada update ini , ga jelas padahal udah berharap",2
nih gmna game nya out out Mulu maen berhenti2 Mulu payah tolong d perbaiki,2
"Setelah update versi terbaru KONAMI ,otak pemain epik dari kepala di pindahkan ke dengkul.... dari makan beras di kasih makanan B4bi seluruh pemain...Untuk apa ngeburu pemain Epik kalo sprint dan inisiatif kalah sama pemain standar... tambah lama tambah ngak jelas ini game....",1
seruuuu jujur seruuuu,4
Kontrol nya kok makin sulit ya,5
"Di pengunduhan file tambahan kok saya ngestuck di 0% yah padahal jaringan lancar dan ruang penyimpanan masih banyak,bagaimana ini konami?",3
perfect,5
pemain Ipik susah d dapat,5
"gimana nya ni MW login malah gabisa ganti akun, gak jelas banget makinan",1
main game makin males mau login muter-muter doang lama banget,1
"baik,dan sangat bAgusss",5
saya suka siii enak banget buat bantai temen hahah,5
Game yang sangat di sukai,5
tolanag ada liga Indonesia nya dong Konami biar nambah serua aja !!!!!!!!!!!,4
saya suka game ini grafik nya lumayan bagus dan menarik dan kalo gol selebrasi nya keren keren,5
saran adakan master liga,4
Kerennnnnn gw di kasi Hazar Big time Epik max rating 109 🔥🔥🔥😎,5
"tolong di perbaiki banyak cheat masak pertandingan udah menang tiba"" jaringan terputus padahal sinyal bagus udah beberapa kali nih di curangi,,,,game nya emang bagus tapi cheater nya banyak.udah di laporin tapi tidak ada tindakan,,,makin gak respek aja main divisi tolong di perbaiki konami",5
ni game seru buat gachannya terus gak terlalu kikir tapi kebanyakan update terus jaringannya lag banget lagi tapi ok lah,4
saya berharap untuk penambahan BRI super league Indonesia dan melengkapi lisensi lainnya.,4
konami pelit massa 900 koin gadapat epic nabung cape2 asem,5
update lama tapi game plane pemain jelekk,1
terlalu sering perbaikan.. pagi udah malah sore perbaikan lagi,3
gblg bisa gk sih klo down pake pake data tuh sekalian dikasih data nya jangan aplikasi nya aja,1
KEBANYAKAN MAINTENANCE SIANJING,1
"makin kesini semakin rusak nih game, update tan tolol, email bener sandi bener malah gak bisa loging kocak",1
Game Football terbaik,5
game rusak pemeliharan server terus dari pagi sampe sore,1
parah servernya .. maintenance gak kira2,3
mantaappss grafik baguss,4
maksud sya klo update ya sekalian 1x update jgn blng dalam 1 hri 2x update sekarang stengah 7 blm selesai,1
game busuk,1
"sehari 2 kali abdate sangat tidak suka,",1
game tolollll update jam 5 sore glublokkk game kikirr,1
pemeliharaan terus seminggu sekali padahal game nya bagus kurang kurangin lah min,1
"update nya kurang byk, seharusny sekali update 50 gb",1
"tiap saat pemeliharaan ganggu banget untuk main. kenapa waktunya gak pas, kalo mau update dll meskinya waktunya pas cukup 1x aja pemeliharaan itu jgn tiap saat kecewa",1
"kalo soal gameplay nya lumayan, tapi fiturnya gak lengkap. apalagi logo-logo klub, sama nama-nama klub. terutama logo real Madrid sama namanya lucu sekali.",1
"Semakin update semakin ngaco ini game. padahal dulu bagus, sekarang stamina makin cepat habis, dari kiper malah makin ga perform. terus kalau lagi pengaturan server lama banget. udah bisa main. eh pas main, malah pembaruan server lagi. kan dimana otaknya.",2
"kesel banget, satu hari ini, 2X maintenance",1
game apa nih,1
terlalu sering maintenance.... sangat ganggu,2
semakin tidak jelas game ini...!! sering ngeleg,2
cuh game gajelas update an tiap minggu setiap update makin lama durasi updatean nya wkwkw game aneh,1
terlalu banyak pembaharuan dan update mana habis update update lagi,1
game apa ini udah nabung buat dapat epic buat spin eh malahan cuma dapat pemain standar,2
jangan apdet terus lah Konami. makin memperburuk kualitas game nya..,1
"Tolong min itu jeda di persingkat udah mah ber jam2 jeda nya pembaharuan seminggu sekali lama pula tolong gercep jangan sampe jadi oenyakit itu jeda pembaharuan lama, sekali kontrak minimal 1 bulan lah...udah pemeliharaan lagi KONAMI KONAMI gak fropesional ngasih undian isinya jong semua kocak2.... 🤣🤣🤣🤣",1
Force close,4
game nya bagus tapi saya gasuka dikit2 selalu pembaruan bikin males👎,4
versi mobile jelek banget,1
gobl*ok soal update masih keliru terus lol!!,1
good luck,5
master league the Best.. saya sangat suka sejak ada master league nya permanen kan event .aster league nya dong🙏🙏🙏 bgus bngett,5
kebanyakan update,3
bang kok gw gacha ampas Mulu kasihlah satu mah pemain epic Awokwok,2
terlalu sering pemeliharaan sangat mengganggu dan mengurangi semangat bermain. saran saya jangan di unduh gamenya kalau tidak ingin menyesal. game buruk,1
tolong sprint master league di perpanjang seru soalnya bisa bikin tim semau kita dan punya opsi yang seru dikala sedang tidak mau bermain kompetitif dipajang pvp atau vs ai,1
Update paling ancur!!!!!!!gameplay makin ga jelas...bek gampang k tarik mau pke umpas 1 2 pasti bek lolos...pdahal udh udh gamplay enak yg kemarin...!!!!,1
patah patah padahal jaringan bagus,1
makin hari makin banyak pemain epic gratis yang bisa didapatkan tanpa harus mencapai divisi 1 salut buat Konami yang mau ngasih cuma cuma sekali lagi aku sarankan kalian download game ini karena tampilan nya makin bagus menurut ku permainan ini butuh kesabaran apalagi kalau kalah terus dalam laga pvp,5
GAME PALING BANYAK SKRIP SAMA KAYAK EM EL,1
bikinin bisa offline dari awal tanpa data di awal masuk gausah pakai Kouta dulu baru dimatiin nanti kalau bisa dari awal auto bintang lima makasih,3
habis update malah gak bisa masuk lagi ke game aneh emang,1
senang sekali bermain game ini,5
game sangat bagus,5
terimakasih untuk Efootball 🙏saya jadi orang penyabar,5
sangat bagus dn keren,5
"akun aku ga pernah hoki aj9, capek top up, enak kalian aja yg untung, sesekali hoki napa, game tolo1 ga guna, bikin duit abis aja",1
"game aneh makin kesini makin gajelas game play nya sinyal minimal 10g biar ngoper ga delay, revisi!!! biar game play nya enak jngan gajelas",1
"game sampah, mekanik saat main online sangat2 lambat dan delay, kebanyakan passing dpt di blok, game sampah.",1
signal tolong di perbaiki semua orng mengeluhkan nya punya uang tidak buat ngebenerin signal dipake otak nya jangan cuma pemain p2win diandelin mikir kalau di kritik jan diliatin doang,1
setelah update aliran bola lambat sekali .makin gx enak lagi main .kaya 🐽,1
jangan kasih event pemain gratis kalo engga mau di kasih pemainnya,1
makin ke sini update kaga jelas gemplay busuk🥵,1
"semua bagus grafik, tapi pas main tuh ada aj namanya scrip, ga jelas bikin orang mainnya stress hilangin ya min",3
gk dapat Eto o,1
game apaan nih ko gua habis update gabisa masuk2,1
efootball 2026 susah di login,1
tolong permanen kan sprint master league,5
"kenapa saya tidak bisa masuk,padahal udah update",1
cukup memuaskan,5
"game banyak scripnya malas main, tiba tiba pemain kiper diam sendiri terus gol, pemain lawan lebih diuntungkan dari segi jaringan padahal jaringan saya sudah bagus sekali, kalau ketemu musuh anomali pasti permainan patah patah. dahlah bikin emosi.",2
Efootball Game baik sekali kalian harus main sih ini game mantap,5
downlood file lama,1
min ko gua ngestuck 0 persen mulu dah dri kemarin,1
"game aneh, kondisi lagi menang malah dinyatakan kalah padahal jaringan lancar",1
update gede gedean pemain baru terus server gitu gitu aja sinya bagus main ngeleg,2
bagus tapi gb/mb nya kurangin,5
mantab tapi masih ada beberapa kekurangan,4
"game brokenn, kontrol jadi susah. event udah tidak seperti dulu lagi dan gameplay seperti FC MOBILE, TIDAK ADA KREATIF SAMA SEKALI👎👎👎👎👎",1
game bego game buruk,1
tolong hapus master league ngeleg bgt konami,1
"kontrolnya tambah susah dilay mulu ampun dah ini game ""makin gak bisa menghibur",1
Master liga jadikan menu utama aja bosquu,5
"Game tolol setiap kamis kenapa maintenance sih, pemain gua yg setiap hari jago malah drop gajelas, PERBAIKI KEMAMPUAN MENERIMA lahh dia yg Nerima bola gua yg di salahin tolol",1
"kenapa master league cuma jadi event aja bukan bagian dari menu di gamenya, kaya Playstation",1
tolong tambahkan liga Indonesia,4
gameplay berantakan semenjak update,1
ku harap kan game ini tolong dong ganti nama dengan nama misalnya Cristiano Ronaldo efootball atau Cristiano Ronaldo vs Leonel Messi efotball jika musim ini pasti seru banget pemain dahulu sebelum ganti club,5
sangat di sayangkan event master league di hilangkan,4
maaf saya kasih bintang 1 semenjak update gameplay nya terasa berat akibat adanya fitur baru efotball makin kesini gameplay nya tidak bagus beda dengan gameplay efotball sebelum nya,1
tolong agar game ini ada liga Champions nya,2
game bagus pokoknya download deh,5
seru banget,5
Tolong Tambakan LIGA Campion kaya Di LIGA saya ini Gamenya Kren Skali Lagi Bisahlah Di Tmbahkan LIGA Campion kaya Di tampilan Liga Saya Salam Untuk Developer ya,5
gamnya bagus grafiknya bagus tinggal baju timnasnya tolong ya di update,4
habis pembaruan malah gak bisa online.. hedeh,1
tolong sprint master league di pertahankan secara permanent. ini seru dimainkan saat santai,5
updet nya lama bangeet......,4
game sampah,5
Gacha 5.000coin gak dapet pemain big time,1
clone di benerin,1
download data kebanyakan kurang sedikit saja,1
gamenya bagus cuma kaya kesel aja update nya sampe berjam-jam,5
"harus Update Lagi Gameplay supaya lebih enak di mainin, klo bertahan dengan Gameplay kayak gini ,Entahlah ...😔",1
kelamaan mt nya dan sering mt juga. ml update ga pernah mt,1
Karena tidak semua hp bisa,1
server pemulihan terus baru aja nginstal dari kemaren ga bisa dibuka,2
ok. lebih baik kwalitas nya game ini drpd UEFA. ((sngaja gwa sebut merk)),5
grafiknya bagus,5
gak masalah lisensinya sedikit... tapi tolong lahh tolonggggggg jaringannnyaa min di perbaiki lagi... mau pake data seluler ataupun wiffi sama aja.. btw main pakek samsunga52 kalau di hp gak ada masalah tpi jaringan🙂,5
"pada jam 23.30 sampai 01.00 tidak dapat masuk server game, loading lama tidak selesai², untuk jam lainnya lancar",5
TOLONG BERI SAYA GRATIS EPIC!!! RONALDO NAZARIO!!!,5
jelek mending fc26,2
kl update jgan terus terusan bang kl bisa sebulan sekali,3
bagus baget,5
"keseringan update, tombol analog ny sering gak berfungsi, pemain bertahan gak jelas arah nya, jadi males mau main lama² gw un instal game nya",2
donlod suwe ram Yo yo,1
tambahin seragam baru donk masa gtu trus bosku,5
ini knpa sering di update klo udh di update gsme nya kmbali lgi ke awal gajelaa,2
baru beres download malah maintenance,1
game ini kok hampir tiap hari server terus si,5
bagus updatenya ada mode master leaguenya. tapi kalo bisa mode master leaguenya jangan di kasih nyawa 10 masa cuma bisa maen 10 kali aja. terus mode mainnya banyak maen computernya kalo bisa di kasih opsi untuk maen skip atau maen pengguna jadi kalo lagi males maen. tinggal skip maen komputer kalo lagi pengin maen pengguna. jangan 10 kali komputer maem penggunanya cuma 1 kali waduh cuma nonton tebak skor aja kaya judi bola. tolong di perbaiki yah please 😊,5
habis update game play jadi kacau,1
"dikit dikit pembaruan terus , game makin kesini makin buruk idiot",1
"update 5.4 kali ini bikin SA makin meraja Lela, harusnya SA itu di hapus dari divisi saja trus kontrol bola dipatch kali ini pemain suka kehilangan bola saat sedang mengiring dan mengumpan walaupun tidak diintersep lawan dan bnyak sekali hal jelek lain di patch kali ini, dan pembaruan kali ini yg paling buruk",1
tolong kompetisinya ditingkatkan. bagusnya setelah selesai liga.yg rating 1 smpe 3 msuk kompetisi liga champion biar kyk aslinya.jngn mentok slesai aja,3
maksud dari pengunduhan apaan?,3
game gajelas masa maetace Mulu,1
"kalo pemeliharaan jangan lama""min",5
bang adkan liga indo bang,5
"bagus, jaringannya aja di tingkatkan biar tidak gampang lag dan dc",5
"pemain sama kualitas berbeda, pemain sama di banyak club, tolong bikin lebih real lagi, yang merata yang seperti seharusnya, dan rating pemain sesuaikan dengan yang seharusnya",1
bagus,2
"terlalu sering update, yg tdi nya semangat push divisi malah jdi males buat push!!",3
sangat bagus grafik HD makasih konami,5
kenapa stak download.,5
tiap minggu update enak kalau dikit ini besar amat dan lama bnget update nye update trus tpi msih biasa biasa aja,1
"game ny sudah oke, tetapi sebagai player dari Indonesia saya merasa kecewa karna tidak ad liga Indonesia, padahal player Indonesian yg paling banyak main game ini tapi malah liga Malaysia yg duluan gk espek siii, tolong dong developer semoga kedepannya ad liga Indonesia🙏😊",4
penambahan skill udah bagus tapi tolong apdetan berikut nya skill sombrero kontrolnya kembalikan seperti semula dengan modal geser arah doang bisa angkat bola agar yng main efoottball enggak kesusahan melakukan skill sombrero seperti biasa kembali kan untuk skill sombrero dengan modal geser arah doang bisa angkat bola rainbow flick udah bagus semoga apdetan berikut kusus skill sombrero kembali kan seperti biasa dengan main geser analog Udah bisa angkat bola dan melakukan skill Sombrero 🙏🙏🙏🙏,5
"sengaja ngasi 1 bintang supaya langsung dilihat. setelah update hari ini 9 April 2026 teknik membayangi di mode stik klassik tidak ada membayangi sambil mengejar musuh secara otomatis, kami yg sudah terbiasa ada fitur itu jadi susah bermainnya. tolong buat fitur itu ada lagii",1
lanjutkan lagi mode master league nye bagus dari pada event maen gitu doang hahaha,5
"kenapa sekarang saya tidak bisa download? saya pemain lama, sejak update tidak bisa bermain lagi. tolong Konami, sudah banyak saya top up",4
harusnya ada liga champion nya biar seru Konami,5
permanen kan dong master league nya pasti seru banget 🙏🏽,5
"game kok pemeliharaan mulu, control susah ngelag terus",1
"tolong lah konami udah capek x main setiap mau menang devisi selalu ilang jaringan padahal jaringannya aman"" aja tolong lah...",5
download data nya lama banget jir perbaiki ya dev,1
"Terlalu sering ada pemeliharaan, kurang efektif",5
kenapa setelah di update gamenya malah tidak bisa di mainkan,3
"gameplaynya jadi aneh sekarang, balikin seperti dulu lagi",2
"Keseluruhan gamenya bagus, hanya saja terkadang masih ada pergerakannya lambat saat main pvp entah karna koneksi atau device yang dipake? tapi mana yang katanya support gamepad untuk versi mobile yang dijanjikan sejak dulu 😡 main lama lama pegel njir😂",5
"Game rusak.. happy kagak, stress iya..",1
"MODE MASTER LEAGUE, JANGAN DIHAPUS",5
Konami tolol bikin event master league gak jelas update 2gb hanya untuk event sampah,1
ga adil selalu di kasih lawan power besar terus...sinyal sering leg... gacha susah dpt pemain ....biji doang,2
sekrang mah data nyah dua kali lipat ajirr,1
pakai wifu pun masih ngelag para,3
sinyal bagus Hp bagus.. Masih saja patah-patah permainan... kita yerang kiper musuh op.. musuh yerang langsung GOL.. kiper kita kurang op.. beli pemain mahal-mahal ga op.. musuh pemain gratisan op.. Dasar Game online..,4
setelah update jadi aneh gameplay nya,1
semakin di update bukannya makin baik justru makin buruk game elite kuliatas sulit lol,1
kerren,5
knp dibuat susah buat aplikasi ganda yang jelas2 dari hp ori pun mengizinkan,1
Game gk jelas,5
tolong di update yang akan datang buat mode career mode yang bisa transfer pemain,4
"update kayak gak berguna, masalahnya tetap sama, main PvP/lawan player itu DELAY.... dilain itu, main game lain mentok² 20-30 ms, main game ini malah kayak 300+ ms, aneh sih. ntah kenapa game ini gak pernah memperbaiki masalah koneksi jaringan. lebih memakan perfoma HP [ cepat panas ], jaringan bagus malah DELAY, gameplay terasa berat, kadang bola lepas dari kaki pemain, kadang cuma senggol dikit langsung tepar. untuk developer mohon diperbaiki. GUE MAU PUSH DIVISI......",3
apa lah Udah 2GB lagi gagal👎,1
gameplay jadi buruk suek,1
"tolong diperbaiki barusan maen ngelag padahal jaringan bagus bagus aja malah tiba tiba kalah belom juga maen, evaluasi game aneh!!!",2
please delete smart assist,1
"Saya kasih bintang 5 saat smart assist dihapus dari laga divisi pvp terutama divisi 3,2,1. trimakasih konami",1
mau donload ga. bisa data. yg 2 GB malah ga bisa naik ini game,2
tolong di perbaiki lagi jaringan game nyaa,1
gamee macet sampah,2
game barua kalau buat game modal duit baik buat game judi,1
sangat keren,5
bagud,5
"kalo buat laga ai divisi pake otak konami ngntd. udah div1 menang poin 15, kalo kalah poin berkurang 32 game kontl",1
tolong makin ke sini makin parah saja download apknya lagi tp datanya gak bisa di download hadeeeeh,1
tlong perbaiki mslh clon,5
"game aneh sinyal gk jelas,padahal jaringan bagus",3
Ngikut aja dah selama hp belum panas,5
"setelah update, game ini jadi macam sampah, berat banget gerakan pemain, auto hapus ni game , nyerah banget gw main.",1
game bodoh setelah update padahal saya tidak pakai aplikasi clone masih saja stack di loby 100% perbaiki lah Konami,1
balikin kek dulu chon thok soal skil terserah lu tapi jangan di buat plenger bek anjenk,1
"habis update besar besaran malah gameplay aneh, control bolanya kemana mana. bola gabisa di kontrol malah gampang hilang. padahal umpan biasa aja aneh bgt rasanya",1
gue kasih rating 1 karena setelah update malah planga plongo untuk divisi bulan ini up ga bakal main kecuali gameplay lama balik lagi. seenaknya aja update kont0l kont0l,1
Tolong bantu segera di perbaiki saya tidak dapat menyelesaikan penguduhan dan paket data saya sudah habis 15gb untuk update versi terbaru malah tidak bisa di mainkan game nya !!! tolong di tindak lanjut dan di respon segera. game nya sangat seru dan menarik ini..,5
"pasing aneh ,finishing jg aneh bek kyk planga plongo apalagi kiper kayk kasih asis ke lawan terus jaringan jelek mintak ampun tolong diperbaiki game nya konami nb: terlalu paytowin lawan mewah lah saya tim bansos susah kalahin tim nya",1
sekali update pertahanan hancur...sebelum² ny tidak pernah seperti ini..tolong di perbaiki sistem ny..bek sma kiparr planga plongo..,1
untuk pihak pengembang tolong perbaiki lagi permasalahan didalam game dari cara bertahan sekarang entah kenapa mudah sekali dibobol lawan padahal sebelum nya untuk bertahan lebih mudah digunakan n juga saya berharap kedepan nya ada liga Indonesia atau liga BRI beserta lisensi club resmi club Indonesia... demikian yang saya sampaikan semoga kedepannya ada liga Indonesia,5
"sprint league nya udah keren tapi hapus lah fitur nyawa, males banget harus nunggu Berjam jam buat dapet 10 nyawa, kenapa sih ga unlimited aja kek susah banget gitu bikin unlimited nyawa",2
okelah,4
"semakin update semakin gak jelas saja gamenya , susah dikontrol lawan VS ai saja bisa dicurangin , giliran gol banyak tambahan waktu sampai 5 detik ,giliran 0-0 waktu tambahan pun gak ada sama sekali. ini game kompetitif atau hanya game sesuai keinginan depelovernya doang setiap kali update pasti selalu iconik messi yg keluar melulu , memang game dikhususkan buat decul doang kayaknya",1
game rusak kebanyakan skrip SMART ASIST GA NGOTAK,1
makin di update makin parah game bodoooohhhh,1
Konami takut kalah,2
TOLOL,1
sejak update saya dari awal tetep stuck 0 % udah hapus download lagi jg sama,1
matikan fitur smart asist di push divisi buat lemot aja,1
"Game pelit, susah dapat player yang bagus, jika ingin bagus solusinya hanya top up dengan uang masing"" seperti game pay to win ini game tidak rekomendasi ( GAME PAY TO WIN)",1
"coba untuk jaringan pas di divisi 1vs1 koneksi jaringan lawan buruk ngaruh banget ke permainan punya gua lemot minta ampun jadi nya permainan susah banget d kontrol coba sistem perbaiki jangan setiap seminggu sekali ada aja update tpi sistem nya masih gini² aja, sama kalo nge gaca kartu giliran beli koin ga dapet 1 kartu pun yang bagus, sama di setiap pembaharuan ada lah kaya di game lain pemain yang berbintang. masih blom jelas nih d jaringan klo punya musuh jelek punya gua kebawa jelek.",1
masih ada yang perlu di perbaiki,5
"sistem updatenya harus di perbaiki, sebaiknya di in game aj biar bisa simpen yg Uda di update, klok gagal di play store klok gagal hrus ulang update DaRI awal, bagi sinyal yang jelek Susa banget",5
"Jujur setelah update makin banyak bug, padahal jarak sama router wifi deket tpi selalu tiba-tiba ngelag. Di menit-menit akhir selalu dibikin kebobolan, sepertinya script game ini sudah tidak tertolong😄",1
gw kasih bintang 4 karna ada satu kekurangan yaitu tolong Adain animasi pengganti konami,4
"perasaan update terus update terus, sampe ruang penyimpanan pun penuh tolong diperbaiki updatean nya. mohon maaf saya kasih bintang satu terimakasih",1
ini gem baru pertama kali download ko lama banget yaa masuk nya tolong di perbaiki,1
jelek main dvisiya,5
KUALITAS SINYAL JARINGAN MAKINN ANJINGGGG,1
kalian tau lah kenapa bisa bintang 1 gw nilai,1
goodjib,5
ngelagg,1
"game kikir,event boring, event master league jelek banget, ditungguin lama lama malah kayak sampah,kenapa gua rating bintang 2 karena sampah",2
Normal,5
game kontol game asu,1
"ilangi skrip tolol ,",1
"setelah update game ini menjadi rusak, tombol analog + membayangi tidak berfungsi menjadikan player kesulitan untuk bertahan, dan juga umpan sangat tidak akurat, pemain sering jatuh padahal tidak ada kontak fisik, para pemain bertahan terlalu maju ke depan.",1
kembalikan wasit kazuki ito,5
"ini game makin sini makim rusak ! makin banyak pengecut yg menghalalkan segala cara hanya untuk rank ! woi konami, banyak user pengecut mainin sinyal woi !",1
busuk dan lawannya sangat tidak sepadan. Tidak pernah diberikan kartu ajaib dan tidak adil. server ga pernah xi benahi. fitur juga jadul serba online dan kita harus melawan itu dengan berat terutama sinyal. KAPAN KAMU LEBIH BAIK ?,1
"mantaaf, lengkap sudah",4
sedikit saran krna analog yg tetap biasanya gk kepencet sedangkan analog bergerak keseringan salah umpan krna terlalu licin jadi mngkin bagusan kalau di tambahin analog yg di tekan di mana saja tapi gk bergerak ketika sudah di tekan di tempat lain,5
minta di update. saya update pakai data dan wifi tidak bisa!! udah nunggu lama tetep tidak bisa di ulang terus. sering update. tapi kali ini di update eror Mulu,1
"Percuma Update Secara Besar-besaran Tetapi Fitur VARnya Nggak Ada, Masa Kalah Sama Game Sepak Bola Lainnya. Katanya EFootball Game Terbaik Kok Nggak Ada Fitur VARnya. Dan Satu Lagi Sebenarnya Pihak Konami Ini Harus Meng Non-Aktifkan User Game Yang Menggunakan Cheat Sama Kalau Bisa Di Liga Saya Ditambahkan Timnas Indonesianya. Sekian Terimakasih",1
mending fifa,1
GAME BOLA TERBAIK SEDUNIA ... FIX NO DEBAT !!!!!,5
"tolong lah Konami masa update 2gb game nya jdi gini, jringan udah bgus malah ngelag, smpai² gak bisa nyambung lagi",3
gameplay sampah,1
"sunguh banyak Anomali update kali ini, masih sangat kurang puas seperti gak masuk akal",5
"New update really terrible, no excuse.",1
tolong diperbaiki lagi masalah servernya masalah sinyal bagus main masih terasa berat,2
maen divisi ngelag mulu 👎👎👎,1
gimana ini Konami yang smart asist kayak di manja bnget orang yang ga punya skil pun bisa make kek ga guna umpan umpan tiba tiba ga jelas itu untuk smart asist hapus aja di rank murni skil sendiri lah masa pake ai kalau kek gini lebih banyak yang males main udh capek cuk pemain smart asist ini rata rata pemain nya ga ada yang capek passingnya ga ngotak bahkan itu pemain ngadep belakang bisa tiba tiba umpan nya pas pas gitu langsung keras banget lagi,5
"game ampas bisa bisanya dibikin kalah mulu , pemain kek ga bisa main , game ampas",1
"UNINSTALL SUDAH. UPDATE BESAR TERUS TANPA ADA PENINGKATAN APA PUN. BUANG2 WAKTU BUAT UPDATE BESAR, ISINYA BEGITU2 SAJA.",1
blum di maenin nnti mau liat gimana bagus apa ga,3
mantul,5
ya. semua yang ada seperti sudah direncanakan,5
"Game gak jelas, gamplay gak enak.jaringan lag. Sekelas konami gak bisa bikin gamplay yg ringan apa ???? Parah!!!!!!!!!!!",1
jangan pemain aja yang di update terus sekali2 jaringan yang di perbaiki gameplay semakin berat,1
Benerin server dulu lah,1
"tcihhh mau login aja ga bisa nge stuck muluk, udah itu masalah server tolong di perbaiki dong konami.... 🙂‍↕️",1
"saya maen game ini ,, lama banget pas mau login nya padahal WiFi nya jaringannya baik baik saja ini kenapa yaa saya bertanya serius?",1
ngeleg ngeleg lawanya malah bagus kali buat tolong pisahin pemain data apa wifi,1
DIPERBAIKI LAGI 2 PERTANDINGAN. HARUSNYA MENANG . KOK ENDING2NYA KALAG 2 KALI,3
gajelas update gede 2gb lebih cuman gitu doang ga ada bagus-bagusnya jelek update paling jelek,1
"acara sprin master tolong di permanen kan,trus tidak ada acra skip nya",5
parah Konami,1
"game gajelas, padahal uda pake wifi sama data masi aja lag lag",1
Akusenang,5
Tambah bagus aja ini game. akun lama susah dapat epic nya,1
Udah lama download pas masuk game download lagi lama banget lagi tolong perbaiki gamenya,1
Good game,5
seru!,5
"make kontrol sentuh dan jentik makin ampas aja, malah ada nerf lagi buat defend udah kontrol delay makin dinerf aja, jaringan stabil juga dibilang kesalahan jaringan makin ampas aja makin kesini, balikin pes jaman 2021, bukannya makin bener update malah makin ampas, kontrol sentuh dan jentik di anak tirikan, yang make touchpad makin lancar ga ada delay, kocak dah konami",1
"setelah update akun clone saya tidak bisa login stuck, mohon untuk dipertimbangkan karna tidak semua orang yang menggunakan apk clone untuk keperluan jual beli akun (jika itu alasan kalian) karna ada beberapa orang yang ingin memiliki 2 akun dalam 1 hp juga terkena dampak nya, saya harap kalian mempertimbangkan kembali pada update selanjutnya",1
Gamenya udah bagus tapi sayangnya kalo mau main mode offline harus hidupin internet dulu😿,5
oke not bad,4
game goblok,1
"percuma gess kita kritik juga, gabakal di bales, tolol",1
"ini gimana si pas update 2.4GB malah gak selesai selesai. update pertama pakai data dari jam 18:00 s/d jam 20:00 gak selesai. padahal di playstore update selesai, akhirnya update gagal.. update ke 2 pakai wifi jam 20:30. sampai dwngan jam 22:00 masih belem selesai juga. sama di playstore udah selesai. tapi tetap aja update gagal.",1
hapus dong itu Smart Assist di PvP atau gak pisahin gitu yang Smart Assist ketemu yang Smart Assist,1
"gem tolol, abis update gede game play malah makin gaenak, lu update bukan upgrade malah downgrade!",1
kalau pake wifi jaringan nya lemot .pake data pun sama.dan susah pemain baru setelah di update,5
Grafik Yang Sangat Memanjakan Mata Terima Kasih Delovers,4
selalu nge lag pedahal jaringan nagus game burik,1
"game gajelas,ribet kali masukin akun lah,uda di apain semuanya gak bisa,menye menye kali,padahal tinggal main ashu",1
Game sepakbola terbaik di dunia,5
game asu banyak scriptnya. bukan skill lu yang menentukan tapi sistem Konami . jangan ke gocek sm game ini apalg smpe gacaha berjuta juta,1
server busuk!!,1
"gajelas, stuck di download data, ngapain download data taroh depan, tllo",1
"stelah di update stamina pemain cepat habis , baru main di babak 1 stamian pemain sudah kurang dr 50% trutama klo pemainnya sprint utk menyerang ,, masa main bola tanpa lari ( sprint ) gimana nyerangnya , jd tdk asik main game ini",2
"Tinggal tambah liga Offline sama Cup Offline tambah mantap nih game, Terima kasih sudah di di gunakan liga offline nya tinggal liga champion atau cup nya nih yg belum",5
sementara bintang 3 dulu karena tampilan awalnya yamale sama messi bapuk itu g,3
"master league tidak sesuai harapan menu master league kurang lengkap, dan pas main perintah nya disuruh naikkan sinergi tapi sinergi sudah tinggi tetep aja kalah, payah",1
memuaskan,5
makin keren,2
Saran tambah banyak menarik event dan komentator,5
"gak bisa tangkap sinyal , ngelag dikit langsung buyar,langsung dibantai 4 - 0 sama musuh,cheater merajalela,gak usah download,game ini cuma cocok untuk pemain lamanya,tidak disarankan untuk pemain baru,dapat pemain disini susah,untung2 kalau main tiap hari,kalau yang jarang login susah dapat pemain disini.",1
download nya gede update gede lambat lagi boleh diperkecil sih,3
game kocak gak bisa pakek clone,5
sinyal mu terlalu lemah...,2
"gemnya emang idah baguss cuma , masalahnya pada servernya kenapa pakai waktu klo main , jelek sekali klo begini dan tdk enak kalau main , bikin gak betah",2
game sampah,1
"sistem gacha sulit , memakan banyak internal/ram even gitu2 aja",1
lumayan bagus kok grafiknya juga realistis,4
kenapa gak bisa di download lagi sangat burukkk,1
gg sih ngelag nya bikin nggak nyaman,1
"Game kikir👎👎👎, lebih bagusan FC mobile",1
gem nya seru dan grafik nya lumayan bagus,5
ngelag mulu padahal udah menang tiba2 langsung los konek mohon diperbaiki demi kenyamanan pengguna nya woi respon donk,2
bagus tapi klw sinyal kurng bgus suka nglek.. syng akun lama sya gc bisa masuk lg tolong di perbaiki lg,4
🤝,5
"kenapa setelah update kemaren gameplay nya malah makin buruk,makin gak enak buat maen,kenapa harus di rubah segala padahal kemaren udah enak",1
"Game apa sih ini, semenjak update terbaru, udah install download berapa kali,ttp gak bisa login, nungguin download filenya lama banget, semakin kesini semakin gak jelas ni game",1
"Main PVP ngelag karena SERVER YG BUSUK,,COBA kalau ada disetiap negara punya 1 SERVER pasti lancar,, emang KONAMI cuma mau cuan doang,, sibuk jualan kartu tiap minggunya,, sementara SERVER GAK ADA PERUBAHANNYA,1 SERVER dibagi beberapa Negara,, Bisa main lancar harus pake WIFI 100MBPS,, CUMA YOUTUBER/org kaya yg bisa ,, ini bukan game Hitman,,tp game ngenttiiiddddddd lah",1
"Gak jelas tiba2 id di hapus. Kembalikan id gua, udah cape2 kumpulin legend malah di hapus tanpa sebab",1
please Indonesian league,5
"gak bisa di clone lagi,anj",1
Saya tidak bisa masuk ke dalam game,5
"sekarang abis update 2 gb lebih jelek bek nya liatin bola aja, trus gameplay nya jelek amat banyak yg perlu di tingkatkan semoga di perbaiki secepatnya ya konami, kalo udh di perbaiki saya kasih bintang 5 lagi semoga di baca ini penting udh banyak pemain lain yg ngerasain dan komplen di media sosial , konami sekarang malah makin jelek daripada bulan lalu bukanya tambah bagus secepatnya ya , saya masih ingin mainin game ini, di baca ya pesanya admin konami ini harus di abdet harus bangget makash",1
Event jelek..,5
untuk para developer bisa ganti gak wallpaper loading nya ganti ama Ronaldo aja jangan Messi atau Lamine yamal kalau bisa Ronaldo sama Roberto carlos kalau boleh Gareth bale,3
delay bet,1
"bagus mantap 👍👍👍👍 tapi komentator nya kurang gacor jadi ga rame, ramenya pas gol doang.. komentator nya di tingkatkan lagi terimakasih banyak 👌",5
opdate update mulu cape anjirrr sebulan 3x update,3
"bagus eksibisi udah bisa pakai gamepad, bakal sering main game efootball di hp kalau begini, umurku 38 tahun, kalau mau main lancar minimal chipset snapdragon 720 atau mediatek helio g99, kalau di bawah ini berat jangan salahkan game nya tapi salahkan hpmu yang kentang, kalau main online lawan orang memang lag, lebih baik main vs ai atau eksibisi lancar jaya, luar biasa grafiknya lebih bagus dari playstation 4",5
gila skali update sampe 2.4gb,4
"susah dapetin pemain bagus yang ada beaternya, harus topup dulu baru dapet pemainnya, dapetin pemain yang ada busternya agak malah",1
gaya main bagus dan juga grafik nya yang pas untuk mata tapi kadang dapat scrip Konami 👍👍👍,5
game favorit,5
sekarang suda Tamba ngalek. karena gara update terbaru terus. jadi kurang bagus,5
makin Rusak Game ini Setelah Update,1
setelah update layar HP tidak dapat disentuh sering terjadi eror,1
"ada bintang setengah ngga nih ,",1
please edit own Jersey,5
game bola mobile terbaik!!!,5
"game kgk jelas download data aja lama bgt padahal wifi nya bagus,Konami binatang",1
min kasih Tambahan kompetisi ucl dong min di liga saya,5
"sprint master league jangan diapus lah min, event favorit gua ituu 🥺🥺",5
"Game ini tidak pernah berbenah, selalu membuat kerugian kepada pemainnya. game ini terlalu banyak manipulasi Game Play nya. game ini terlalu sangat buruk",1
"game busuk, messi jago sundul, game kikir.",2
tolong dong min perbaiki masalah apk clone masa perclone download 2gb kalau ga bintang 1 ni,1
game ini yg paling GK enak p vs p itu pasti ngelag coba aja GK ngelag jadi bner bnerr akan bradu permainan atanr pemain. sudah itu kenapa di musim ke 2 kita yg sudah ajdi juara di musim pertama tak ada liga ucl yaaa,3
"game pling mengecewakan, delay,lemot pdhl update trs dan ya ngasih epic freenya milih² ngak merata",1
game terbaik,5
gamenya seruu aku paling suka event terbaru mode master league tolong pihak developer permanenkan mode itu,5
gamenya sangat bagus,1
tambah ancur,1
"game tidak bisa di buka update terbaru ini, katanya pengunduhan selesai TPI tidak bisa di buka",1
bagaimana cara login nya?,4
"game tolol permainan mnang dan kalah sudah diatur konami, mana yang bnyak topup pasti mnang teruss ,. game burikk",1
baik,3
Ga bisa login,1
"benerin sinyal update terus sinyal nya gitu gitu aja gausa maksa bikin game kalo sinyal nya jelek terus,yang susah bukan playernya sinyal nya aja yang jelek game apaan update trus sinyal nya jelek terus aneh",1
"mantap dan menyenangkan kan,makin seru aja PES konami.",5
"The app is running slowly Can't clone anymore In the end, I only gave it 1 star I'll uninstall it",1
game ga jelas download stuck di 0%,1
semoga dapat pemain bagus,5
game babi. makin sering update game play makin gak bener. game babi langsung uninstal sama gua. mending maen game fc25,1
"gua ga bisa login abis update kamis kemaren , stak di 0% pengunduhan .. game kocak update doang gede tapi banyak kurangnya",1
game rusak akun ilang tiba tiba dah gila,1
GAME GOBLOK,1
tambah ke belakang tambah kaya gini tiba tiba ngelag pas didepan gawang,5
"setelah update terbaru malah jadi susah mainnya,, pemainnya jadi plonga plongo. update bukannya dibikin mudah mainnya ini malah dibikin sulit😮‍💨 emang taikk",1
"tolong untuk mode master league di efootball dipermanenkan, karena jujur saja saya sebagai pemain efootball mulai bosan dan tidak tau harus ngapain lagi buat mainin game nya karena semua event yang monoton, apalgi jika event nya telah kami selesaikan. jadi tolong untuk mode master league dipermanenkan. sama yang paling pnting tolong untuk isi ulang nyawa di master league dipersingkat, jika perlu di tiadakan adanya fitur nyawa ini, karena cukup mengganggu bagi saya yang exited ingin main terus",4
mantap bener gamenya,5
mantap pisan oi..🏆,5
"topup belum masuk, malah tidak dapat",5
"wasit dibenerin,masa player saya di tekel ga salah tinggal player saya nyenggol sedikit pelanggaran",1
"setelah update,apk clone malah jadi error(gak bisa dimainkan) semoga segera diperbaiki 🙏🏻",1
bagus sih tapi bikin agak pusing karena kalah Mulu,3
Saya sudah update. Mau login stage gabisa jalan clone nya nge bug. Tolong dibenerin dulu,1
game buat stres...,1
"masa pemainnya lelet semua,padahal jaringan lancar",1
grafik nya bagus,5
PERCUMA TOP UP AJG KALO DI DIVISI ADA NAMANYA SMART ASSIST,1
tolong permanen kan mode sprint master league minn,5
tolong perbaiki... saya udah download tapi tidak bisa masuk ke dalam game. buang buang kuota saja dan untuk pile tambahan nya saya udah download tapi gagal terus. buang buang kuota terus. tolong perbaiki lagi kaya seperti dulu,1
"udah habis paket data buat update versi terbaru, eh malah di kasih bonus prank.., otw gua hapus ni apk nya,",1
"untuk develover yang terhormat 2.5 gb update lumayan besar, yang baru hanya liga super malaysia sama licence? yang bener aja bosssssss seharus nya update besar gini yang di perbaharui liga"" premer league seperti licence club"" yang belum ada logo asli, dan pemain"" yang di gacha pun itu itu saja hanya beda card, perasaan ronaldinho uda 100 x keluar lo hadehhh",1
game nya bagus tapi pengen nya pemain bisa cedera biar kayak pertandingan bola asli,5
"kenapa sekarang,jaringan sering ngelag minimal perbaiki dong server nya,jangan gitu padahal koneksi internet saya bagus tapi selalu delay.",1
NGELEK Banget TERUS GA Bisa OFFLINE,1
gem nya bagus ad Persib kalobisa si kasih liga indonesia dan komentator indonesia,5
Gameplay Berat,1
"minus banget sinyal nya gak pernah bener dah perasaan, tolong di perbaiki sinyal nya biar lancar , biar yang main bisa nyaman gak ada masalah jaringan, kalow perlu panggil anak anak jurusan TKJ buat benerin tu sinyal",1
"ga tau kenapa ini Konami, game bagus, tapi ga bisa berbenah dengan bener, masa orang dengan begitu mudah, main data di game ini, jadi orang dengan gampang, curang, tinggal matiin data, terus nyalain lagi, jadi lari nya cepet, yang musuh nya ga bisa kepencet kontrol lagi, jadi goll dengan mudah lawan, semoga Konami bisa berbenah, dengan alasan orang yang matiin data tiba tiba ngelag,dalam hitungan 2 detik, harus di out kan atau di kembalikan harus nya, jadi orang ga se enak nya main data",2
saya baru download dan bismillah gamenya bagus dan kalo ada yang bicara pemain jangan ambil di stats ambil di lapangan jangan bintang satu dulu 😊,4
gak pernah hoki njirr lah,3
Game makin update makin ane.,1
selalu ampas pemain yang dikasi semnjak main udah 1 tahun,1
"bgus bgt game nya hhe, keinget dlu sering toxic gara gara ni game😭",5
Game kikir,3
game nyaa realistis kayak ps 4,5
okyy,5
WiFi udah bagus. sinyal jelek. nanti kalo udah bagus baru rate 5/5,1
sinyal bagus lag muluu,1
"up date tiap kamis, tapi ga banyak yang berubah, konami ege",5
bermain pvp. sangat lag tolong di perbaiki,5
game nya sangat bagus,5
aku pengen main tapi ga support 🙂😥🥺,5
dari segi event dan game play emg game bola terbaik yang bisa dimainkan di gadget kalo ada bintang 100 akan saya kasih cuman yang saya sesalkan kenapa ya belum pernah hoki dari coin 100 bahkan dari treasure link hmmm sesusah itu dapat pemain bagus sehat sehat game baik,5
"game tolol ,apa developer nya BUTA yah !! dari dlu komenan tentang jaringan gak pernah di gubris !",1
grafik cukup bagus tapi event nya sangat membosankan cuma itu itu doang,3
secara gameplay ini sudah sangat baik pokonya mantap,5
Efootball burik gak jaman kenApa di hp gua gak bisa login hapus gemm nya huuuuuuu Setuju gem ini di hapus dari play store Mendingan main fc mobile boros data,1
"yang saya harapkan pertandingan sprint master league dikontrol penuh penguna, atau dengan pilihan otomatis/penguna diseriap pertadingan.",5
"game jelek,umpan dh diarahin ke kanan malah mgumpan ke kiri aneh gameplay kadang berat kadang ringan aneh,game aneh ini ga ush dimainin,pemain saya saat megang bola gampang kerebut giliran lawan susahnya minta ampun,game tolol idiot lisensi dikit",1
"Update terbaru banyak kekurangan, gameplay jadi tidak terkontrol dengan baik, banyak pemain yang mendiamkan bola , akurasi operan di nerf tidak seperti sebelumnya , tembakan didepan gawang dibuat seolah meleset , makin kacau parah",1
saran saya permanenkan sprint master league. soalnya seru banget biar semakin lengkap dan tidak membosankan,4
"yang pakai script di banned dong Konami Konami, kikir game rusak",1
"setiap pengunduhan selesai selalu stuck di 0%, udah 100% malah kembali lagi ke 0% padahal game ini game terbaik saya semasa hidup saya, tolong dong soalusi nya",2
"game ini lebih ke GK logis sihh , dari gocekan , tendangan lebih jago VS AI .. dari div 2 udh agak beda dibanding div 3 ..",1
game taii,1
"jaringan di benerin yang benar, jangan asik update update aja, jaringan ketikan main divisi hancur kali",1
keren game nya,5
game script babi,1
habis perbarui malah tambah banyak bug nya,3
semua nya udah bagus cuma sayang dj bagian jersey kenapa belum dipenuhi semua,5
kalo saya gachanya wangi saya kasih bintang 5,1
kapan efootball ada komentar Indonesia kayak apk sebelah,2
gerafik nyang bagus,5
bagus bngt,5
thanks for the game,5
ini kenapa analog nya kadang bisa di pencet kadang enggakk terus nendang jadi lama,5
game yg sangat seru,5
"BENERIN TU SERVER TEL, UPDATE 2,4GB GADA PERUBAHAN, GEDE UPDATE NAMBAH ML DOANG CIH, BENERINTUH MASA SETIAP PUSH DIVISI DAH UNGGUL TIBA TIBA PEMAIN DOWN DAN SEKARANG STAMINA CEPET ABIS, BEK PLONGA PLONGO, MINTA OPER SINI MALAH KESANA JADI NGERASA KEK MAKE SMART ASSIST ANEH!!!! BENAHI, JANGAN APA APA MIKIRIN KE UNTUNGANN LU SENDIRI",1
"game sepakbola terburuk, jelek banget game play pemainnya aneh, banyak gerakan ga berguna pemainnya, sampah",1
gamenya bagus banget tapi saat di dowload atau apdate tolong kurang kan sedikit GB nya tolong,2
bagus sekali game ini,5
"tolong lah Konami. kalau ketemu SA jaringan jgn di bikin nge leq ,mau main jadi susah tolong di perbaikan Konami",3
Game setingan Game scam,1
jangan harap main PVP kalo sinyal enggk kenceng bikin emosi aja,4
setelah update klo main selalu gak pas jaringan selalu ngelag,1
gaje udah ngumpulin koin 2000 malah g di kasih hoki kikir huuh player ini gadiskais hoki gaje Konami,1
"isinya bug semua, sinyal bagus tapi leg parah patah patah, event vs AI kurang ajar banget pemain kita di bikin bodoh semua, match pvp banyak script patah patah padahal sinyal bagus buat main game lain juga lancar",1
gw kasih 5 bintang semoga akun gw ga bau lagi ga di anak tirikan,5
game penuh keluhan,5
bagus tendangan melengkung bagus pemain nya bagus gak kayak FC MOBAIL,5
"trash update,crash app",1
"tolong diperbanyak perbaikan, soal pelanggaran yang mudah sekali kena ke pemain, (saat lawan bot ai), tapi kalau bot melakukan hal yang dianggap pelanggaran malah gak kena sama sekali bot ai nya, menurutku itu hal yang tidak adil dan fatal. Dan juga soal transisi pada saat bermain, loading saat pergantian pemain, loading bola out (lemparan kedalam), loading bola out (corner kick, goal kick), itu kelamaan untuk permainan sepak bola yang setiap detik, milidetik, menit nya itu berharga. - player",1
Sangat seru,5
"Tolong la konami pulihkan nyawa untuk main master league nya jangan pake koin dong, kalau bisa pake gp aja min 🫶🏻",5
"developer kikir, game kebanyakan mt",1
game bagp,5
ini tolong pengunduhan file nya dikurangin soalnya kalo layak dimainkan minimal 500mb jangan lebih dari 1 GB kasian tuh yg belum pernah main efottball dari dulu tolongdong minta kebijakannya karna game bola adalah game favorit sedunia semoga kinerja konami cepet sukses dan populer,5
ini game dongo yang pernah ada,1
baguss,5
woi konami kok gua ga bisa login ya download stuck 0% padahal gua download efootball lewat play store loh bukan clone kuota habis buat download tapi ga bisa login 😭😭😭,1
"Kenapa Jersey Timnas Indonesia sekarang tidak ada lambang Garuda,mohon ganti Jersey Timnas Indonesia ke yang baru",4
Tolong perbanyak DAFTAR TAKTIK PERMAINAN agar mempermudah membuat tim keinginan (BUILD CLUB),3
menurutku sudah bagus . cuma gak ada kompetesi yang kaya nyata pringkat atas msuk ucl .eropa & turnamen lainya,1
"game pay to win nya keterlaluan banget, sudah sepantasnya rating ini sebagai bukti",1
"game buruk susah banget dapetin pemain epic nya, agak kikir nih game , game aneh , gacha susah banget buat beruntung",1
Game makin banyak bug nya,1
Apliaksi memang sudah bagus tp msih ada fitur-fitur yg harus di perbaiki,5
semenjak pembaruan tanpa menggunakan SA finishing jadi susah ditambah kontrol bola jadi sulit,1
New update super bad!!! player planga plongo gk jls 🗿🗿 player low respon!,1
seru banget tapi aku nunggu lama di loading,4
Game Terbabaik,5
"terimakasih konami yg selalu buat aku senang, tertanda chanel WaraWiri31",5
Tolong untuk cheater di tindak lanjutin,5
sangat bagus dan menghibur,5
Nice Game,5
tolong jangan mengecewakan konami saya player setia anda dari jaman ke jaman bug dan lag nya di stabilin ferfrom nya biar tambah realiatis nyaman di main kan,2
lebih seru lagi kalo bisa ganti nama pemain..Dan tolong di ganti sejak kapan Ferran tores make kaos kaki pendek,4
"master league nya kayak bukan master league, sampah!!!! mana konami pelit lagi masa main master league harus pakai nyawa!!",1
"game jelek,permainan gak sesuai dengan yang kita kontrol",1
"Oh, I know now that it's intentionally lagging a lot because the computer/the person who made this game is afraid of being beaten by me, so it's intentionally lagging all the time, it's terrible 🤣🤭",1
no full tim asia,4
game rusak udah update malah stak di loading ga masuk masuk,1
game script menang kalah sudah diatur konami...,1
"game tolol, update gak jelas konami",1
"makin hari makin jelek konami update 2, 5gb tapi grafik jelek grafik nya tolong dong kalo update grafik jangan di ganti juga",1
"menurut saya pribadi, perubahan gameplay season ini bagus banget tapi ada kekurangan fatal menurut saya. gameplay defendnya berubah, defend semakin sulit, tombol menekan jadi planga plongo. bagi saya sebagai pemain yang sudah berkepala tiga, sudah lumayan sulit kalo harus ubah gamplay dasar (contohnya defend). beda sama pro player atau yang masih muda. kalo begini terus lumayan kesal juga saya. kesal 😤😧😡😠",4
dly parah makin parah. PVP kacau,2
habis update bukan nya tambh bgus malah tambah jelek pemain berat server Ng jelassss lu jualan kartu apa game,1
semoga saya beruntung,5
pas masuk game di suruh ngunduh mana lama banget lagi,1
games nya udah bagus,5
ok,3
dowload dalaman nya lama bngt ngestuk di 0%tolong dong atasi,1
"Konami menghilangkan Rondo dengan alasan fair play, tapi update ini malah unfair. Defender cuma dekorasi. Mungkin maksud fair play mereka adalah fair buat penyerang doang. Penyerang diuntungkan lewat kecepatan & kontrol dribble. Sebaliknya, pertahanan turun responsivitas pada fitur kunci: Match-Up, tackle, kontak fisik, bahkan duel (udara/darat) kalah responsif. Strategi bertahan disiplin kalah efektif vs serangan agresif, & sering kali bola sudah pas dengan defender aja masih lolos. UNFAIR GAME",3
abis update jadi ga bisa diclone,1
gem ini sangat sangat bagus,5
"game penuh anomali, sangat tidak rekomen !!!!",1
minta tolong dong loading nya di hilangkan susah sekali kalo mau masuk gimanah sih malah habis paket data hp saya gara loading ini aja,2
"game tolol.. posisi sedang unggul tiba2 jaringan lelet ,, ujung2 nya kalah karna ngelag",1
"cukimai komani kalo update jangan cuma fiturnya doang yang dibagusin tapi gameplaynya malah jadi ga jelas, top up udah habis jutaan malah gameplaynya makin ga jelas.",1
kikir,1
game bagus tp pelit,5
sinyal agak patah.... lebih enakan game sebelah,2
Makin parah jaringannya padahal kecepatan jaringan 2 mbps tapi masih ngelag haduhhh,5
semakin di update semakin membosankan gameplay sangat buruk tidak enak di mainkan lagi pemain belakang asal buang jadi tidak bisa di kontrol....busuk,1
"Serius jadi MALES sekarang Mah main efootball untuk fush Divisi terlalu banyak fitur, seperti smart assist dengan umpan2 yg enggak masuk logika dan dribel2 yg gak masuk akal tolong lah, kalau bisa sperti smart assist hanya bisa di pakai untuk lawan AI saja Tidak bisa di gunakan untuk P vs P Karena itu membuat permainan TDK seru, dan sperti tidak nyata saya push divisi jadi sperti lawan AI saat P vs P",1
game the best,5
buruan download,5
VS Player delay parah,1
"SETIAP BERMAIN PVP SELALU SINYAL BURUK PADAHAL SAYA PAKAI WIFI GAME LAIN LANCAR JAYA, GAME INI AJA BROKEN",1
"Konami tolol, game lag, uda ganti provider juga lag, kirain jaringan rupanya emg gamenya lemot",1
"rekomen sih ini geme yg buat hp yg bagus karna ini geme sangat menguras penyimpanan data, kalau hp ga mampu main fc25 aja sono🤣",5
udah males main game ini..bukan lagii tergantung skill.malah tergantung pemain dan formasi siapa yg bagus pemain dia yg paling bagus feforma nya.dan jungak formasi..kok formasi ya di adu taiilk lah,1
"semenjak update game ini makin tolol bet dah, belum lagi masalah network suka ngeleg. terus ditambah stamina pemain epic deras sederas dompet menggacha epic terbaru. tolong dong diperbaiki lagi, apa ga sadar rating di PlayStore makin nurun? semoga cepat sadar konami",1
jaringannya benerin,1
game nya sudah bagus tapi wasitnya perlu diperbaiki soalnya wasitnya tidakk adil,2
Kadang kalo main ada Konami Scriptnya. Tolong diperbaiki,2
"oiiiiiii game ga jelas. pause ny di kurangin aja bikin 1 menit harusnya cukup. ini bnyak player yang manfaatkan pause buat ilangin momentum, kita bosen nunggu nya buat mereka cri napas, brp kali JD imbang bahkan kambek karena meta pause.",1
kenapa apdate susah ya.pas saya buka kok lama sekali unduhan apdatenya🙏🏻,5
bikin dang logo real madrid yang asli,4
game play makin gaenak ini lama2 game udah bener2 kemaren enak malah update makin ngaco,1
"kontrol jadi ngaco, sinyal full bisa tiba tiba putus.. umpan jadi susah di kendalikan update jadi lebih buruk, cuma bisa ketambahan skill baru dari segi gameplay sangat buruk. padahal main game ini dari 2019",1
"jaringan buruk, padahal main pubg lancar",2
"game nya bagus,tapi lebih bagus kalau ada obrolan ke teman atau lawan main",5
game cemereeeeee nguantemi ngelag be setaaan,1
"makin kesini makin gajelas aja ini game, pengunduhan data pas didalem udah nungguin 30menit ga naik naik persen nya masih 0% aja, menurut gue yang paling buruk ini yang paling buruk!! ga like sama eFootball sekarang, uninstall aja mendingan daripada kecewa!!!",1
tolong perbaiki cara defensenya masa punya bek planga plongo mulu gampang kena trobosan,3
tampilkan pergantian pemain,4
kerennn cuma malasnya setiap kamis harus diupdate teruss,5
geme nya mantap,5
"game tolol, kalau liga efootball hapuslah smart assist biar murni skill, kecuali kalau acara vs ai atau pvp baru gapapa smart assist juga, hargai lah kami konami yang berusaha mengasah skill, smart assist bikin pemain kita jadi tolol pada gak bisa intersep sama blokir bola... saya kurang nyaman dengan adanya smart assist di liga efootball",1
"mantap, cuma masih banyak orang orang curang berkeliaran, tolong di perbaiki",5
sumpah kebanyakan update ahk per 3hari sekali update hampir tiap hari maintenance haduh bukannya makin bagus malah mkin berat dan susah merebut bola nya enakan yg versi seblm ny tolong tambah liga German dan Indonesia min kalau perlu liga Arab,2
"WASIT BUTA,TOLONG LAH DI PERBAIKI WASIT NYA.KALO BISA RATE BINTANG 0 BAKAL KU RATE BINTANG 0 GAME INI. WASIT BUTA WASIT MERUGIKAN SEBELAH PIHAK, WASIT GA GUNA, WASIT GA JELAS, WASIT GA KOMPETITIF, WASIT YANG TIDAK ADIL, WASIT MENGGANGGU PERGERAKAN SAYA, WASIT MENGGANGGU AJA, WASIT BUAT SAYA RISIH. MANA RESPON KAUUUUU.......!!!!!!!????????????????????????????????????????????",1
"kalau nge draw jangan pelit"" ngasih yg epic",5
"Update terburuk efootball sejauh ini. Gameplay makin sulit, defense hancur. gak habis pikir sama update kali ini. konyol banget",1
the one and only best footbal game in the world,5
Game Gajelas Umpan nya kemana mana ga sesuai,1
"game tolol udah update 2gb, pas masuk malah suruh upset lagi tapi malah stak di 0% tolol""",1
"game yang meningkatkan emosi, jangan pernah download game ini, kamu main pakai paketan wifi tetep aja ngelag,",1
pelit kaga pernah hoki kaya orang lain pelit kon,1
game yang tidak adil bagi pengguna @KONAMI,1
makin susah setah update jadi lebih bigung cara mainnya,1
game f2p,1
gem ga jls ga top up ga di kasih menang,1
tolong perbaiki bugnya jaringan bagus aja masa patah2 kenapa kalau push rank sut on target banyak tapi gak gol,1
server amatiran terlalu berat,5
game set4n game 4njin9 ngasih lawan gapernah seimbang ngntt,1
permainan bola yang asik,5
game nya bagus,5
"setiap update perubahan gameplay yang sangat merugikan player dikarenakan harus selalu beradaptasi dengan gameplay terbaru,terlebih lagi jika bermain melawan ai yang sangat sulit dikarenakan ai selalu seperti diuntungkan oleh sistem dan perubahan ai pemain sangat terasa merugikan karena dapat berubah drastis",1
habis update malah lag parah,1
di kirain setelah update bakal lebih bagus ternyata lebih parah jelek,2
aku 🥲,3
saat donlowad data sering stuck di 0%,1
jaringan mendadak ilang gajelas.,1
hadeuhh setelah upgrade malah jdi parahh.. jadi gak nyaman mainya,1
"tolong konami kalo bisa sinyal wifi di bantu dengan sinyal jaringan agar permainan enak dn lancar tanpa hmbatan atau patah"" tetiba ngelag gt, jadi jaringan wifi dn jaringan operator bisa saling menguatkn untuk mengatasi patah jaringan atau putus jaringan, agar bermainpun enak dn puas!!!!!!!",4
tolong Konami game nya jangan update mulu soalnya hp saya lemah jadi saya tidak bisa bermain efootball,3
jngan download ya dek nya game nya sangat bagus ok,1
"apa ini, gw abis download loginnya lamaaaa bener, sumpah dari pagi Ampe hampir jam 3 masih 40% hadeeh",1
pembaruan event tidak berguna dan tidak manfaat,5
game parah bgt habis main menang endingnya jd kalah kocak2!bikin malas aj.,1
sya suka geme nya,5
games bagus lebij bagus ki lagi klw ada liga ucl dan uel,5
"game cacatt , posisi menang tiba tiba lag langsung kalah game stres",1
"balikin seperti dlu lagi, download game nya langsung dengan data dalam tidak usah dipisah data dalam dan aplikasi, merepotkan",1
"jaringan 5g internet stabil di Jakarta, tapi tiap kali main dan lagi winstreak sering tiba2 dibuat delay. pas nyoba buka apk lain kaya sosmed lancar jaya gaada lag. tolong jangan terlalu ketara disettingnya.",1
sinyal benerin konami,1
KONAMEX KONTOLLL!!,1
"seru, bagus grafik nya, tapi walaupun main pake wifi 50mbps tetep patah² tapi cf kiri nya gajelas bukan nya maju malah di tengah aja aja cf kanan gj bet dah juga",5
mantap cepat banget update,5
menyenangkan,5
"Tolong lah kita mau main bukan pencet pencet tombol ""coba lagi"" karena server busuk, udah tau usernya banyak ya diperbesar lah servernya",5
game delay tolol delete aja nih game percuma punya team bagus kalo delay blogg,1
bagus bagi hp yang kuat,5
semakin tahun semakin terbaik,5
main nya lumayan Oke untuk mengisi waktu luang,5
"perbaiki server blok,main pake jaringan patah patah pas PVP,pas lawan temen lancar eh pas PVP patah patah,pake jaringan wifi hilang satu ngeleg nya ya ampun,,baca admin blok",1
game ink sangat tidak pantas untuk di mainkan,1
game kikir tiap minggu update mulu update nya kadang' itu itu doang game tolol,4
habis update malah gx bisa buka,1
kenapa semenjak update efoball kok kaya gini download data stuck 0 /1000 tolong di bantu saya supaya bisa main lagi,5
event sprint master league nya bagus tapi terlalu lama waktu tunggu pulihkan nyawanya tolong di percepat,5
"hadeh, game eror",2
sebaiknya untuk event master league dibuat lebih baik lagi dan tidak perlu menggunakan point nyawa untuk memainkan sehingga tidak perlu menunggu waktu untuk bermain,5
puas,5
scripted.. gw saranin minimal ada quick formation buat formasi cadangan di babak ke 2 atau kalau ketemu lawan tertentu. jadi kita gk perlu ribet otak atik formasi di match atau gk perlu nunggu lawan lama otak atik formasi karena sudah ada quick formation yg sudah kita siapkan sebelemnya.,1
"eh game gajelas, game penipuan saya udh beli koin di apk effotbal nya, hampir 3 jam koin gk masuk masuk, dan dana masih ttp gk di kembalikan, mohon secepatnya anda membalas ulasan saya Konami🙏",2
stik susah gerak,1
bagus banget gameplay-nya tapi gacha nya sulit setengah mati. tapi overall seru,4
"jangan diberikan waktu untuk mode Master League, soalnya saya ga selalu bisa main divisi karena pengaturan jaringan dari Konami sendiri yang selalu ngelag walau jaringan di handphone bagus. tolong selalu ada mode ini karena saya penggemar mode manajer",3
"udah gak kayak dulu lagi tanpa iklan ,ini setiap ada mau buka harus nonton iklan 2 kali sehari sampek 4 iklan ,pliss balikin era dulu lagi tanpa iklan",3
"the best, paling ngabisin do it nihh",5
geme bola terbaik,5
MAKIN KESINI MAKINNNN BEERRRAAATTTT,1
bagus..saya mau instal ulang game ini koq gak bisa ya,5
ini game gimana sih udah tau jaringan saya bagus masih aja suka gangguan saya kasih rating 1 game nya jelek,1
game terlalu banyak memakan ram,1
"gameplay jadi kacau semua habis update,, parahh oiii",5
tolong permudah mendapatkan gacha player di akun saya,5
"game kontol, jaringan oke maen tetep aja patah patah",1
mantap sekali,5
bagus banget pokok nya game nyaaaaaaaa🤭,5
"saat download data, waktu nunggu dan saat layar hp mati download nya malah ngeri set sendiri jadi gak selesai selesai download nya. karena saya download nya pakai wifi. ahk males main nya kalo gini.",1
gamplay jadi jelek bgt setelah updet besar,1
"Setelah pembaruan gameplay jdi berat banget,, buat dobel touch atau tipuan lbih sulit di lakukan,, bner2 makin buruk ini game,, mlah hal yg gk penting yg di tambah kya keahlian otomatis,, bener kecewa gua sma pbarua skrng,, bnyak yg uninstal jga temen2 gua pindah ke game sbelah",1
tolong update adakan club liga 1 indonesia dong,4
"susah sekali dapat epik, bahkan yang event gratis pun gacha tetep susah dapet. sistem gacha nya jelek banget asli, tolong mudahkan dapat epik terutama yang spin dengan koin.",1
broken game,1
game nya seru tapi harus miripin lagi,5
game bagus saya suka,5
"ga jelas update ulang terus, klo gacha jga dapetnya b 1 terus, terus sinyal kyak taik",1
lag teros,1
geme apa coba masa hbis mengunduh gua tinggal malah kembali jadi 0 persen,1
"dear developer, setelah update kemarin ada event sprint master league . menurutku ktu bagus banget pertahanin jangan dihapus, tapi saran tiap pertandingannya lebih banyak yang di kontrol pengguna aja. atau player bisa milih 2 opsi. ditambah di ""liga saya tambahin champions league untuk p3 keatas khususnya.. sesuai liga nyata aja",5
"game makin ruksak semenjak update hadeuh jaringan udah bagus tapi masuk pengunduhan lama nya minta ampun, game busuk",1
"setelah di update konsul dan grafiknya makin berat dan tidak beraturan, umpan kemana arahnya kemana shot kemana arahnya kemana gembel",1
sinyal benerin dulu hama,1
gacor banget geme ini hoki semua,5
game kontolll curang licik hp server di buat ngeleg biar menang,1
game nya bagus dan grafiknya hd,5
"𝙝𝙖𝙗𝙞𝙨 𝙪𝙥𝙙𝙖𝙩𝙚 𝙠𝙚𝙣𝙖𝙥𝙖 𝙟𝙚𝙡𝙚𝙠 , 𝙨𝙞𝙣𝙮𝙖𝙡 𝙛𝙪𝙡𝙡 𝙬𝙞𝙛𝙞 𝙙𝙞 𝙧𝙪𝙢𝙖𝙝 𝙛𝙪𝙡𝙡 , 𝙢𝙖𝙚𝙣 𝙤𝙛𝙡𝙞𝙣𝙚 𝙖𝙟𝙖 𝙢𝙖𝙨𝙞𝙝 𝙣𝙜𝙚𝙪𝙡𝙚𝙠 , 𝙩𝙤𝙡𝙤𝙣𝙜 𝙙𝙤𝙣𝙠 𝙥𝙚𝙧𝙗𝙖𝙞𝙠𝙞 𝙡𝙖𝙜𝙞 𝙢𝙖𝙨𝙖 𝙝𝙖𝙧𝙪𝙨 𝙙𝙞 𝙪𝙣𝙞𝙣𝙨𝙩𝙖𝙡𝙡 𝙮𝙜 𝙨𝙪𝙙𝙖𝙝 𝙡𝙖𝙢𝙖 𝙨𝙖𝙮𝙖 𝙢𝙖𝙚𝙣 𝙝𝙖𝙙𝙚𝙪𝙝😡😡😡😡😡😡🤬🤬🤬🤬🤬🤬🤬",3
"kacau sampe sekarang g bisa update stuck 0% ,pas udah jalan malah ngulang ngulang Mulu ,kacau nih makin makin tambah update bukanya tmbh bagus",1
"makin kesini makin ga jelas gameplay nya, passing ga sesuai arah analog, padahal udh di arahin analog tetep aja arah nya beda",1
anjas kelas bro 😎😎😎,5
masteran league pake koin gak waras Konami,1
ini game makin tolol pemain jdi berat smua pres gabisa tolong intinnya ni game sampah,1
"konamii pelitt,gw pengenn hazard Gadi kasihh muluu userr nama efootbal gw usee_ganteng,pleasee lawan kasih gw hokii,gw udahh dalemm nihh sisaa 125,gw masihh anak pelajar tapi udahh abisinn duitt banyak demi hazard",1
bintang satu saja.... karnh byak kendal,1
gara gara event iklann .. login bufering terus..,3
"PLEASE HAPUS SMART ASSIST DI MODE LIGA PVP,,,,",2
game nya setelah versi baru sangat bagus kalian harus sih donwolod ini 👍👍👍,5
tidak bisa tranfer data dari segi mana pun,1
2 hari file tambahan gak ke unduh,1
SANGAT BURUK. JARINGAN STABIL LANGSUNG KELUAR DAN ANDA KALAH.,1
"hallo konami, maaf tapi lebih baik ukuran aplikasi sama data nya di satuin lagi aja jadi 3GB, bukan 300 mb( di pisahin ) soalnya ada beberapa hp yang nge stuck dalam download an data , padahal ngak versi clone",4
Game alay udh bagus bagus yg dulu malah ganti lebih alay banyak tingkah,5
bagus ini game,5
"kenapa setelah pembaruan mode SMART ASSIST OFF tambah susah buat defend dari serangan musuh, Sebelumnya pemain bisa digerakkan otomatis ketika defend bola sekarang tidak bisa. Kalau seperti begini seakan-akan kita sebagai player disuruh wajib menggunakan fitur SMART ASSIST ON buat survive karena mode SMART ASSIST OFF malah busuk! GAME BODOH! Bertahan jadi tambah susah Konami Biadab!",1
Update Terbaru April 2026 Category Game pay to win,1
offline mode please,5
game sampah gak sama kaya di ps udah ngejer tapi malah gol musuh kurang beruntung lama2,1
"perbaiki mode master light, master light macam apa ini tidak bisa atur permainan di tengah laga",1
no good,1
gamenya bagus gak kaku dan grafik nya behh mantap banget dah btw pemain bansos nya min hehe😋,5
GAME KOTOL,1
"the gameplay getting worse, its hard to defend, hard to passing, and even hard to shot cause the ball always hit opponent player, 2GB+ update just for downgrade lol",1
"Baru kali ini sangat kecewa sama kontaminasi, gara"" hapus data alasan supaya lebih ringan malah nggak bisa masuk, sudah diapain apain juga nggak bisa faktur data sudah banyak kemakan",1
bagus geme play nya cocok dengan orang yang jago bisa juga pilih mode sulit sampai mudah,5
game chellenggg,1
"update april 2026 ini bukan nya makin bagus malah makin hancur ini game bukan nya makin smooth malah makin BODOH gameplay nya,bek nya makin TOLOL makin mudah di cume back lawan, lama-lama gw hapus ini game.",1
"event AI kek dulu aja dong gk usah pake pemain ekslusif, hapus aja fitur ""Muat Taktik Permainan"" nya, pake fitur ""Daftar Taktik Permainan"" saja,, tombol membayanginya error nih perbaikin min ah",3
jadiii jelekkkk karenaaa smart asiss tolonggg hilanggkann smart asiss baru gw kasi bintang 5,1
penguduhan awal lama saya mengunduh dari kemarin belum selesai,2
rusakkk,1
ntar gua kasih bintang 5 kalo iklan gua dimunculin udh gua liat di kotak masuk gk ada iklan gua pake region indonesia udh gua izin juga pengaturan iklan kgk muncul tolong lh konami kasi liat iklan di kotak masuk udh gua coba juga cara di bagian setting eksra trus ke bagian pengaturan spanduk katanya gua liay di yt ada pengaturan izin iklan di gua gk ada cuman ada pengaturan spanduk🥲😓,4
seharusnya game nya menikmati bukan bikin emosi kayak gini kalau main divisi lawan lagi unggul trs dia buang buang waktu ke kiper sampai FT bikin emosi bngt,1
UPDATE YANG GA BERMANFAAT GAMEPLAY BUAT BEK MALAH DONGO PLANGA PLONGO,1
kenapa iconnya harus Messi Yamal & Barcelona sih syumeeh klw bukan CR7,1
"bintang 1 dulu, masuk game pakai paket data axis aja ngk bisa, bermasalah sama jaringan Mulu padahal jaringan untuk main game lain aman"" aja ngk semua orang atau semua tempat ada wifi nya. tolong di perbaiki segera.",1
"Udah selesai update 2,6gb di playstore, eh pas login harus download lagi 1,6gb.. apa-apaan",1
"udah bagus sih udh ada master league nya, cuma saran aja jngn kebanyakan komputer yang maen jadi ga bisa kejar posisi pertama di liga buat di kontrol pemain nya terbatas, seharusnya setiap pertandingan bisa di pilih oleh pemain mau komputer or pengguna",4
"kalo udah tau lawan jaringan nya jelek kenapa harus di temuin,mikir dong! kaga bisa ngatasi? aneh game setiap kamis update malah kagak ada yang berubah,orang orang kok pada ngasih rating bintang 5 dah aneh wkwkwkwk, Youtuber aja ada yang bilang game delay emang fakta sih, benahi dong bikin game tapi kagak denger kritik kritik dari orang, di denger nya pas sama youtuber doang aneh aneh wkwkwkwk",1
gooood job,5
"saya udah update 2,4 GB tapi suruh update lagi, dan masih belom bisa masuk ke game... tolong bantuannya 🙏",2
"bagus banget updatenya jadi pengen uninstall,, dari gameplay bintang 4 jadi bintang negatif 5",1
"banyak script, pemain berat, mau oper bola banyak delay, game stress, suka ngelag padahal jaringan bagus",1
event nya itu mulu,1
lama cuman ni gem cuman pengunduhan doang,1
Please add Indonesian Commentator.,5
"update kali ini sangat keren saya sangat suka, selanjutnya update kombo tombol tembak supaya bisa penyelesaian akrobatik manual👍",5
benerin sinyal dongooo,1
oke.,1
"PERCUMA UPDATE!!!, GAMEPLAY TAMBAH BUSUK ASU",1
mi konami kartu set nak koin e football ndang isien wes entek !!! ganti kartu ronaldoo!!,4
"Game cacat, maksain main di mobile bug jaringan gak pernah beres, abis update banyak betul bug dan scrip. match gak seimbang. game apa ini sampah banget. ngejar DUIT tapi BUG game GK pernah di benerin. Minimal bagusin bug jaringan lol masa kalah sama game moba....hama banget ini game.",1
kurang oke,1
bukan nya tambah update tambah bagus ini mah pemain malah berat kerasanya terus umpan umpannya tidak sesuai amburadul game nya aneh di tmbah sekarang stamina cepet habis kacau pesan saya perbaiki secepatnya kalo gamau keluhan dari para yang main game ini,1
lama benget loginnyA,5
tolong kasih epic,5
jaringan untuk youtube game lain lancar pas mau naik divisi 1 poin lagi tiba tiba berhenti kamu kalah karna koneksimu buruk ..parah,1
"ini saya download Daleman ngestuck, pake wifi atau data pun tetap begitu ga selesai selesai sinyal kenceng, udah lebih dari 2 jam. kenapa ya mohon pencerahannya",1
"tiap pekan maintenance tapi masih ada aja grafis yg patah patah saat bermain PVP, padahal sinyal selalu bagus",1
mohon untuk Jersey club' di sesuai kan seperti asli nya,2
"update terburuk gameplay jadi lebih berat, pemain bertahan tidak agresif tidak seperti update sebelumnya. update paling buruk semoga update kedepannya memberikan gameplay jadi lebih ringan dan pemain bertahan di update",1
suka ngelag ngelag pdhal jaringan full atau bagus,1
gak bisa login mempersulit player ya.,2
wasit nya tolong di kasih rambut+tambahin lisensi super league/liga 1 indonesia,5
gamee kikir pelit,3
"anj harus pake device apa si Cok,harus pake chipset apaan lagi dah,harus ram berapa si Cok biar maen konamex lancar,nge lag Mulu sialan emang",1
udah jaringan makin ksni makin sulit. event utk koinnya sulit. giliran gacha sampe mampus pun gak di kasih. kintil emang,1
jgame gak jelas sinyal bagus masak ngelag mulu maen,1
overall oke but Kalau bisa liga germany dan liga indonesia di tambahkan min dan jangan maintenance 2x sewminggu min itu aja sih,3
"Game udah improve, tapi tolong kurangin sistem pay to win nya. ini game kalo ga dapet kartu pemain legend spesial susah maininnya. server juga tolong diperbaiki developer",5
minimal perbaiki server sinyal nya lah lag bangett sih prasaan maen game lain ok ok aja lah giliran main game tercinta ini sinyalnya kaya anu apa gw mainnya harus di NASA YA BIAR GA DELAY,2
"pengalaman busuk, tiap update bukannya makin membaik malah makin rusak gameplaynya, sinyalnya makin ngak stabil. untuk player baru mending tidak perlu download klau tak punya effort untuk top up, karena ini game p2w, semakin sedikit kontribusi anda terhadap developer atau game ini, semakin buruk pengalaman yg akan anda dapat. seperti script, lag, dan lainnya.",1
"GAADA PERUBAHAN DARI DULU, WIFI GW LANCAR JAYA MAU MAIN GAME ML, AOV, HOK, PUBG, FF, CODM, FC MOBILE TAPI GAME BURIK TANPA LISENSI INI MALAH SELALU KEHILANGAN KONEKSI? ANEH SERVER AMPASSS",1
Game Script.,1
"Since I started playing eFootball, I have begun to harm myself mentally and withdraw from social interactions. Every time I play, I feel like I am being cheated by the game system. I often experience lag and even get disconnected, with the system claiming that I have no internet connection, even though my network is actually stable and strong. Why does this keep happening to me? To the developers, I kindly ask you to fix these issues and create a fair system during matches so can enjoyable play.",1
GK bisa masuk jiiirr ah,4
Secara game nya bagus banget. Tapi untuk server nya harus ditingkatkan. Beberapa kali main sangat merugikan. Ketika mau mencetak gol atau mau blok serangan bisa-bisanya delay.,5
"grafiknya bagus,tapi kadang ada ngelagnya",5
"tolong lah Konami saya ingin main kenapa di persulit saat proses pengunduhan data tambahan padahal saya gak ngeclone aplikasi,makin sulit aja mau main ini game dari awal main tahun 2020 server ngeleg/penuh,sekarang pengunduhan data tambahan gak bisa ngestuck terus",1
"game gajelas setelah update pemain kurang responsif kontrol susah, defend susah game jelek",1
baik sekali.,5
"Kok jadi begini , habis update di hapus data jadi download ulang lagi",2
tolong di perbaiki macet² saat bermain kurang enak kalo lagi main eh mala macet padahal sinyalnya bagus gak etis kalo sinyalnya bagus tapi macet²...mohon di perbaiki jangan cuma walpapernya aja yg di perbaruhi tapi kemacetan yg lebih di perbaruhi 🙏🙏,5
sering keluar game pas mau puss divisi,5
Oke,5
good game,5
balikin clone nya,1
Better spend money on PVP,1
server e benerin jan update pemain server berat konami kocakkkkkk,1
"KALO GA BIAT BUAT MASTER LEAGUE GA USAH BIKIN GOBLK , LAMA LAMA MALES BNGT MAIN EFOOTBALL , GAME CUMA ISINYA GACHA GACHA GACHA , NUNGGU UPDATE ISIINYA ISINYA CARD DAUR ULANG , TERUS NGADAIN GRTIS GACA NONTON IKLAN , ITU SCAM BJIR LAH , MALES BNGT TIAP HARI LOGIN NONTON IKLAN GA DAPAT² LAGI KONTOLL",1
"lebih bagus dia ada check var nya, pelanggaran lebih jelas min...hehehe pasti para pemain efootball jadi lebih menantang karena ada check var nya",5
"Pas udah update malah ga bisa log in. Sempet diuninstall terus install ulang, tapi tetep aja ga bisa_T",1
game pelit hama,2
The worst game. No improvement. The controller worst. The player response worst .,5
"kiper bertahan sekarang benar-benar buruk, update macam apa yang kalian lakukan, benar-benar tidak seimbang",1
update yang sekarang gk ngotak gak masuk akal udah donwload bangak² ttep gak bisa buka,1
"gameplay BURUK .! setelah update pemain jadi lemot gak bisa lari, GAME BURUK.!",1
mantap gini game tidak memenuhi ram apalagi apk lainnya harus meniru biar ram tidak besar gbnya biar dihp muat g kebesaran penyimpanannya 🙄🙄🙄🙄,5
aplikasi bagus cuman minusnya paling sering di perbaharui,3
"game ga jelas, banyak script, rating team lebih besar kalah sama rating yang lebih kecil, iya kalo cuma satu kali, ini masak berkali kali kalah sama team yang rating nya kecil, team udah di perkuat, masih aja tetep kalah, hp bagus aja sering kalah sama team kecil, padahal team udah kuat banget, main udah bener, masih aja tetep kalah, game aneh, game bodoh, banyak script",1
"harus nunggu satu hari dulu baru bisa main master league lagi, master league nya emang enak tapi,kenapa ada batasannya?",4
semuanya sudah bagus banget dari grafik dan segala2 gamenya bagus itu sangat terbaik tapi anehnya ada fitur pertandingan online tapi jaringan engga di benerin padahal jaringan kalo game lain lancar2 aja padahal main game efootball jaringan ilang perdetik aja itu berpengaruh banget 😭😭😭 maaf ya aku sebenernya menikmati sekali game efootball apa lagi yang online nya tolong ya bisa dong jaringan saat match online lancar terimakasih Konami sukses selalu,5
"mengapa saya selesai mendownload hingga lumayan habiskan kuota data seluler saya tp malah loading di ""pengunduhan selesai"" hingga berjam² bahkan saya tunggu hampir seharian tidak bisa login progres diam di -+47% ?",1
game g jelas jangan di instal,1
ini kenapa gabisa download data knp pler,1
"lama pengunduhan nya jadi ke ulang"" lagi dari 0% udh mau beres malah balik lagi",3
gem rusak anjir baru update gk bisa login tolong di bener developer,1
"Buset makin kesini makin pay2win aja nih game, makin malak duit aja ke tiap user. udah ga seasik dulu",1
"selesai update makin berat main nya, permainan jadi lambat uda gak seru",2
"Tak kasih bintang 3 dulu karna ada pembatasan untuk pergantian akun Jika di los kan bisa tambah cuan, bisa login bayak akun pasti bayak yang top up, efootball tambah untung,, kenapa harus di batasi",3
geme nya sangat baik,5
okee laa,5
"GAME BAIK HATI, GACHA DIKASIH AMPAS MULU HERAN GW SAMA DEVELOPER KIKIR KEK GINI",1
terlalu byk pembaruan trllu makan kuota data. pukimay,3
tolong logo logo ya di bikin asli deh min,5
"game buruk 1. delete smart assist ! 2. jaringan isue 3. bug cursor 4. boring banget ngopernya kek gak berpendidikan, bek kosong ngopernya di deketin bek musuh padahal trobosan , lawak bet dah",1
"gameplay nya bagus aja sih, cuma kurang di lisensi club sama kehokian spin gua😭",4
TERKADANG ANALOG NYA MASIH SUSAH DI GERAKIN COBA KONAMI PERMASALAHAN BUG YANG LAIN NYA TOLONG DI PERBAIKIN,4
bagus gamenya,5
"game kocak udah download 2gb mlah gabisa di buka stuck do home screen loading, mana kadang balik lagi download dari awal. abis abisin kuota aja",1
master league 👎👎👎👎👎👎👎👎👎👎👎,2
bagus game nya,5
servernya tolong lah di bagusin percumak update bagus kalo servernya aja susah,4
"gak asik banget, baru siap update besar, malah gk bisa main, tmbah lagi ruangannya makin gede mulu nih...",3
"makin hari makin tak jelas. update terus²an tetapi server masih sama, apalagi baru update deffend di nerf.",1
game nya bagus tapi kalo saya lebih bagus bikin kan login ke google biar akun tidak hilang,3
aku kasih bintang 5 cuman tolong kalo habis update cara bermain berubah lagi . kita sudah enjoy harus belajar lagi,5
tolong pas main divisi kontrol game nya diperbaiki masa delay gitu pdahal sinyal bagus,1
kok gak bisa buka lagi min.... padahal aplikasi gak pakek clone... orang yg pakek clone imbas nya ke pemain yg gak pakek clone,1
"Apa an... Tekel gk da bola dalam kotak pinalti, lawan di kasik kartu kuning. Kartu Merah Bos seharusnya. Paaayyyaaahhh lama2.",3
"sinyal ilang bentar doang , ngelag parah",5
GOATED,5
game setelah update gak makin baik malah makin buruk sangat mengecewakan,1
enak,5
"atasin koneksi jgn epic doang didaur ulang, ngapain master leaugue mending jaringan tuh masih bisa dikontrol pengguna",1
"dear konami Why are you so cheating, why is it that when our signal is good but our players are stupid while the opponent is good, where is our right to get a comfortable game?",2
"bukannya malah membaik, malah jadi tolol sumpah. update besar-besaran buat apa kalau gameplay malah lebih parah dari sebelumnya",2
trash update,1
jelek bgt MB doang di gedein tapi download data lama bener tolong dibenerin yah konami kalo ga niat bikin game gausah bikin cuman mentingin duit harusnya juga mentingin kenyamanan player yah ngntt,1
"UPDATE TERSAMPAHHHH PEMAINN GUAAA SEMAKIN BEGOOOO KARENAAAA UPDATE SAMPAHH, UPDATE 2 GB CUMAN BUAT ORANG YANG PAKE SMART ASSIST TELAZOO",1
pelit ngasih pemain,3
game nya bagus bangett,5
server perbaiki,5
PvP cacat jaringan busuk,1
bagus tapi sayangnya sering dikalahkan pemain baik dan sinyal mudah terputus,1
harga coin kemahalan ga sih kalo dibandingin buat gacha sampai dapet hadiah utama ?,4
"cacat,,,semenjak update udah ga enak di mainin bikin orang males main,, cuihhh",1
Servernya tolong lbh baik lg...!!,3
Konami perbaiki sinyal nya dong biar enak maen nya kaya games sebelah sinyal setabil,5
"woey perbaikin server dlu jangan update pemain teruss, ni gem lama lama kek jahanam, kontrolnya delay 1 detik kek gmn woey maksutnya, tiap mau umpan atau shooting pasti delay parah jeda ambil ancang2 nya delay parah woey, percuma update tiap Minggu tapi server ngga pernah beres. ini lagi gem pay to win nya ngga masuk akal, player yang gacha2 epic pasti pemainnya ngga ada yang berat, giliran pemain biasa yang dapet epic tanpa gacha pemainnya berat banget, percuma ada rating epic klo gini caranya.",1
HAPUS SMART ASIST!!!!,1
"gua kasih bintang 5,krn game ini mengapresiasi kejagoan gua dengan cara membuat keputusan wasit nya yg merugikan gua. gini Konami, santai aja gua ga sejago itu gausah ampe sistem nya lu curangin buat gua kalah doang... santai ajaaa, gua gak sejago itu cuyy...",5
"GAME SKRIP, GAME KIKIR GAME SCAM",1
"Makin kesini makin BURUK PERMAINAN GAK JELAS, KUALITAS MENURUN, Cara bermain Sangat BURUK! ditambah sinyal yang sulit , semakin besar kerugian yang di dapatkan. E-football semakin Hancur",1
Ps bisa taro di HP mantep benerrr,5
"kenapa gak bisa dibuka, muncul masalah aplikasi memiliki bug! aneh",1
game bagus bgt. cuman pas maen PVP lemotnyaaaaaaaaaaa.🥱,2
game hanya jualan kartu tapi server bobrok,1
"dari segi permainan sudah bagus si, grafik juga, semua nya pas, CUMA YANG PERLU DI GARIS BAWAHI kenapa jaringan ku yang susah cepat Masi ga bisa ngehioangin lag di game???????. aku main 3 kali berturut turut selalu kalah DENGAN ALASAN ADA MAAALAH DENGAN KONEKSI MU???, AKU SUDAH CEK JARINGAN DAN JARINGAN KU SUDAH CEPAT??, WHY???",1
SEMAKIN ANEH. JANGAN MAIN. TINGGALKAN GAME INI.,1
ko nga ad komentator bhsa Indonesia ya,2
GENDENG UPDATE 2 GB PUNYA TEMEN KU GAK UPDATE,1
game apa saya udah download tapi belum masuk ke game ya tapi kuota saya abis dulu,5
Ter-Baik,5
"ini game bagus cuma kok berat banget padahl HP gw udh pake ram 12 tapi masi aja berat, game aneh ngeprame mulu game play nya haha",1
kebanyakan update fitur ga makin lengkap,1
game nya seru,5
"dikit dikit update di plystore lagi. bodoh anjir lama lagi uptade nya, udqh mah game nya gak seberapa. sulit lagi mainnya game tolol. susah banget main nya gimana sih mendingan main PS sekalian",1
spik pake 1 miliar unduhan ngasih pemain epik ronaldinho ternyata sama j yg ude2 hrs dipilih acak untk ngedapetin nya!!! nyesel gw nggu berhari hari tb wkty sprt ini!!! bagong ngelag2 mulu!!!,1
"Main di divisi pvp selalu delay Saat game play untuk sinyal tolong di perbaiki game rusak, gak recomend, gameplay buruk.",1
game bodoh setiap download loading nya macet,2
sering ngelek saat main dengan lawan....makin lama makin burik....sering kali ngelex,4
Konami sekarang jelek banget,1
gak bisa di mainin di pengunduhan awal stack 0 terus😭😭😡percuma gitu!! dan tolong Konami hapus virus ² bikin leg itu pliss ya Konami saya mau main🎮 loh hapusin buug nya ya Konami pliss🙏,1
game ini bagus untuk main bola tapi tolong update nya jangan besar besar minimal 400mb'500mb atau 1gb lebih jangan 2.5 gb ini terlalu besar kalo 2.5gb kaya men download ulang lagi ini game nya,5
jaringan terlalu berat game bosok,1
"habis update besar,bac malah jadi plonga plongo defend jadi sulit",1
Semoga kedepannya bisa pakai stik di mode pvp,1
kenapa mb game nya turun jadi gak bisa hp ku kalo ram nya nurun,1
"game ringan dan grafik hd, mines nya sama kikir kaya ea fc mobile, satu lagi jualan kartu mulu.",4
"tolong diperbaiki lagi geme nya. saat saya mau lawan vs All-Star. misalnya tadi saya saat main online lawan teman saya pakai club barca. tapi saat saya mau lawan vs All-Star saya pakek lah arsenal, karna sekuat arsenal saya full skuat. tapi saat mau main. kenapa lambang club nya masih barca bukan berganti lambang club arsenal. dulu ngak kayak gini. sekarang kenapa begini ya",1
game gaa pelit kerenn,5
abis update stuck loading screen 0% mulu dah tolong fix in Konami cepat lah,1
tolong konami gacha udh hbis banyak jarang hokii,2
"bagus banget game ini aku jadi senang sendiri sampai aku masih bot pemain ku banyak yang tidak ada gambar nya pas besok ny lagi aku spin aku data legend dan epic 👍😻👍 GAME INI BAGUS BANGET KATA KU DARI PADA GAME , DLS D-L-S",5
"konami lol,yg bener dong push divisi giliran ketemu sama lwan yg sama2 divisi 1,maen enak,giliran ketemu sama lwan yg di bawah divisi 1 maen jadi berat ga bener,delay dan slah oper terus",1
"susah hoki, perbaiki kontrolnya anj banyak bngt bug di kontrol in game",2
game nya bagus hd dan tentunya tidak pelit pemain gratis,5
eh satttt kalo gameplay nya masih berat sama delay gausah kikir lah suu,1
update terus,1
"gacha gahoki hoki ketemu lawan anomali,serah lu dah konaim",1
gacha selalu tidak dapet sinyal lag trus padahal lagi bagus,2
sangat baik,5
mantaaap,5
Gajelas abis update pemain jadi berat semua,1
"main devisi kadang suka patah² , sprint master menang overall tapi kalah mulu, tolong diperbaiki sprint master sama devisinya",3
"aduh ni game gimana mau maju coba g pake kuota g pake wifi ttep dipersulit loh ya pas push divisi 😹🤭, emang elu seobsesi itukah ama gw sampe dibikin lag trus",1
gem ini sangat bagus dan cantik sekali,5
Saya tambahkan ratingnya dr 1 menjadi 4 bintang karena mulai ada perbaikan dari konami..,4
"sinyal jelek update terus, koneksi benerin dulu",1
geam ini keseluruhan udah bagus cuman logo team sama costume tidak sama kayak aslinya tolong di perbaharui,3
"game jaringan gak bisa stabil jadi sering kalah, game rusak",1
"update nya 2GB gak adil Konami, kok begitu sih",1
"gw gk ngerti sama konami,klo lgi match vs IA, knp hasil imbang poin berkurang,wlpn unggul ball posision ttp aja poin di kurangi,ini aneh banget.tolong di perbaiki,dong.",1
"udh bagus bagus ni game ,tapi ko gw ga bisa upgrade ya tolong gimana ini co",1
ini kenapa makin kesini makin sering patah2 padahal jaringan udah aman udah di test ... perbaiki dong,1
"akun saya sering lag, gak ada perubahan sama sekali setiap selesai pembaharuan 😥",3
sangat baik dari segi grafik nya dan kualitas lapangan nya,5
"Jujur aja, tolong banget server diperbaiki. Game bagus tapi server bikin emosi. Jaringan lemot parah, delay terus, padahal main game lain lancar bahkan sambil streaming juga aman. Kalau masalahnya terus dibiarkan, pemain bakal pada kabur. Percuma gameplay bagus kalau server kayak gini. Tolong lebih serius dong ngurusin kualitas server, biar pemain bisa nyaman dan betah main.",1
"Hei konami, kalau tidak niat buat ivent 30anniversary ga usah di buat masa iyaa 21 kali gacha ga dapat 1 pun, kek mana orang orang g pada lari dari game ini pelit amaat 1 pun g dapat parah prah kek di rugikan kali la spin gratis pengen dapat 1 aja malah g dikasih bagus tak usah di buat ivent nya capek capek aku nyelesaikannya konami tolong la aku udh update 3 gb lebih kau buat iven tapi malah pakek renking kalo g niat kasi udaahh g usah buat iven udah unduhannya besar g ada seru"" nya kecewa",1
"kenapa kok update didalem nya makin buruk gini sih, dulu selalu masalah di update kalau update pasti jaringannya jadi ngawur ini udah pake 5g + wifi masih aja susah aneh banget kalo udah update selalu gitu, saya udah nunggu 3 harian biar server aga berkurang tapi sama aja gila banget habisin kuota doang",1
sangat bagus dan jangan lupa thr,5
"ini game semenjak update kemaren makin ga jelas kalau drible musuh dapat aja mulu, trs pergerakan ai tim di belakang lawan mulu ga pernah di depan lawan jadi kerebut mulu itu bola hadeh",1
"bagus tampilannya. tp skrng jdi ada iklan""nya",5
"saya gara"" di pembaruan Mulu padahal akun gw gratis semua bansos pas udah di pembaruan tiba tiba ke banet enggak jelas ini game apasih enggak rekomendasi hati hati kebanet tiba"".",1
Update kali ini makin ancur ga karuan,1
gaje,4
efootball 2026 nya lumayan Jason suka gema nya Jason bantuin paling bagus ini,5
"ini fitur jebakan obsite bisa di ilangin aja gak sih, merusak permainan saya musuh gk kena obsite kebobolan iya gmn nih Konami, fitur paling gjls tau gak sih😤.",2
pake wifi gak bisa peka. pake internet biasa. tetep aja.dari dulu masalah koneksi ke game ini kurang maksimal,1
mantap tp spin gratis nya gak pernah dapat yg bagus,5
wasitnya ga adil,1
harus pake sinyal yang ke gimana si,1
"Setelah update gamenya tidak bisa dibuka,hanya sampai dilayar utama pembuka game dengan tulisan pengunduhan selesai 0%",2
"game gaje, script mulu tay, pemain kita jdi tlol, pemain musuh jdi jgo",1
game nya nggak jelas aneh masa tim 3048 lawan tim 2800 kerasa berat banget pas main divisi game aneh yang pernah aku mainin,1
gameenya sangat bagus grafiknya juga halus jadi enak di liat,5
game gaje,1
jelek,5
udah top ap udah berhasil pembayaran nya tapi ga masuk koinya malah ada tulisannya pembayaran tertunda apa coba,1
gak bisa main,1
mantap makin bagus update nya,5
ini kenapa ga bisa di update ya dari minggu kemarin gagal mulu🥱,2
"game nya makin aneh semenjak update kemarin semakin tidak enak, passing payah, makin aneh lah pokoknya. tolong lah diperbaikin lagi seperti semula, banyak juga yg ngeluh soalnya.. 🙂",1
"update makin ngacoo, sinyal 5G main game lain lancar giliran main ini game patah"" mulu ga jelas,",1
"bagus gamenya, tapi ke taik, saya Uda ganti hp3x tapi tiap x login pasti suruh pake tim baru, jadi mau download lagi males pake tim baru trus",1
sngat ngeleg,1
update game play malah berat pergerakan pemain sulit dikontrol .,1
Cuma -lisensi aja sih,5
gabisa masuk game,3
hapus smart assist,1
kok tiba tiba turun ya biaya download nya makasih Lo kalau udah di kasi lebih terjangkau,5
"permanent master league sih seru, tiap hari saya main",5
terlalu banyak iklan membosankan,1
lola banget ngamdet,4
b aaja,5
stelah updetsering patah2 padahal sinyal banyak,1
"tolong apgred ke depan di Tambakan animasi pergantian pemain & wasit jgan cuma botak terus kalo bole di tambakan wasit dari Japan atau Korea kalau uda ada baru saya kasi Bintang lima🙏👍 Konami makin lama Makin burik hati"" Konami bentar lagi total football rilis bnyk player pasti pinda ke total football",2
diupdate bukanya mkin bgus mkin lancar mlh mkin buruk,1
mohon maaf Konami ini game sangat sulit sekali saat main divisi karna divisi 3 lawan nya divisi 1 minta tolong di mudahkan saat main divisi ini game tidak adil saat main divisi 🙏🙏,1
"barusan top up koin pakai qris, transaksi sudah selesai tapi koinnya gak masuk",2
"update lama banget kenapa kali padahal penyimpanan masih banyak, download Dalemannya yang lama mah ga jalan²",1
game plan is crazy hard,4
"GAME BUSUK BANGET .. YAKIN GUE KECEWA BERAT SAMA INI GAME .. CUMA NGURUS PEMBELIAN PAKET LANGSUNG DI GAME NYA YG TIDAK MASUK-MASUK ITEM PAKET PEMBELIANNYA SAJA LAMA BANGET NGURUSNYA .. UDAH SALDO GUE SUDAH KE POTONG LAGI BUAT PEMBELIANNYA , TAPI ALHASIL PAKET PEMBELIANNYA ITU TIDAK MASUK-MASUK .. KONAMI KONAMI KIKIR BANGET SEKARANG , MASIH ENAKAN PAS ZAMANNYA PES . SETELAH GAME SUDAH PUNYA NAMA SEMUA SERBA HARUS TOP UP TERUS ..",1
so badddd haaahaaaa😄😄 DANNCOCOCKCCKCKKMKK KONTOOOLLLL ASUUUUU,1
sangat buruk,1
benerin lah jaringannya,1
game gacha taek,1
"Developer yang terhormat. Tolong di game ini kan ada 2 jenis kontrol. Pake tombol sama Sentuh jentik. Tolong jangan cuman kontrol tombol yg di maksimalin, kontrol satunya juga diperhatikan. Setelah update terbaru ini kontrol sentuh jentik agak aneh. setiap mau ngumpan pemain kayak mau sprint baru ngoper, jadinya kadang umpan lambat. kan semtuh jentik beda ama tombol yang jelas mencet apa, kejadiannya apa jelas. beda sentuh jentik yang bisa dibilang 1 tombol u/ semua. jadi tolong yah developer",5
"makin kesini makin kaco gameplaynya, harus yg seperti apa biar main stabil? jaringan kah? device kah? semua pemain jadi ga berguna",1
game yang susah sinyal dan saya tidak pernah mendapatkan pemain epic,1
Plis konami jangan dikasih script lah bad mood aku jadinya mau santai malah marah marah jadi nya,5
gabisa pake clone lagi,1
buruk,1
pernah main,5
kenapa gak mau login saya udah banyak habis koata tp gak mau login saya kecewa,1
saya berharap dengan kemajuan master league yang akan datang,1
"Updatenya ga jelas ajeng, mode taik, unggul sinergi tapi selalu kalah",1
"kenapa setelah diupdate gamenya sering ngelag sih. gk becus buat game, bisa²nya settingan awal berubah, gtw ngubahnya gmn lagi.",1
game banyak bug server lag musuh pake smart assist kita yg jdi ngeleg sengaja bet ngasih gua tiang di ingame sampe 5 kali musuh sekali tendang gol aneh lu game mending game sebelah lebih seru ini game gajelas misal udah bener gua main lagi ini game coba tanggepin chat yang kayak gini percuma dikasih rating misal ngga dilihat aneh,1
"satt lah gw udh 3x update tpi ga ke install. padahal jaringan lancar"" aja. tinggal masang apk tpi ga ke instal. tot lah",1
tiap abis update game play slalu berat..gua yakin tiap match ud diatur hasilnya sebab bnyak kekonyolan(untung/rugi) ditiap match buat tim gua 😤,1
"jadi game jelek, gaya bertahan sekarang sangat sangat jelek, masih bagus sebelum update, bad game👎",1
"efootball script,bertahan jadi makin berantakan terus bek lawan jadi kaya ada tembok depan gawang gara² algoritma",1
game setan keok wae anying aingg,1
pelit banget anj sama asaa,1
game kontolll,1
"buruk, segera berhentikan dari playstore",1
"update harus makin bagus malah zonk😭,kurengggg betttt ,jadi males main nya skrng,tmn tmn ku udah pada banyak yg ninggalin ni game",2
dongok banget,1
analog dan tompolnya ngacok,1
kenapa saya pas update tidak bisa buka bang ?,5
"balikin aj lagi ke updetan sebelumnya konamiii,, ini knp bek gw jadi planga plongo yaa, tolonglah ngga smua player efootbal itu pemain epik smua, tolonglah kbijakannnya, balikin lagi ke updetan sbelumnya.",3
"master league sampah , saya berhenti beli pemain konami",1
"Setelah update banyak bug , setiap mengeklaim hadiah harian pemain nya pada hilang seperti mbappe , saya tidak mendapatkan mbappe padahal sudah ngeclaim",1
mangkin di perbaharui mangkin gk jelas game play nya sering patah2.sampai kawan saya pak nuriman.emosi klu maen sama saya.asik patah2 aja game play nya.jadi sering kalah dia konami.tolong kedepannya diperbaiki lagi ya konami.,5
"makin lama, makin gk jelas game ini.semakin rusak. jaringan gk stabil .pdahal main pake data msih aja patah""",2
game tolol update cuman mau jadi game sampah,1
"tolong diperbaiki lagi koneksi jaringannya, serta jika ada player menggunakan smart assist harus dipertemukan juga dengan smart assist",3
game kontolllllll,1
tolonglah lah jaringan diperbaiki saya di in game menang ko pas pertandingan Selesai malah kalah,1
makin update makin gak beres ini game sayang pemain yg udah hbis banyak di jadiin bansos jaringan makin buruk gameplay jadi ngeleg2,1
"Jaringan data aman,wifi pun aman push devisi makin hancur ngeleg parah",1
game bagussss banget cuma kalo koneksi lawan jelek kita malah ikut jelek padahal gua udah pake wifi 5gb jadi please tolong dibetulkan ya konami tapi beneran udah Bagusssss banget ☺️,5
karna grafik nya sangat bagus dan pemain nya semua bagus bagus,5
gamenya makin lama kurang enak. pemain top malah dijadikan bansos.,1
"apalah game nya udh update 2,4 gb tp disuruh update lagi 2,4 gb anehh",1
game kikir,5
cukup lumayan game nya dari pas zaman logo pes 2019 sampai sekarang,4
Dari dulu nggak selesai selesai persoalan jaringan lag yang selalu kenai cheat lag padahal HP udah chipset snapdragon 8 elite,1
mantap kaya di PS,5
"Gacha sampe 7000 koin cuma di kasih Highlight doang, game kikir, emang bener bener game kikir",1
update nya lama...! terlalu besar. macam perbaharyi 100 aplikasi!!,1
"gamenya ga buruk, game ini juga sangat keren",5
Kalo cari lawan yg seimbang lah,1
Need more advanced game plan like you guys do in PES. The online match is very delay. Make a button configuration for controller or gamepad setting. The intercept after passing a lob through ball is always bad. It's hard to stop running while not dribbling,3
"saya GK tau gara gara apa,tapi Entah kenapa akun saya langsung hilang",1
update 12 April 2026. selalu gagal di pembaruan... dan setelah info dari teman kosongkan space ram. walau agak lama downloadnya saat pembaruan masuk latar gamenya. dan alhamdulillah ini sudah kembali bisa di mainkan.. terimkasih,5
"game tolol, kontrol makin ngawur stelah update kemaren",1
"So Ugly, Konami Isn't good with this game.",1
game sangat bagus apalagi ada Liga Indonesia,5
lag parah,4
5.4.0 update gajelas,1
saya suka dengan game ini,5
game tersampah yg gua mainin,1
"aplikasi tolol, top up malah koin gak masuk",1
game aneh banyak script yang di untungkan cuman player duit atau yg to up,1
ulasan bintang 5 auto hoki terus nih yaahhh,5
bagus geme nya seru kalo. lagi gabut main ini aja,5
"tolong tambahkan liga asia seperti liga arab, liga Indonesia, liga Australia dan liga china",5
knp belakangan ini susah banget ya nyari lawan,3
pas udah di donlod ko g bsa di bka,3
bintang satu aja.setiap kali mau main selalu.y di up date,1
Hp spek wow 12gb+512gb snapdragon gen 3 tapi pas pembaruan yg skrg ko jdi ga enak patah-patah.. settingan game udah di mentokin semua bkn tambah enak mainnya malah ga enak..,4
gem buruk lama sekali pengunduhan pada hal suda pake paket wafi semuanaya tetap tidak ada perubahan Sy kecewa,1
"woilahh ini knp gw gabisa login,padahal tulisannya pengunduhan selesai tapi masih 0% gmn nih coba dong kasih tau para sepuhh,gw masih pemula nih",1
ufdate nya terlalu gede,5
ngco tidak bisa ke buka,4
woyy servernya stabilin dong masa jaringan bagus tetep ngelag apa² delay,2
"tambah berat gameplaynya,sebelum update terbaru aman"" aja",3
game paling kikir,1
gem ga jelas,1
bad,1
"kalau dapat,piala atau tropi ada tempat pajangannya biar kelihatan lebih keren",5
bagus tim,5
"game nya sudah bagus tapi aku saran tambahkan market pemain legenda tapi yang versi standar dan untuk ovrnya minimal 78-86 dan tambahkan juga laga exbishi yang isinya pemain legenda kayak real madrid 2000-2005 dan negara legenda juga ditambahkan kayak italy yang isi pemainnya kayak cannavaro,maldini,zambrotta,portugal yang juga isinya rui costa,deco,cristiano,luis figo, england juga yang isi pemainnya rooney,scholes,campbel,dan negara lainnya berharap dibaca sama admin efootbal supaya makin seru",5
yeah,5
game makin burik,1
"saya ingin main efootball di dua akun, kenapa sekarang di akun bawan untuk jatah main akun saya kedua udah ga bisa, Konami kalau menghapus apk clone maka buatkan mengganti jadul untuk masuk di hilang kan juga. jangan buat para user marah.!",5
"Sprint master league gak jelas, poin sinergi lawan lebih rendah malah menang terus, giliran poin sinergi saya lebih rendah malah kalah terus, kapan menangnya kalau begitu, game cacat, mending gak usah otomatis, main lewat kendali pengguna aja gak usah otomatis",2
Game aneh udah di setting siapa yang menang siapa yang kalah,1
game efooball 2026 nya sekarang sangat sulit di download,5
game yang Kusukan tolong banyakin bansos nya gw,5
"tolong perbaiki game ini,masa main pvp jaringan pakai wifi pun masih lelet. ngedelay game nya. lelet kontrol,tendangan,dll sudah di updet pun masih juga makin parah",2
"Sinyal bagus kenapa match sering terhenti karena alasan jaringan saya buruk, tolong dijawab...",5
Server bosok,5
ini gimana ya ga bisa di login ni ga seru ah aku nya pengen maen tapi ga bisa login login nya lama banget ah ga seru,3
game tolol udah d update malah ga bisa di buka.sialan buang buang kuota,1
"laga sudah berakhir skor 2-0, cek statistik pemain dapat MOTM, pas klik kembali tiba"" loading dan dinyatakan kalah karena koneksi hilang, kan aneh",1
laga online nya parah bgt.... wifi sudah sampai 150-200 Mbps... hp ya ga jelek2 bgt.... kok maen online brasa player tolol yaaaaaa.....beda jauh bgt sama laga offline.... tolong pentinging juga kepusan user .... jgn yg di pikirin pay to win melulu donk!!!!! perhatikan ...dan perbaiki!!!!,1
Game kikir,1
sangat sangat bagus dan keren seru saya suka lah sama geam nih je,5
Setelah update terbaru 9 April 2026 device saya jadi sedikit lebih panas dari biasanya ketika dimainkan. Tolong distabilkan kembali. Terima kasih.,4
"Udah mulai membaik, sinyal udah mulai lumayan lancar pertahanin konami,kalau ada player pakai cheat/main data langsung aja blok akunya.",5
habis update. setelah di update 3 gb malah ngestuk kaga jelas gabisa2 masuk.. aneh bngt.. terpaksa uninstall mana akun ga inget lagi,1
Semoga dapat legend,5
game rusak sistem rusak semuanya rusak,1
bagus v4,5
gatau males gapernah hoki mulu,1
"habis update bak ga tau defense lagi, makin ampas ni game game ga jelass, makin kesini makin gaenak",1
"sebenarnya gamenya bagus cuman setiap lawan player pemain kita langsung lambat dan sering mengoper ke sembarang arah padahal jaringannya stabil dan device juga mendukung,saya harap kedepannya tidak begini lagi",3
update lama,5
"untuk saya ada event master league itu sudah bagus, tapi ada beberapa yang menurut saya masih perlu di perbaiki seperti nyawa nya dibuat jadi 20, dan bisa dibeli pakai gp soalnya agar gp bisa berguna lagi",5
Game ini sangat menyenangkan,1
game ga jelas pilih kasih orang lain tackle ga pelanggaran sedangkan gw tekel pelanggaran game elekk buruk,1
kikirfootball,1
"nyesel SE umur hidup pernah ngasih bintang 5 sama ini game . Benar² parah dari semua aspek. Delay,Berat,Paytowin,Gacha Ampas,Server lelet semua ada disini game play eFootball ini. Makin hari makin sadar bahwa ini game emng benar² engga layak untuk dimainkan lagi,yg ada makin bertambah penyesalan karna semua bakal sia-sia .",1
Makin parah aja ni🤦🤦 Stlah update🤮🤮,5
"buat konami nih ya gua bilangin, bikin pusat server di indo biar kita kalo maen jaringannya bagus",1
akun lama kasih lah gaca an muda jan kikir amat,1
game bola kok pake meta😹,1
game ini sangat hebat,5
"ini game p2w , mau lu sekelas PROPLAYER pun skill nya kalo lu gak gacha pemain ato beli gaguna.",1
game nya bagus cuman gua baru bikin lagi akun data nya GK bisa di transfer padahal udah di ACC sama Konami nya sama tolong lihatkan saat pemain di ganti kaya di play station sama itu kan di club spanyol real Madrid masa Jersey nya gak ada logo nya sama tulisan Emirates fly beter sama grafik nya tolong ubah seperti efotbal yang dulu,5
nonton iklan hampir sebulan Gak dapat pemain epic nya udah sering update lagi gimana batasin lima belas hari ap gimana biar pelayer barunya seneng dikira makin Deket semakin nonton yang dapet bintang satu Mulu capek,4
"makasih min,setelah update saya malah gabisa login,stak di pengunduhan ahahahaha",1
"Sejak update, tombol membayangi di nerf, sangat buruk, bahkan DMF Anchor dan CB Build Up sama sekali tidak berguna.",1
aku nunggu nunggu master league dari beberapa bulan lalu yang datang malah even yang gak sesuai harapan buruk banget harapan ini,5
saya sangat senang,5
gachanya apek,3
dulu favorit game banget semenjak update malah gabisa masuk jadi ilang semua pemain favoritku yang lama taik gw ngumpulin susah susah ashuk,1
koin habis beribu ribu ga dapat apapa. mending yang mau download pikir 2x deh,1
bagus pemainnya mirip kayak yang asli,5
kembangkan lagi master league nyaa,3
"asyik, dan seru",4
kenapa eFootball saya Ndak bisa main selama sudah di update pas masuk pengunduhan selesai sampai berjam2 tolong,5
"perbaikki grafiknya menjadi 8K UHD, sama sensitivitasnya ya, ngeleg skli untuk kita di kelas Legend ✨",4
gamenya udah nantap tapi saya berharap kedepanya bisa ada komentator indonesia,5
jangan sering update bos,5
Tolong dong Konami fitur Smart Assist di hilangkan sangat menganggu keliatan banget game pay to win nya,1
"peningkatan dari segi game play dan control lebih memudahkan pemain, dan please gacha nya jangan di persulit",5
"kontrol Ganti Crusor otomatis nya di tingkatkan lagi, masih harus manual ga kaya PS 1-2-3-4-5 dll",3
mantap banget,5
seru,4
game yang sangat keren,5
"Server parah sekali, jaringan bagus masih aja ngelag buat laga pvp",1
master league haha 😂,1
makasih konami,5
kecewa banget gak pernah dapat epik game jelek,1
kenapa tidak bisa memainkan di android game ini,5
game mantap,5
"Fitur di ""SPRINT MASTER LEAGUE"" untuk relaksasi , mainkan PEMAIN STANDAR sampai LEVEL MAKSIMAL sampai TERJUAL..!! Buat Cerita untuk PEMAIN , Di Setiap EPISODE..!!",4
ini apaan udah uptade 40 persen balik lagi ke 2 persen jelek banget wkwk ngabisin kuota orang aja,1
"kepada developer, mohon untuk isu jaringan di ingame saat mode pvp di perbaiki. saya sudah bermain game ini sejak pes 2021 dan permasalahan selalu jaringan, padahal saya sudah menggunakan provider terbaik di daerah saya, saat bermain game lain seperti free fire, pubgm dan game fps lain tidak ada masalah isu jaringan, hanya di game effotball saja. saya sebagai pemain sangat berharap untuk isu jaringan ini diperbaiki. jika tidak segera, dalam 1 tahun effootball akan kehilangan komunitas di mobile.",1
mudah mudahan hoki hoki,5
update tertolol,1
ada persib👍,5
"gamenya bagus. saran, perbaiki jaringan servernya lelet betul dan tambahkan pelanggaran handball",5
woii konami ini knp Efootball gw cuma nyetuck di 0 persen pengunduhan di ingame nya mana gak bisa masuk lgi padahal kgk pke apk clone,1
banyak habis paket waktu update,1
"paling ngeselin itu ada 2. yang pertama selebrasi, harusnya selebrasi itu fitur yang bisa di on/off kan, supaya kita bisa fokus ke gameplay. yang kedua Setelah lawan menang 1-0 mereka malah main sangkar burung, ini membuat game ini sangat membosankan.",1
game rusak setelah update malah ga bisa main,1
apaan nih baru download lagi update sekarang jelek malah stuck di loading dengan tulisan pengunduhan selesai kecewa banget si,1
smart asist sangat mengganggu,1
"development gini amat, update game bukannya bikin nyaman user malah bikin gak jelas ini game, defend rapuh, kiper plenger",5
ada komentator Indonesia,5
Karna makan banyak penyimpanan,4
game no 1 di dunia aku sangat suka semoga game efootball lebih bagus 👍,5
ngk tau tpi mantap aja,5
"mode spirit master sangat membantu dan mempermudah ketika tidak ingin bermain secara langsung, jadi tolong untuk fitur spirit master untuk tidak di hapus",5
boleh ²,5
"semakin di update, semakin aneh ini game. habis maintenance update sekitar 10 mb kok malah stak di 20% udah itu muncul pesan ""tidak dapat mengunduh"" sama halnya waktu unduh data stadion dan komentar stak di 30%-80% padahal jaringan gw aman² aja, penyimpanan gw juga masih banyak, dan update sebelumnya juga gk gini. DASAR GAME KOCAK!!!!!!!!",2
"ini update 2,6 GB trus, pas download gagal udah 70% malah periksa koneksi, dicoba download lagi malah dari awal lagi. maksudnya apa ya Konami.",5
"sumpah tambah kesini makin ga jelas gameplay nya, serves berat, tolong untuk konami di perbaiki servernya jangan cuma bikin pemain yang OP terus suruh gacha doang,servernya benerin juga elahhhh",1
diperbaiki lagi server dan klona aplikasi,5
saya memainkan game ini lagi semenjak 2022 saya berhenti bermain game hingga 2026 ini saya memainkan game ini lagi dan saya sangat suka dengan game ini game ini lah yang menemani saya dari sd,5
grafik dan jaringan nya error saat di pertandingan,2
"Anjg segala ada pengunduhan segala sama nonton iklan, ilangin npa itu gangu",3
"game sering keluar server sendiri , kalau main pvp sering error , pemain epic susah di dapatkan dan banyak event tapi minim hadiah",2
👎,5
"game tidak adil, saya berada di divisi 5 tapi saya malah bertemu musuh divisi 3",1
mimin kapan liga Indonesia akan ada,4
"Memang bagus kembali ke sistem obb, namun sistem sistem pengunduhannya yang sangat buruk... stuck di beberapa device...",1
"Please, add real shirt on other big clubs, MD White change it into Real Madrid, Man Red into Manchester United and others",2
"terlalu banyak update,",3
kontrol nya kocak,1
gua udah update sampe 100% ko tiba2 ngulang lagi si anjjing bngt,1
mohon untuk di perbaiki dari segi koneksi. karena menghambat ke permainan. dan umpan yang selalu ngelag. padahal koneksi saya bagus,4
"player epik datang dan pergi,player standarku tetap abadi",5
update sekarang tidak sesuai skill pemain.,3
"Game gak jelas buang""uang dapet pemain incaran susahnya minta ampun game play gak jelas jangang dowload guys rugi banget jangan sampe nyesel",1
habis update malah gajelas,2
جيد,5
ampas banget updatenya anj,1
"game nya bagus,saya suka cuman akun nya ilang kemaren aduh,ga tau cara balikin nya",5
"untuk developer, kalo ada kritik dan saran tuh didengerin dong, benerin dulu skrip lu noh, gak jelas banget dongo",1
tolong lah delay nya di ubah efootball baru masuk divisi 2 udah delay divisi 3 aman aman aja kena script mulu kalau divisi 2 padahal baru siap update,2
gem tahiii semenjak apdet kemarin bek gue jadi pelanga pelongo bukan nya tambah baik malah tambah buruk rugi updet gede gede,1
game yang sangat seru dan menantang tapi sayang nya akun gue gak hoki dari konami.,5
Real Face And Realistic.I Like it.,1
"apk ini tidak bisa di download, tolong di benerin",1
"sial,,seharusnya menang malah jadi kalah,,kalau sinyal jelek kenapa sampai selesai pertandingan",1
hilangkan SMART ASSIST dari online match !!,1
ronaldinho di kunci😁,1
gk usah banyak ganti² game pland,1
MANGKIN UPDATE GAME PLAY ANEH UMPAN LAMBAT GK RESPONSIF,1
ga bisa blikin akun lama,1
"woy tolonglah divisi 2 ya ketemu divisi 2,, jgn divisi 1 Mulu, gimana mau menang,, susah",1
"boros data update aj Ampe 2,7 gila lu. itu update apa download awal",1
"woi ini jaringan bisa enggak Kelen betolin untuk pvp nya. Kalau gak bisa hapus aja gamenya, punya pemain bagus2 pun kalau ngelag percuma !! enggak ada perubahan jugakah setelah bergila2 kali update ?",1
PLEASE KONAMI I WANT SCHOLES PLEASE :(,1
plis lah lisensi nya ini juga mau piala Dunia 2026 masak gak ada lisensi nya sama sekali club juga terlalu sedikit lisensi nya dari game play udah bagus tapi masih kureng lisensi terutama liga champions apapun itu atmosfer nya kurang,5
"aneh banget ni Konami,makin update makin di persulit buat login,malah stuck di login trus,padahal jelas""akun pribadi,tapi buat login aja sulitnya ampun banget ayolah konami jangan persulit buat login mana updatenya gede Mulu,tapi buat login aja susah banget!!",1
Game aneh lemot tambah diperbarui tambah aneh gajelas,1
"update kali ini kga jelas. back jadi planga-plongo kaya tolong di perbaikiin lagii,sumpah maen kaya apaan tau bola depan mata back gue tiga¹nya pada kaga mau ngebuang kaga jelas,ini update parah banget.",1
DIVISI AI GA LOGIS 1.pemain speed 99 kalah dengan speed 75 2.kontak fisik 90 kalah lawan kontak fisik 75 3.duel udara pemain tinggi kalah sama pemain pendek 4.pemain ai semua bisa intersep bola layaknya pemian bertahan 5.bek kita pake match up kena fake shoot langsung mati langkah bek musuh kita pake fake shoot masih bisa ngejar 6.pemain kita bawa bola pada lemes kena senggol dikit bola lepas 7.pemain ai bawa bola lengket ngga ngotak...sekali kerebut foul STATISTIK BAGUS TIDAK MENJAMIN UNGGUL,1
update nya gak ketulungan dikit2 updet pi game lawan player lain lemot nya minta ampun,3
enjoy,5
ngestack di 0,1
akun gak bisa kebuka,1
"Overall sih bagus update nya, tapi kenapa kok update datanya harus dari playstore dan update nya 2.5 GB lagi. Sumpah itu bikin kesel sih, dan juga kenapa kok ukuran updatenya ga 500 mb kayak biasanya aja. Terus juga masalah jaringan yang sudah banyak keluhan masih aja ga di benahi, kalo kayak gini terus player juga bakalan pergi dari game ini kalau begini terus. Makin kesini makin ga ngotak nih game sumpahh",1
kenapa saya gak bisa login stuk di download sudah selesai terus,1
jooss suka banget 👍👍,5
bagus 👍👍👍,5
nambah apdet nabah buruk tolong mending jangan apdet lagih tar makin gak jelas,1
"udah menang 4-0 kok tiba-tiba keluar match sendiri, udah gitu ga dapet poin lagi apa coba",1
game tolol defensif nya kagak jelas sekarang,1
"saya ingin berganti akun tanpa ada batas limit, sperti game MOBA yang lain",3
bagusan versi lama,1
udah asik cuma lebih asik lagi kalo ada master league,5
grapic bagus,5
script lu benerinnnn duluu kontolllllllll,1
"ganti kursor nya aneh bgt sekarang, lama",2
"Hallo depelover pencipta aplikasi ini,tolong dibantu saya sdh terupdate dgn game ini.Tp kenapa ketika mau bermain cuma stuck aja digambar background doang.Semoga ada perubahan,Terima Kasih 🙏",3
game sampah di update malah susah gocek sekarang gjls,1
Aku suka dengan game bola pes ini,5
seru sekali gem nya,5
"download semakin lama,devlover gajelas,bnyak memakan data",1
"update malah merusak gameplay, tidak becus mengelola game",1
tetap penyakit lama LAG itu aja,1
MASTER LEAGUE PAKEK NYAWA??? GAK ADA AKHLAK PULA WAKTU REFRESH NYAWANYA SEADAB SENDIRI.,2
"semenjak update terbaru hp.gua kaga bisa layar penuh lagi ,game sebelah masih bisa full , TPI ga papa karna gwe suka game ini anjayyy",3
lama downloadnyaaa,5
"selalu update, tpi jaringan server lemot.. mungkin bagusnya uninstall aj ya",2
SANGAT SERU,5
kebanyakan update,1
makin update makin ngak jelas mainnya jadi males main,1
busett jdiii 304mb,4
"not recommended, it's difficult just to log into the account",1
game nya bagus sama grafik nya bgs semoga lebih berkembang lagi ya Konami,5
updet kali ini mlh gak bisa masuk jdi maap aku hapus,1
Sekarang sudah enak lagi,5
Kenapa game selesai di perbaharui ngga bisa di buka trus ngga bisa main lagi,3
asik,5
"woy kentoo, Master league jeda ±80 menit itu kelamaan, make it simpler, so people come to have fun, or just make it licensed, we pay for master league but without limits, and that's better",5
"di upgrde tapi servernya malah sering eror,dan gamenya semakin berat.pdhal udah pake kualitas rendah tetep z leg,konami juga pilih kasih liga malaysia udah ada tpi liga indo belum.",5
G bisa login aneh,5
"giman nih ceritanya,masa para pemain stamina nya cepet habis,terus kalah sama pemain standaran,pembaharuan aja tiap Minggu,engga ada yg berubah,",2
kembali uang saya,1
Tiba-tiba disconect padahal lagi bagus setelah di update jaringan jadi ngaco,1
Boleh lah...!!!,5
kalau bisa jangan terlalu sering update memo ga cukup,3
"Tolong developer ini sangat membantu untuk mengembangkan fitur yg lebih tidak membosankan, liga klasemen sudah ada tapi tolong tambahkan fitur mode bergengsi yaitu tournament selayaknya UCL atau tournament khusus liga klasemen dan lawannya AI bukan player, jadi ini fitur untuk menambahkan ekonomi klub kita sendiri guna mengontrak pemain kedepannya atau bahkan mengupgradenya, jadi tidak terlalu mengandalkan bermain melawan player atau event itu opsional saja jika ingin bermain online. Thanks!",5
sinyal buruk terus,1
game play semakin rusak parah,1
Ngeleg anjim,1
Hp huawei pura 80 ultra tidak suport kesulitan pada saat update aplikasi.,2
game aneh gak bisa login pengunduhan stuck 94% kadang 0% gak berjalan... padahal apk ori,1
インドネシアリーグのクラブを追加し、インドネシア代表のユニフォームを更新してください。,2
Terbaik,5
game kikir P2W🤣,1
sangat terhibur,4
game aneh jaringan mlu masalahnya ga usah di adain main pvp klo jaringan belum bener bikin kesel aja,1
keren abis,5
ANALOG BENERINN LAH GA BISA DI PENCET MULU,1
"update taekk,apa yang di update,plonga plongo semua goblokk.update tersampah",1
gem sampah ngga bisa di login sestem nya enta kaya mana,1
puas sekali,5
game rusak gak rekomendasi,1
Is Konami too greedy? How many coins have I used with this Gmail account? Is this game too greedy for its players? You guys are trash.,1
game susah dari segi gameplay dan kartu ni game gak ngedukung lu buat main santai mau habis berjuta juta kalo gak bisa main jangan download apalagi yang user wifi ni game gak bisa pake data hp kentang kalo Masi ngedukung ni game itu udah gak waras sih mau di kasih bansos banyak juga gak bakalan ngaruh kalo lu skillnya issue jangan mikir lu bisa adil di game ini dari setingan aja masih ada yg make pemula di bantu admin anj mending hapus aja biar sama rata,5
gamenya gacor🔥🔥🔥,5
sumpah udh lama nunggu untuk donload data tpi ga bisa udh 10gb hangus hanya untuk unduhan itu tapi tetap ga bisa gmna ini konami udh tiga hari ga maen solusinya konami knp makin hari makin ribet unduhan terbarunyaa,1
gacha pelit 😭,5
"menurut ku, efootbal udh bagus banget dari segi gameplay, setelah update,kalo mau nge skil skil jadi gampang,terus ngaruh juga ke pemain yg asalnya gabisa skil muter atau double touch jadi bisa,tapi yg kurang di jaringan nya asli,aku main di divisi 3 susah banget karna jringan nya naik turun",5
sering update mulu.... mana pas download update nya lama,2
"makin ga jelas di-update,Eventnya bagus tapi gameplaynya berantakan tolong lah kok jadi aneh beknya kontrol Def jadi susah bola mudah lepas pasing malah nyasar, animasinya udah bagus,kipernya pun udah bagus animasinya tapi kalo bisa disetiap kartunya punya animasi savenya tersendiri lah,kiper epic kaya ga ada harga dirinya mudah kali di jebol, Oliver Kahnnya udah beda pas sebelum update aneh lu,makin update malah makin buruk gameplaynya cukup perbaiki server sama gamplay ajanya event lain bagus",5
"teruntuk konami yang terhormat, saya adalah player setia game efootball mobile, tp kenapa update di versi 10.4.0 ini gameplay jadi kaku dah, udah susah defends, susah nyerang pula. tolonglah, lakukan pembaharuan itu untuk enakin playernya saat main, jangan paksa kami buat pensi karena pembaharuan terakhir ini, sekian.",5
kalaupun tidak lisensi tombol permainan diperbaiki dan gameplay minimal lancar sinyal udah full masih aja patah2 spek hp gaming udh emng dari konami efootball ny kocak😪,3
game haram jadah kikir banget ni game sinyal ngk pernah bener,1
"apaan dah, login lama banget padahal jaringannya bagus",1
kenapa saya tidak bisa loginin gimana perbaiki dong game-nya kalau udah bener saya kasih bintang 5 sekarang juga,1
fix your server.... don't just update epic card,5
"makin update makin delay ini game gameplay udh parah bgt delay nya bikin ga nyaman, shooting, passing yang lama. tolong dong kalau update gameplay nya di benerin bukan event nya yang di banyakin",1
game tolol abis di update mekanik nya malah ga jelas padahal enak kek kemaren kalo gocek bisa pas Ama irama maen.pler,1
knapa habis update ko nggak bisa di mainkan gamenya yaa .. cuma bertulisan unduhan selesai tapi cuma d layar awal aja.. ini baru d update tggl 10 april lo,3
"saya download game nya kenapa enggaa sama file nya, tadi udah download file nya 100% kenapa masih loading mana loading nya lama",1
kelamaan download nyaa,1
"setelah update planga plongo pemainnya, gajelas ini game",1
bobrok,5
quite a good update but not satisfied with what happened to the limited servers which made the game disrupted,4
"sinyalnya parah , udah menang tiba tiba keluar sendiri , selalu seperti itu",2
"game jelek gaje, script kek kont0I",1
game ini begitu seru,5
entah itu bug atau bukan saat nendang langsung lalu di tepis sama kiper kena pemain lagi malah offside. . . tolong di perbaiki ya. . .,3
kenapa nambahin malaysia sih,2
"semenjak update gameplay rusak ,bek cuma liat doang,kiper planga plongo ,tolong Konami segera perbaiki",3
"poin kalah dan menang nya di liga kok gak fer banget, kalah kurang 30 poin, seri kurnag 5 sampai 10 poin sedangkan menang cmn dpt 25 poin pemberian poin memang suka2 aplikasinya yaah gak fer banget..",4
"Gamenya bagus, Kalo bisa signalnya diperbaiki jangan suka tiba tiba ngeleg",5
suka sama game bola yang satu ini. top lah pokoknya,5
akun lama saya hilang padahal saya banyak topup,1
niat napa game ini selalu oleng mulu,1
"setelah update makin gajelas defend makin buruk gampang bolong kena trobosan gara² membayagi dinerf dan ga bisa gerak , update besar² an tapi makin gajelas tolong",1
TERIMAKASIH KONAMI GAME NYA SANGAT BAGUS. SEMOGA DI UPDATE KEDEPAN ADA KIPER GRATIS OVR 110 GAME SCRIPT ASW,5
semenjak update main lawan player sinyal nya gk pernah stabil,2
"updatenya malah makin nyusahin, download nya aja malah makin dipersulit",1
"Why can't I open the game, even though I've never used the clone application at all, please Konami fix this problem immediately. I've tried all the methods but I still can't.",1
sangat baguss,5
gameplay nya bagus gak ngebag gak kaku gak kaya geme sebelah,5
"untuk Konami yang terhormat, tolong smart asist untuk laga online di hapus saja. Terima kasih",1
saya suka game,5
mantap,4
game tolo sinyal banyak tapi lek berat banget,1
kok aku gak bisa login. sih,1
bagus.....tapi masih ada kendala macet-macet saat bermain,5
game nya bagus tapi saya gak bisa download maaf,2
bagus banget nanti jangan gede ya data nya,5
"masalah cuman di jaringan pas main pvp,lawan ngelag pasti kita juga kena walaupun sinyal bagus",3
game setan,2
jarang di kasih epic gratis,1
makan kouta terlalu gede,5
makin sini makin sering aja uptde,1
selamat saya suka gem ini,5
"😃 Tahun 2026 Sekarang Game eFoot sdh Bagus, kalau bisa Siapkan/Request Mode Master sprti yg di PS One atau 2 lalu Playernya jangan langsung bagus semua, jadi sprti MEMBANGUN KLUB MULAI DARI ""FROM ZERO TO HERO"" 🤩",4
game yg bagus mantap cuma tambahin liga arab sama liga indonesia......tambahan min liga saya ganti aja jadi master league biar kita bisa maen dari nol ngelola pemain dan klub tolong dong min event master league biar dikontrol sendiri biar enak gitu,5
"pemeliharaan tiap minggu, tapi YTTA ga ada perubahan dalam sistem hasil 0 gausah download game ini mendingan yg baca",1
bansos aja susah dapat epicnya,1
"Semenjak update, pembaruan aplikasi, jadi stuck di layar depan, device mumpuni, semoga segera di selesaikan, overall, this is the best game",3
"kenapa ketika mendownload file tambahan nya ngestaq di 0 , mhon diperbaiki Konami",3
game rusak habis update malah ngga bisa di pakai udah di hapus download Lagi sampai 3x tetep aja ngga bisa di pakai,1
Pembaharuan tapi makin tdk bagus di pakai makin lambat gerakannya,1
"Tambahkan fitur batal passing! Pemain sering tidak respon terhadap bola! Tombol nya sering ga responsif! Masalah Klasik. Passing nya tidak konsisten, Sering kali salah passing.",1
bisa nggak buat eFootball offline seperti ml,5
"abis pembaruan malah GK bisa di buka""heran ini",2
ok,4
"semakin kesini semakin tambah delay ga nyaman, kalo main PVP tiba"" sinyal hilang""an padahal klo game Laine lancar"" aja, kalo ga diperbaiki lgi mendingan uninstall aja",1
Hapus smart assist,3
game miris umpan trobos lama banget delay,1
game sinyal burik apa lah game ini main lag lag benerin lah Konami sinyal mu ini gak jelas gimana player mo betah maen patah patah,1
effotball sekarang jelek banget lebih bagus effotball dulu dan enak main nya dan bisa beli pemain legendaris,1
this update may be the worst update on gameplay i have seen from this game,1
master link nya di benerin lah Konami,1
sangat bgus,5
lebih bagus dari fc mobile 100x lipat,5
"game suka bikin jaringan lag, padahal bagus aja jaringan gua, aneh aneh",1
"setelah update 1 miliar dowload ini saya merasa main pvp/online jadi lebih stabil dan tidak perlu jaring yg sangat kuat, dibandingkan sebelum nya jaringan harus benar2 kuat dan stabil baru bisa main pvp secara lancar....alhamdulillah server nya akhirnya ada kemajuan, mohon dipertahankan.",4
liga indonesia nya.kalau bisa di adakan juga,5
game nya keren banget min ah aku banget min,5
malah ga stcuk di 0% setelah login padahal ga pake clone anehh bet dah,1
game payah tiap saat update tahun tambah lemot,1
bampuki download lama sistem kurang kuat lagi anj,1
gw udah seneng ada fitur master league malah kaya superkickoff jir gajelas kembalikan master league yang dulu 😭😭😭,1
game scrip gajelas udah di download malah ngestack 100%,1
sering saat main tiba tiba ngeleg padahal jaringan bagus,2
"update terbaru jelek banget, kontrol sentuh dan jentik membayangi malah ilang, pemain malah diem aja",1
"habis update game play jadi makin susah,apa lagi buat skil,kayak double touch marseli turn makin di buat ribett sampah",2
"Dari segi pemainnya sangat bagus👍😊😊 cuma ada kurang kasih dong liga champions serta logony terus uefa, piala juga harus diubah sesuai liga masing2 dan jersey ny juga harus ori sesuai dgn liga masing2👌🤗😊 itu sj sih dr saya, alhamdulillah uda juara 10x , tp pingin rasain juara liga champions..",5
GAMEEEEEEEEEE KONTOLLLLLLLLLLLL,1
"semakin lama dan semakin sering update malah banyak kendala,seperti halnya jaringan slalu ngelag, berat, padahal jaringan hp bagus tp ujung""nya selalu kalah jika sudah kena jaringan dan kembalikn aturan awalnya saja mengenai lisensi sperti halnya sebelum update tnggal 9/4/2026 karna kemarin ada tambahan data efootball malah bikin kami selaku pemain terbebani dalam hal untuk penginstalan apalagi bagi penguna baru yang baru main sebab data semakin besar 2gb lebih, harus dongload data tmbahan lg",1
Mantap,5
"Tolong hilangkan sisa login di efb,soalnya menganggu sekali",5
GAME GEDE SERVER SEKELAS POU,1
mantap gamenya,5
"server nya gangguan Mulu lawak setelah update makin gajelas ni game, benerin lah servernya",2
kasih gacha bagus dong ini gmna ini sial mulu🥲,5
iklan nya tidak bisa dilewatkan!!!,1
Ok,4
efootball tidak sportif😡,1
Setelah update terbaru server di batasi terus. tolong di perbaiki,2
"saya kasih bintang 2 dulu ,gini saya sedang push div 4(online) dan saat mau mulai bermain mental keluar sendiri ,padahal wifi lancar.tolong konami benerin nih bug eror di divisi",2
menyerukan game efootball,5
gem asu ndlogok tiba² ngelegg anjing,1
"wes lumayan, stadion yg membosankan",4
mb nya terlalu banyak q,5
game tai,1
dari dulu sampai sekarang update mulu nggak ada perubahan setiap laga VIP pasti lag.,1
"saya sangat suka dengan event terbaru nya e fotball , sprint master league menurut saya event ini sangat seru ..☺️☺️☺️",5
"cukup baik, tolong ditambahkan untuk liga Indonesia dan logo tim tim besar eropa di-update terbaru",5
Gajelas padahal jaringan penuh tapi tetep aja pas main patah² gerakannya,1
kok ngestukc Mulu,1
"dark sistem 👎🏽 untuk game play sekarang sangat jelek, tidak masuk akal. lebih bagus game play sebelumnya. update terus menerus tetapi tidak ada kepuasan dalam bermain game.",1
"game ini tidak terlalu bagus,yg seharus nya pelanggaran,malah tidak pelanggaran,dan lawan sering di berikeuntungan lebih baik,dan lawan kita biasa nya tidak sepantaran dengan kita,game ini sangat menyebalkan",1
keren kali,5
"game taik skill di game ini ga guna jir yg penting lu punya pemain p2w tinggal nyalain smart asist dah pasti menang jir, kalo bisa smart asist vs smart asist jangan smart asist vs manual lol capek cok",1
"game bodoh, disuruh hapus smart assist malah nyusahin yang laen, defend susah, stamina cepet habis, game tolol emang asli, kecewa gw",1
konami login nya makin susas,2
"Nyari lawan yang bener dong, kalah terus gua sama yang lari larinya kenceng, bek gua kalah lari terus, nyari lawan ga seimbang sama pemainnya ngotak dikit dong!",1
Semenjak update kemarin game sering ngelag parah/patah² padahal sinyal bagus tolong diperbaiki,5
"setelah update season knpa di in game suka patah"" trus gbsa login karna akses nya penuh dah, gjls bngt kirain update season mkin bagus gtau nya menye"" -,-",2
makin lama game makin banyak cheater. tolong disikapi yang suka main cheat,1
Messi,5
"seruuuu,tapiii suporter nya kurang banget",5
terlalu sering update tapi game nya GK ada perubahan.kalo bisa jgn ke seringan update,1
"akses beban server tinggi makanya beli server,sekelas konami gabisa beli server berapa M yang udah di pungut dari player per bulan?",1
baguuussss,5
"jujur, dari segi master league nya udh baguss batt cuman tolong kedepannya jgn dibikin cuman event doang tapi permanen kan (kayak my league) alasan gw balik maen lagi y karena ada master league ini. dari segi gameplay gw rasa ada penurunan pada pemain epic"" yg dirasa emg top, seperti shoot kadang ngasal, passing nyangkut dribble berat, padahal sebelumnya maen divisi aman"" aj. overall boleh lahhh",4
"kenapa milih level musuh saat laga penting harus dri game yg nentukan, gak ngotak banget pemain terasa berat kcepatan intersep dan speed musuh gak ngotak, pemain sndiri dibikin planga plongo hadeh gua hapus ini game",1
loadingnya lama sampe batre ku lobet,1
semoga bagus,5
"setiap update data besar pasti gameplay berubah-ubah sangat menjengkelkan, ketika sudah nyaman dengan permainan lama dipaksa ngikutin gameplay baru dengan defend acak""an",1
"kok ngga bisa diupgrade, nyangkut di 3%",4
"game hama idiot, master league apaan kayak gitu kayak main judi, bisa kalah dengan sinergi yang lebih rendah, pas lawan sinergi yang lebih tinggi ga pernah menang",1
nice 😎😎,5
"tolong server di benerin , main push pvp divisi lemot amat . gua udah banyak top up pun masih ga ada perubahan nih server",1
"gacha nya ampas entah itu untuk mendapat pemain atau skill dan booster, woi sistem lu gimna sih konami. banyak banget tuh cheater.",1
konami pelit,5
tolong pihak developer perbaiki saat sinyal cukup Mlah sangar baik malah di game sanggat patah dan leg dan juga saat gacha pemain sanggat susah tolong utamakan kenyamanan pengguna game jngn hnya mengutamakan resulusi dari pada kenyamanan pengguna dan jngn terlalu pelit. saat gacha pemain,5
kok gabisa top up selalu ada masalah server,5
"ini engga bisa masuk Konami bacaan nya not found, sistem gacha kacau, sinyal kacau, punya pemain engga mempuni gimana saya mau masuk divisi 1 ayo lah efootbal saya player f2p",5
"edan 2,40 GB jier",5
"kapan di denger ini, internet cepet masih aja ngeleg",1
jelek banget konami untuk update patch baru nya terutama untuk defeens nya,1
skrg susah login setelah aplaod lgi,5
"Gameplay terbaru buruk, pasti yang bikin orang yang tidak bisa main sepak bola",1
moga2 ada event tournament ucl WC dan yang lain2 nya,5
spin gak pernah hoki gak dapat epic 1 pun,1
"tolong lah gabisa login ini selalu stuck di pengunduhan selesai 76%, sudah ku hapus download lebih dari 10 kali, tolong di perbaiki konami",1
woy kalo lag musuhnya harus nunggu lah kayak FC Konami tolol ada scriptnya lagi males gw main game script script,1
gameplay pas uptade kemaren gampalay jadi ga karuan pemain nya berat terus bek sering diem pergerakan pemianya lambat jadi ga seenak sebelum apdate sekarang mah jelek,2
"saya sangat senang bila ada van persie, mesut ozil dua legenda yg hilang!!",4
game yg sngt bGus dn menrik,5
gravik nya sih udah pas ya tapi suka nge lag,5
"parah ini sinyal bgus Mlah pemain gabisa lari , perbaiki servernya",1
keren bangat,5
pelis admin jangan Ram jangan terlalu Besar ukuran game nya peminat nya semakin berkurang Kalau bisa ram nya jangan kena besar biar banyak peminat yang main lagi e fotbal,5
ini tiap update harus download 2gb kah?,5
untuk konami tolong diperbaiki lagi ini gamenya kenapa bila main di PVP selalu gagal jaringan tidak stabil karna apa begini entah kenapa ini padahal kan Konami juga sudah banyak juga uang tolong perbaiki lah game ini terimakasih 🙏🙏🙏🙏🙏,2
saya harap efootball mobile bisa kyk efootball PS 4..master legend grafik SMA kyk PS 4 juga,2
cuma update passing bola ny jadi lama ngasih pemain juga susah,1
tolong perbaiki jaringannya lagi saya kesal sementara attack terus jaringannya leg jika kalau main di game sebelah jaringanku bagus saya rasa itu dari server konami jaringannya kurang bagus jadi kedepannya tolong di perbaiki lagi.,1
game nya tambah bagus tapi gacha nya scam,1
ngk bisa login,1
"kok gak bisa di main kan ,,unduh melulu",4
gamenya seru dan menantang,5
tolong dong buat ada mode ucl nya plisss,5
Banyak club yg tdk masuk lisensi. +eventnga gitu2 aja.,1
"server perlu di perbaiki sinyal bagus buat main pvp sinyal lemah , buat main game lain sinyal bagus tpi buat main pvp pish divisi sinyal malah ngeleg",1
"min,, tolong dong sprint master league dipermanenkan. efootball makin seru dengan adanya fitur itu, jadi semangat main efootball lagi",5
"semenjak update malah jadi aneh, dribel lambat, ngumpan lambat, gameplay nya jadi berat nggak ngenakin lagi, aneh memang, update bukan nambah bagus malah nambah jelek aja nih game",1
game goblokkkm tambah hari tambah berat dan delayyyy,1
finally!! we can do skill moves on mobile!,5
"jangan hapus mode sprint master, itu sangat seru",5
"Saya pengguna Huawei pura 80, semenjak update terbaru aplikasi tidak mau terbuka. Padahal akun saya sudah tertaut di konami ID. Setiap dibuka stuck donlot 0% terus👎👎",1
game yang bagus.sesuai spek hp tinggi.minimal ram 8 gb,5
"Gamenya bagus, tapi gak pernah dapet pemain epic",5
Padahal jaringan bagus tapi Mala ngeleg,2
masa gacha gw ampas mulu sehh,1
game terlalu berat untuk HP saya.,2
game kebanyakan update udah download malah suruh update game dongo,1
woiii tolong hapus script!!!!!!!!!!!!!!!!!!!!!,1
aku kan sudah Nugi daritadi malah donlotan ya malah keulang,1
"saya ngga bisa login sekarang, ini kenapa ya? unduhan saya sudah 100% tapi dianggap tidak selesai dan tidak bisa terbuka aplikasinya",1
tambahin liga Indonesia min sama club real Madrid,5
ini knapa saya gk bisa update iya,5
master league gaada bedanya sama liga saya,1
untuk gamenya sudah bagus.tapi tolong perbaiki sistem Loginnya terutama setelah update yang dimana untuk kode otpnya selalu tidak muncul di email.🙏🙏,3
game jelek,5
pembelian coin saya belom masuk min gimna caranya,5
"koneksi ga pernah stabill, jelekk terus padahal pakai Indihome. Bapukklahh ee. Bikin turun divisi.",1
nah gitulah ngasih kalau ditopup ^~^,5
konami kocak,3
setelah update game plan tambah buruk,1
sudah bagus.. kalo bisa pas main liga saya.. per pemain ada data statistiknya per musim.. terimakasih,5
"game tolol, dikasih lawan ga sebanding, ogah"" an",1
baru di update belum sebulan udah ko minta di update kembali gimana ini,4
mantap dan keren,5
kuontoll ngestuck memekkk,1
wooooy mantap,5
game yang sangat bagus dan cukup banyak hadiah hadiah bagus,5
selama saya main baru kali ini lawan orang citer membuat kalah padahal udah menang malah tiba tiba keluar kamu kalah,2
game nya bagus tapi tolong tambahkan liga 1 dan 2 indonesia,5
setelah update lebih bagus...cuma sayang sekarang untuk akun banya mengkloning harus unduh data sebesar file aslinya.,3
master league ga guna pisan. 😪.,1
"bagus, tapi jersi terbaru timnas indonesia kelme tidak ada di nasional",4
"konami pelit banget, nyepin habis 3000 coin my club. gak dapet 1 pun eden Hazard, pepe atau yang lain. semua pemain standar. bikin kecewa aja. top up mahal beli pemain susah nya minta ampun. keterlaluan banget konami.",2
"permainan sangat gaenak, umpan umpan selalu miss, ngerebut bola ga kenak sesudah update gameplay jadi ga nyetel ga kaya sebelumnya",1
"mo ulang taun ato 100jt download gatcha ampas semua, amsyong kau Konami",1
banyak bug nya tolong di benarkan!,1
seruuu,5
server eek,1
"kenapa yaa saya donwload apk ini gabisa di instal ,pdhl game nya seru kak",5
"Game play enak di nikmati serasah beneran, fitur Grafiknya juga mendukung, TPI semakin berkembang malah semakin ribet, update download dlm Game lebih rumit, tolong KONAMI mau perketat dgn cara lain dong 🙏",3
gameplay delay,5
Woyy konamex kenapa setelah updet malah jadi susah defend bek jadi tolol semua anehh maen di divisi 4 aja susah bgt lahh,2
oke perbaruan nya bagus tapi ada 1 kekurangan bikin Handphone panas,5
"Kontrol semakin konyol dan aneh, event master league yang ditunggu mengecewakan, ditambah tanpa Licence klub besar, hampir kehilangan alasan untuk bermain.",1
game ini sangat bagus dan mantap,5
"update jelek, semenjak update ngeclose game bentar tiba tiba reloh sama di paksa download data",1
game nya sangat bgus,5
player yang real live y ada tatto y. tolong dong kasih tatto... jangan hanya pemain tertentu.. saya pengguna game ini sejak lama..,5
game yang bikin kesel karena game nya suka ngeleg nggak jelas ini game jelek perlu di update biar bagus pertandingannya game bodoh,1
302mb dulunya 2gb,5
"The game is good, please don't keep updating it, I'm too lazy to update it.",4
"SANGAT BURUK SANGAT BURUK DAN SANGAT BURUK!!!!!!!!!! bertahan menjadi tidak berguna cb menjadi mudah dilewati, membayangi dan menekan tombol analog pemain sudah tidak mau bergerak lagi, penjaga gawang menjadi mudah dibobol dengan jarak dekat, cb menjadi sangat maju sehingga mudah di umpan terobosan aku harap dapat di benerin lagi",1
is good,4
stuck dipengunduhan knp ya minnnnnnnnn ?,3
game nya bagus tapi kurang nya ngak ada,5
game ini sangat baik dan bagus saya suka game ini,5
"Bagus, seru",5
"apaan setiap main pasti ngelag/delay padahal jaringan bagus, sebelum update gapernah gini",1
sudah update tapi tidak bisa masuk. payah!!,1
pemain menjadi lambat dan banyak ngelag,1
game p2w cik,1
event membosankan,5
update ukuran besar 12/April/2026 sebesar 2.5gb.,5
game ini sangat keren grafiknya,5
game banyak delay nya,1
"habis update gameplay main rank buat umpan delay harusnya 1,2 malah di kontrol dulu bolanya",1
woi stuck 0% woilah pas didalem game nya,1
gameplay nya seru tapi tolong Adain Liga Super Indonesia dan Komentator Indonesia supaya lebih seru,4
game nya seru dan asik,5
Maslah di Sever nya aja,2
Saya sangat amat berterima kasih kepada efootball/Konami. karena sudah membuat pemain Indonesia . Saya lebih semangat lagi .untuk bermain. edit) Master league sampah!,1
game burik. maintenance terus gak karuan. abis tu lemot,1
sinyal full tapi selalu ngelagg,1
sering dikasih epic,5
"game tolol, vs ai pemaian itu"" aja dongok",1
kali ini grafik nya kurang bagus dan suka ngeleg,5
update paling buruk ngent.. pemain jadi beratt,1
game nya kerenn,5
e football 2026 emang keren abis,5
karena sangat seru,5
sekalian aja nonton iklannya 50 menit nanggung,1
Kuota saya terbuang sia sia gara-gara game ini udah 100% ehh malah erorr aplikasi gak guna,5
sering sering kasih bansos,5
jelek butut gak bisa login,1
gak bisa login,1
game delay,1
Server sering BANGET bug,4
game ny sih bagus cuma yg perlu di perbaiki hanaya masalah jaringan pas jaringan gw bagus ko ngelek,5
game rusak hhh ai lawan terlalu absurd,2
saya habis beli koin dengan harga 18 130 koin tapi belum dikasi gmana ini,1
bagus sekali 🤣🤣,5
"game play berat, lambat",1
mantap pak jadi aku mau ga saldo spay buat byr utang yang sangat indah dengan hamparan pasir putih yang indah dan ajaib cara yang sama seperti apa yang sudah kamu lakukan pada aku😁,5
membosan kan. master league ngk bagus 👎👎👎👎,1
bagus bsnget,5
kenapa kalo update harus donwload lagi cuk udah perasaan kali aku update tapi gak bisa² dasar game tolol,1
"Setelah update 10 april 2026, kok malah gk bisa main? Sdh uninstal & instal lagi, tetap gk bisa.. Klo ada bintang 0 bakal kukasih sih ini",1
tolong di tingkatkan lg fitur nya dan kalo bisa di tambahin fitur skip pertandingan & kalo bisa master league di permanen atau di pertahankan dan untuk beli pemain legenda seharus nya bisa di gunakan dengan mata uang berwarna ungu atau biru jadi harus ada opsi bisa beli menggunakan koin emas atau koin berwarna ungu atau biru,5
sekarang download sudah 302mb dulu masih 2.3 GB makasih untuk pembuat game ini,5
"haa,capek liatnya a",3
tidak ada liga Indonesia,3
"dowload data nya terlalu lama, udah 55 turun jadi 20 tolong perbaiki lagi",2
gamenya bagus dan tidak pelit juga tentunya,5
"game sampah, main divisi kok susah kali menangnya. game kikir lagi",1
kok aku play store rada.ngelag,5
"Semenjak update terbaru Bulan April 2026 ini Semakin Sulit Dan rumit, Gak seruu rasanya pengen Di uninstall",1
"gamee berattt saat di laga PVP,banyak yangg makek konvic gam gaje setiap update gak ada yang berubah sama aja",1
game yg menarik,4
mantap oiii,5
"tolong untuk master league untuk nyawanya ganti pake gp aja, kalo Masi pake koin berarti elu Kont01",1
jos jis👍,4
kasih kartu legend gratis lagi,5
Update malah makin sering kena script,1
suka efotbal,5
"Saran buat Konami, kalau mau bikin master league nih ya 1.kalau pemain yg udh kita kontrak/beli seharusnya di tim lama nya pemain ny udh gk ada,masa dalam 1 pertandingan ada pemain sama. 2.apa bedanya master league sama liga saya? justru lebih seru liga saya untuk skrng, knp? karena ada history musim""sebelum nya dan full dimainin oleh player 3.animasi masuk lapangan ny adain dong, masa kalah sama liga saya 4.kalau mau bikin dari awal bgt pemain""ny,ya tim ny juga harus dari awal bgt dong(gk ckp)",4
Gameplay tambah bagus grafis mantap kayak nyata,5
"apakah selamanya gak bisa main ini,, mengapa unduhan selesai tidak mau berjalan",1
gjls co tim gua bagus tapi ngelag,1
"setelah update, jaringan lebih beratt, di tempat saya yg biasanya bisa bermain di jaringan 3-4 bar, sekarang hanya bisa 2 barr, dan sangat delay😭",1
enak game nya cuman GB nya mungkin di turunin,4
"Entah apa yang ada dibenak konami, semakin update bukan malah semakin smooth dan lancar, ada aja gebrakannya, stamina pemain jadi cepet habis, gaya membayangi gak guna lagi, bola tetap aja lewat, bek jadi planga plongo, ngerebut bola susah, ngoper bola gampang kena intersep, masak susah banget buat menang meta sekarang padahal gue langganan divisi 1, UPDATE TERBURUK SIH INI",1
"udah update 2 kali gagal, padahal jaringan bagus aja, bikin habis kuota orang aja",3
"yang jelas dong masa kalau main waktu seri poin nurun,padahal mvp match menang saya,malah ketika musuh dpet kartu merah masih aja aku yang turun poin nya, gk adil banget",3
istimewa,5
untuk Konami saya minta untuk mode master league di permanenkan karna mode ini sangat bagus dan nostalgia banget untuk overall semuanya bagus di update sekarang semoga di baca dan di dengar kan oleh Konami Terima kasih,5
saya kasik bintang 1 game ngecrash pdhal sinyal wifi nya bgus tetap aja gak bisa login tolong developer gimana caranya biar bisa login gamennya terima kasih 🙏🙏🙏🙏,1
kenapa yaa Juventus tidak masuk LISENSI ????? Logo dan Jersey ???,3
bagus gemenya dan nyaman,5
Gamenya bagus tapi klub nya gak sama dan gabisa bagiin pemain ke teman,4
kenapa pas abis update ngaa bisa masuk gini cook,4
"balikin uang saya, saya batalkan top up uang saya tidak kembali",1
restore file to original data,1
"tolong konami SMART ASISST HAPUSSSSSS AJAAA, harus bgt keknya yg menang tuh pemain bagus""",3
Game ga ngotak ngabisin uang buat top up giliran gaca dapat pemain ampas,1
"masalah sinyal masih sangat buruk, untuk server sangat buruk",2
bagus tapi ko sepi,5
"gem ini bagus benget,setiap hari senin pasti ngeluarin event terbaru,dapat pemain gratis,dan setiap hari kamis bisa spin pemain yg hebat².",5
"The latest update makes running feel slow, stamina drains quickly, defenders become stupid, epic cards feel stupid, and it's just not fun to play. I'm uninstalling it now.",1
UPDATE MIN KALO GANTI PEMAIN DISOROT PERGANTIAN PEMAIN NYA BIAR TAMBAH REAL,4
setiap update selalu aja terjeda,2
tolong ini gimana Konami saya bukak aplikasinya ngestuk di 0% terus tolong file tambahan nya itu dihilangkan,1
fungsinya cf tinnggi berat badan tinggi itu apa ya dan fungsinya kontak fisiki buat pemain berat itu sam aj kaya pemain biasa ibra adriano cf kaya gitu buat apa sih gocek kgak bisa kalok masalah pencetak gol itu pemain kecil juga bisa ini harus di benah pemaij berat biar bisa masuk meta,1
ko ngga bisa main,5
"Game tolol,haram Di update malah gak bisa clone,malah di persulit",1
makin hari makin berat gamenya,1
"2 x 24jam setelah update, game/Apk tidak bisa terbuka, jaringan lancar aja, mau pake wifi atau data seluler tetap saja tidak bisa terbuka",1
pembelian coin gagal saldo sudah terpotong tolong developer lebih responsif,1
Burik Setiap Update Batal Terus,1
mengecewakan... master league apa ini??... kalau dijadikan dlc berbayar pun tak apa tapi bukan kayak gini.. ngisi energinya juga pake koin.. keliatan banget cuman cari cuan doang.. sedih,1
terus tingkatkan game supaya lebih baik!,5
sinyal jelek banget servernya server murahan tidak layak di mainkan online,1
Saya baru download tapi ada download data lagi dev semoga nanti ga gitu,1
aneh semakin d update semakin aneh wasitnya saya yang di langgar kenapa saya yang d kuning aneh banget wasitnya,1
gameplay oke lah bagus tolong masukan liga Super Indonesia biar lebih sengit,4
game ini saat bagus sekali tidak gampang lemot,5
ngga bisa di update,1
"gue doain game ini ngkk akan ada yang main lagi kedepannya di kasih masukan hapus smart asist malah tambahan op,sinyal bagus karna ketemu smart asist pemain yang cepat jadi lambat 🤦",1
"game tolol, gameplay ga seimbang dan ga jelas asuu",1
game apa mau login aja susah 😂🤣,1
"After the update, I can't access the game menu. Please help me!",1
"Min kenapa gameplay nya jadi berat gini semenjak update, ditambah skill² baru fitur rainbow flk gaguna, sebelum update itu enak banget gameplay nya, sekarang susah mau comeback in juga, berat,,, saya main lama juga karna ada event baru itu bagus, minus gameplay nya jadi berat, kecewa saya kalo update nya jadi gitu, dari plessing jadi ga kayak sebelum nya, oper kedepan sering ke blok, teckle jadi ga instan(selalu jatohin lawan), shooting di tap sekali malah bola rendah, perbaiki segera, ga nyaman",5
game apalah Konami spin gapernah dapet main divisi udah 1790 point dikasih nya squad GG teruss engga iklass apa aku divisi 1 tiap selangkah lagi pasti gitu kecewa aku game bikin stressssss dasar game kikir,1
"saya kasih bintang satu dulu,sebelum clone bisa di gunakan kembali,banyak user mengeluh soal ini. emang kenapa sih kalau clone..? bukankah malah nambah pembelian dan pemasukan koin bagi Konami...over all sudah bagus,masalahnya itu aja.",1
konami baik banget please,5
"setelah update terbaru gilaa game playnya, enak banget thx konami",5
"kalau menurut saya game ini cukup untuk sekedar hiburan hehehe, walau pun agak berat karna spek hp yg bukan untuk gaming",5
sangat ripuh HP kentang mah,5
"jaringan selalu tidak stabil, padahal pake game lain lancar",1
kapan komentator ada Indonesia,5
Standar,5
terbaik👍👍👍,5
"makin kaga jelas nih game, abis update gamplay malah kaga jelas.. cuma mikirin cuan doang nih game.. urusan serrver sama gp gak pernah di perbaiki",1
tolong script nya konami sumpah berasa banget ga boong org juga kesel lama lama udah top up terus tapi masih ada script aneh,4
"UPDATE TERBARU SANGAT SAMPAH!!! SARAN UNTUK DEVELOPER MOHON SEBELUM UPDATE EFOOTBALL MOBILE, TOLONG PERIKSA ATAU CROSSCHECK SETIAP KELUHAN DARI PENGGUNA, JANGAN UPDATE ASAL-ASAL!!! MISALNYA LIHAT KELUHAN PENGGUNA TERHADAP SERVER YANG SANGAT BERAT SAAT BERADA DALAM PERMAINAN ATAU GAMEPLAY, DAN UPDATE LAIN YANG KURANG BAGUS ATAUPUN SANGAT BURUK. MOHON LIHAT DAN DENGAR SARAN DARI PENGGUNA ATAU PLAYER EFOOTBALL MOBILE!!!",1
"coba tolong dong pihak Konami jaringan nya di tingkatin lagi,, jaringan full tapi di game malah patah² akibat lag sinyal",4
kembalikan seperti semula gamenya🙏,5
parah kali server kalian setelah update,1
"ini kenapa stuck download padahal saya ga pernah sama sekali jual beli akun atau yang lain yang bisa merugikan developer,semoga next update kalo mau ngasih sistem atau peraturan baru ga seenaknya cuman mau login aja gabisa,tolong dev perbaiki masalah ini, saya yakin bukan cuman saya yang terkena masalah gabisa login 🙏👍",1
"pada sistem item latihan posisi, kenapa yang keisi malah posisi yang sudah bawaan dari pemain terus (hijau cerah). kalau sistemnya seperti itu sama saja seperti buang-buang item. seharusnya sistem item latihan posisi dibuat menjadi sekali pakai item tersebut posisi yang terisi itu yang posisi potensial dari pemain tersebut (hijau pudar). tidak bisa bermain, padahal sudah memilih tim dasar baru!!",2
"saya suka gamenyaa , tapi masih ada kurang fitur , saya pengen ada multiplayer rank, biar makin seru buat nanti nya ka ,semoga dengan komen ini bisa di iyain ya ka",5
game kontoll,1
game sampah. banyak bikin kena mental,1
good opportunity opening,5
game pay to win,1
"mantap game nya, tpi akun saya hilang karna lupa di verifikasi huhu",5
"kenapa setelah di update muncul masalah saat transfer file tambahan di dalam aplikasi dan itu tidak bisa berjalan atau mengalami stuck padahal sudah antusias untuk memainkan tapi muncul masalah ini, sehingga membuat malas untuk memainkannya",2
"taik, lagi enak enak beradaptasi sama gameplay update kemaren, ini malah update gameplay baru",1
makin kesini makin parah ajh nih perasaan sinyal bagus tiba tiba jadi jelek aduhhh tolong di perbaiki,1
bismillah dapet Oliver kahn,5
update di game nya stck di 98 trus pas di login ulang balik lagi dari 0,1
game kikirr gabisa di apdet,1
habis di update bukan nya bagus makin gak jelas game nya,1
👍👍👍,5
"jujur gamenya berpotensi bgt yaa, tapi dari wasit nya kurang soalnya tekel kecil aja langsung kartu, terus dari kiper seharusnya animasi kipernya harus lebih di tingkatkan sampai max soalnya animasi save bolanya masih kurang enak buat di lihat trs tambahin lagi animasi dari pemain yang habis di tackle, udh sih gitu aja🙏",4
liga Malaysia wkwkwk,3
"game ini sangat bagus dan sangat merekomendasi bagi pecinta bola, ada berbagai macam permainan, ada Ai dan vpv ada pun legue efootboll, TAPI !!!!!!!!!!!!!!!!!!!!!!! saya sangat kesulitan bermain di league efootball, saya berjuang selayaknya bermain maksimal mungkin, saya terganggu dengan fitur smart asis, saya setuju bahwah smart asis di hapus di legue efootball karena kartu udah bagus masih di bantu dengan sistem Ai,",5
"hallo developer, akhir akhir setelah update kenapa gameplay nya semakin berat, dan selalu bug .. padahal sinyal stabil memakai wifi. tolong untuk di benahi yaa agar kami player bisa menikmati game tanpa adanya bug sinyal patah patah. terimakasih",4
kenapa gk bisa dibuka ya?,3
game nya bagus dan seru banget,5
"minta tolong lah,,kenapa semakin ke depan nya semakin sulit utk bermain,,ini sudah di perbarui,,tapi unduhan tidak bisa,,tolong Admin di perbaiki,,",5
game ga guna lama² bikin emosi,3
bagus tapi sekarang gak bisa di mainin,3
perubahan gameplay yang tidak terlalu ada urgensi,1
untuk gem nya cukup bagus cuman tambahkan liga 1 Indonesia dan pemain Indonesia tolong di tambahkan,5
habis update maen nambah kagak enak.. berat banget beratttt.. mending versi sebelum nya,1
"Saya minta kepada anda tolong balikan lagih kenangan game eFootball seperti dulu tidak pernah ribet maupun konvormi secara negatif, Karena anda sudah benar"" menggila update 1 Millar penggemar anda sendiri, Download data dalam game tapi tidak pernah berjalan cuman elor 0% tidak mau berjalan sampai selesai 100%, Disinih jaringan saya bagus normal ajah Data-Wifi, Tapi kau update nya malah rusak ribet secara kesal download eFootball 2026,Saya kasih bintang 1 dulu kalau masalah inih, Thanks Konami",1
Plis turun kan Mb aku mau main tidak bisa suda aku hapus permainan ku tidak bisa Plis,3
"setelah update terbaru malah ga bisa di buka, cuma stuck di layar judul dan unduhan tetep di angka 0%, padahal jaringan dan lancar, udah ganti pake data seluler maupun jaringan wifi tetep sama aja",1
kenapa dari dulu sampai sekarang lawan player standar ada aja anomalinya??,4
"Konami tolong la buat liga Indonesia nya biar asik, kok asik apdet aja tolong la di perbaiki jangan besar kali mb nya",1
seruuuu,5
device diakun satunya gabisa dibuka,1
"setelah update malah hancur,,gameplaynya lemot tidak secepat sebelum update,,",1
update ter konyol dari segi gameplaynya ancurr bek di nerf dribbling shooting di buff fitur membayangi udah ngga kepakai lagi.. main grasak grusuk tabrak tubruk ngga karu karauan.. bek planga plongo sleding tekel udah ngga ada gunanya.. kiper d buff tapi sama aja plenger reting udah ngga kepakai setelah update... mohon d perbaiki lagi untuk developer.. sangat sangat kecewa dengan update terbaru,2
bagus sih cuman update,5
"tolong dipercepat untuk coin masuk masa sudah top up pembelian sudah masuk coin nya yang ga masuk masuk gimana sih,,,, tolong Konami untuk kenyamanan pengguna",2
game puki,1
keren banget,5
makin sini sering update mana d atas 1gb lebih..makin berat aja..tapi game play nya gitu2 aja berat delay pdhal snyal bagus..klo update yg wajar 500mb k bawah ok lah..ini 2gb kadang2 sama kaya dowload game baru..parah,1
woi lah banyak cheat anj gw gagal menang muluu seri gegara cheat tolong di banned aja yg pake cheat!!!!!!,2
wah game nya bagus banget👍🏻,5
kadang gamenya berat kadang juga ringan kadang suka ngeleq kalo nyerang,3
"sy seneng main kan game ini , ada sedikit yg mengganggu saat permainan ada delay yg buat permainan tidak imbang atau membuat kecewa permainan karna buat kita lagi main tidak fokus karna delay itu ,tolong apa penyebab nya bisa di perbaiki klo emng dari sinyal kemungkinan engga ini ada ke kurangan sistem mudah2n dapat di perbaiki biar game nya baik saat bermain nya lawan com atau pun all trima kasih",4
efetbol sangat mantap,5
semoga kedapannya bisa ada liga indonesia,4
masukin liga Indonesia dong,5
"update terbaru efotball makin mengecewakan,, jaringan bagus kedua player,,tiba tiba keluar sendiri,,makin ngaco, pantesan kalah sama game sebelah",2
GAME TAe,1
"Sangat tidak direkomendasikan, semenjak pembaruan jadi ngeleg gak jelas.",1
sudah bnyak perubahan bagus,5
oke,4
jadi game sampah setelah update kemaren,1
knapa saya gak mau update efotball ku,5
"update tiap Minggu, gameplay makin berat parah",1
nge defens jadi susah,1
gem ini bagus,4
saya sangat suka dengan gaya dan efek nya sangat bagus untuk saya pribadi,4
"game udah bagus,cuma jaringan nya doang yang harus dibenerin,kalau mau main divisi jaringan lancar pas di game jaringan nya jelek tolong konami perbaiki dan yang pake script di kasi peringatan atau yang lain",4
game paling sampah di play store maupun dunia,1
"Update terlalu gede anjir sue, game laen gk smpe 1gb kalo update -_-"" mana gameplay makin aneh. katanya free pemain giliran gacha kagak di kasih mulu t41",1
sangat menantang,2
Game bola terbaik 👌,5
"konamekkkkkkk konameekkkkk,,,,gw ws presentase kemenangan 70% kemenangan,,,pas gw lagi main di game pertama lag dan kalahh itu main divisi ya saya masih belum merasa janggal saat lag ituu, tapi pas game ke dua kenapa masih lag dan akhirnya kalah lagi di bantai musuhnya,,, dan akhirnya saya hapus gamenya,,,jujur game ini masih bersangkutan sama script dan di atur konamekk mekiii",1
gme mntplh..Buat hiburan gue niii,5
makin aneh setelah update,1
server ga pernah di urus,1
butut pisan,1
sip keren,5
total gamenya hampir 10 gb tapi makin kesini makin gak bagus kalau main online masih ada bug bugnya malaahan makin parah bugnya padahal jaringan saya bagus.,1
"setelah update malah makin berat, apalagi waktu corner kick, berasa bgt nge frezenya, padahal game lain dhp yg notabene lebih gede internalnya gak seberat ini",1
game sinyal bagus game malah leg .tambah makin ribet,2
Maaf kenapa musuh beringas Tim kita kok lemot tolonglah jangan terlalu beda jauh imbang paling gak biar gak terlalu kecewa,1
"semakin d update permainan nya makin buruk kontrol nya jelek bgt,salah passing kalau",1
jossss,5
yang bener aja pemain gua yang baru masuk yaitu mbappe di menit 80an kalah sprint sama gravenberch yang udah main dari awal padahal posisi pas gua ngoper pas pasan sama gravenberch itu tapi kalah sprint mbappe gua ga di body loh konami....,1
oper bola menendang bola dan makin lambat kurang responsif dan agresif..... aktifitas main Jadi kurang puas dan server ny kurang kuat,1
okelah,5
game yang sangat bagus,4
downgrade control,3
gabisa di donlot anj,1
sinyalllll jelekkk,5
"game ajing, server mu rusakkkk parah,gua kasih bintang 1",1
Setelah update sering force close,1
"update banyak bugnya tolong segera di perbaiki, bek suka plonga plongo ga jelas,bola di depan lepas malah di liatin doang ga di ambil, umpan jadi berat, sinyal full tapi in game ngelag ngelag ga jelas bet sumpah pemainnya habis update",3
"sampai 12 g habis kuota buat pembaruan, gak selesai2",3
saya kasih bintang 1 sebab buka akun timbunan di clone udah ga bisa kalo developer Konami begini trus ayo ramai2 kasih bintang 1 untuk game ini,1
saya kasih bintang empat tolong kasih liga super Indonesia GK lisensi gapapa yang penting ada yang lainnya udah bagus,4
MATCHMAKING SANGAT TIDAK SEIMBANG,1
master league yang dimaksud player memperbaiki/menabah fitur2 di liga saya bukan event singkat,2
saya senang efootball dan update nya selalu di nanti👍,5
"semua club acara region jepang tidak ada yg bisa lari,delay kurang lama,kontrol bola klo bisa sekalian mental ke lawan",1
tolong semoga eFootball™ membaca tolong ketika diberi gacha yang menggunakan token gratis atau menggunakan koin tolong untuk pemain yang peringkatnya rendah bisa dikurangin jangan sampai yang bagus cuma delapan tapi yang peringkatnya rendah ada seratus lebih tolong dikurangi pemainnya yang peringkatnya rendah,4
lagi ok yg dulu. sekejap sekejap apdate,2
game cacat,1
nambah jelk aja pas updste gp nya,4
akhirnya ada update lisensi,5
gamenya mirip pes,5
sagat luar biasa,5
tim Real Madrid gk ada,2
"Setelah update ,palah susah login padahal sinyal bagus ,hp masih work it buat game berat",4
"habis di update malah gak bisa di mainkan loading terus, pengunduhan selesai terus",2
makin kesini makin bobrok,1
bikin id ku wangi konamtod konami ngen🥰,5
lumayanbuathiburan,5
gamenya bagus .. tpi terlalu sering mau diupdate apalagi update annya langsung ngegas .. parah !!,3
gameplay mkin tolol,1
"minimal akun lama yang di kasih hoki, nahh ini cuma akun baru yg di kasih hoki setiap gacha",3
entah mengapa sekarang kita nggak bisa bisa login untuk masuk ke game lagi hanya stuck di loading awal masuk saja... admin gimana padahal sudah di update,1
"monyet ges update ngulang lagi dari nol monyet monyet, ku aing hapus anying",1
game paling tolol yang pernah saya install awal awal game play enak enak aja lama kelamaan berat nya mulai kerasa lag patah patah mulai muncul ini yang bikin game ga niat bener asli bikin game se buruk ini ga memikirkan device player jangan di sama rata kan banyak pemain kusus nya Indonesia pasti cuma menggunakan ram 3/4 harus nya bisa seimbangin agar game play nya tetap lancar dan nyaman,1
"game tidak jelas, pertandingan udah mau selesai masak dibatalkan sama Konami. mohon diperbaiki lah",1
"Game lawaakk. Makin update makin enggk jelas gameplay-nya pantesan kawann gua banyak engkk main lagi. lawak""",1
update nya terlalu besar,1
sialannya klo update kadang suka ngulang dari 0% lagi!!!,2
lumayan bagus lah,3
terlalu banyak ubdate,2
"di update lagi pergantian pemain , trus jersey di update juga, liga Indonesia di adakan",4
game kontolll anjinggg,1
gemm baguss,5
delay mulu,2
event sprint master league di pertahankan. dengan adanya event ini player tidak bosan lagi. banyak pilihan permainan.,5
pes ni,5
"buruk sekali, patah""nya GK ngotak",1
"update terus tapi server lemot,sering delay,pdahal main game lain aman game ini juga kikir,habis 500 koin emas tapi di kasihnya pemain yang ga sesuai",1
"sinyal sinyal dan sinyal,... game ini doang sinyal selalu bermasalah, gue tes digame pubg aman² aja lancar ,ini game modal pemain mulu terlalu dilebih lebihkan sisanya ampas",1
makin gak jelas,1
mantaps cuma banyak pemain main data,4
pliss Konami coba lah akun saya wangi mendapatkan pemain gratis 2 atau 3 pemain plisssss,5
"Lambat laun mulai menguasai, tetapi kendala saya di saat permainan berlangsung, liga saya kadang suka patah patah",3
"Mantap 👍 👍👍👍udah ada liganya n wasitnya mantap mantap,sedikit kekuranganya lisensi klup liga inggris, Spanyol ,italia sdikit skli n juga kostum yg dipakai tim kaku tidak bergerak seperti PS, satu lagi kasih dong liga Indonesia nya yg lain udah oke",5
Jaringan gg,5
game taik ngapain dribel jadi otomatis haeusnya lebih baik manual dan master leagea ngapain di tambahin kalau ada liga saya,2
loading nya lama gw baru instal langsung lama login nya,2
ini gimana sih kok gamenya sering apdate dan apdate nya besar sekali ukurannya membuat gamenya semakin ngelag dan lelet pas di mainkan,2
jaringan diperbaiki,1
game nya bagus dari semua detail cuman kurang di lisensi nya aja dan beberapa kekurangan seperti penalti nya yang cuman garis jika bisa garisnya bisa belok,4
mau update PES kok nggak bisa gimana nih coba,5
fifa mobile better,1
Buat dong sistem Liga Champions,5
TOLONGLAH BUAT KONAMI KETIKA PVP JARINGANNYA DIPERBAIKI DAN UNTUK JARINGAN LAWAN JUGA YG LAG DIPERBAIKI JUGA KRENA KLAU LAWAN LAG KITA JG IKUTAN LAG,1
"tolong gamenya di perbaiki, terutama gerakanya terlalu lambat, game berpenyakit",1
"tolong dong, tambahkan liga Indonesia kayaknya bakal lebih rame",5
"developer pelit, sistem gacha busuk, server gak stabil, aneh banget lah pokoknya biarpun gacha gratisan pun rasio dapat 0.1% tapi liat orang-orang kok gampang betul dapatnya",3
bagus ok,5
Makin update makin ancur konami gila. mending benerin noh soal sinyal masa sinyal bagus jaringa bagus pas maen tiba2 keluar sendiri. belom lagi sekarang maennya makin berat make pemain rate tinggi ga guna.,5
"game jelek batre low dikit langsung patah"" aneh udah pake coler juga masih ngedrop fps nya game gajelas nyusahin game play",1
"game gajelas ditinggal 2 bulan, sekarang main lagi delay parah tolong developer diperbaiki dong",1
"Di suruh Update lagi gaess..., 2.47GB. Tetap aja gak Maksimal. Ngelek, Main PVP kalo di shoot malah direbut duluan sama lawan . Tolong perbaiki , jangan Update terus !",5
game burik update nya itu burik jangan lah yang loading itu yang pengunduh selesai itu mohon tolong dimimin efotbbal jangan yang pengunduh selesai/loading hapus kan kalau update lagi.bikin orang kesal aja.,1
GK FIFA series pemain Indonesia GK mirip kayak kemarin di FIFA series dan tidak ada BRI liga 1,1
setelah update yg terbaru ini kenapa stuck ya ga bisa masuk game,5
GK jelas macet macet game ny,1
kenapa gak bisa di update,4
tolong lah sinyal nya kok berat banget sinyal nya padahal sinyal ku bagus,1
grafiknya bagus dan tolong baju real madrid dan lain lain disamain seperti yang di dunia nyata,4
"kenapa setelah update efootballku ga bisa dibuka,tolong perbaiki lagi konami dan gimana solusinya,saya pelanggan setia efooball dari dulu,saya kasih bintang 3 dulu lo udah ada perbaikan saya kasih bintang 5",3
tidak bisa main,3
keren!! mantap!!,5
makin gajelas game lu tolol,1
seru dan menarik,5
"abis update 9/4/2026 kontrol drible kayak sampah mau nyala atau nggak itu smart assist, gerakkan jadi delay, long ball nggak jelas kemana arahnya, goal poacher nggak mau maju kalo di kasih through pass, first time shot tapi bola di dorong ke jauhan sampe mental kemana-mana bolanya, kadang planga-plongo pemainnya, belokkin pemain juga jadi kaku, klo delay nya di online match ya oklah karena dari dulu kalian gk bisa benerin jd udh capek ngeluh, tapi ini lawan bot/ai juga ikutan delay, ancurrrr",1
Game bagus,5
semenjak update game play jadi tidak jelas sekali,2
update an 8-4-2026 makin ribet karna mau login aja ribet,1
"tolong Konami fitur baru nya hilangi nyawa nya ga asik, padahal fitur baru manager itu seru, itu aja sih kurang nya",3
master league nya tolong dihilangkan saja pertandingan otomatis nya,4
"setelah di update pake jaringan apapun tetep lag ,",3
"pembaruan melulu udh gitu besar-besar updatenya tp tdk ada peningkatan,,,, harusnya update besar itu semua klub eropa ada semua jerseynya.",1
game ini sangat bagus👍👍👍👍,4
"sangat smooth dan nyaman, tinggal mungkin klub besar seperti real Madrid bisa lah lisensi, dan juga ditambahin min fitur on mic biar rame",5
game rusak tidak konpotitif gamenya bola di oper arah mana pergi kemana emang game rusak engga yg berkembang makin update makin rusak gamenya,1
i think the new mode master league can be more better.,4
Hmmmm..kegedean gb bos,1
bikin pemain nya semuanya lengkap,5
saya sudah update langsung x boleh main. download pun lama saya punya internet banyak jalan pun x boleh tolong di bantu,2
game pay to win pilih kasih jaringn laaggg,1
parah akun gw gak bisa login 0% Mulu gak guna,1
"game ga bermutu kebanyakan SCRIPT,game pay to win",2
gameplay jadi berat,1
"game server sampah,laggg",1
makin sampah setelah update,1
Update 2GB lebih tp ttep sama gtu² aja njir,2
"game efootball bagus Mantap tapi di game ini tidak ada club juventus dan Jersey nya lain tidak terupdate, tolong perbarui lagi pemain nya dan Jersey dan club liga Spanyol dan liga Italy",3
game nya bagus banget cuman logo sama Jersey real Madrid ganti sama yang asli dong minn,5
Sedeng lah,4
UPDATE NYA SANGAT SERU DAN JUGA GAMEPLAY NYA YANG BAGUS TIDAK KAKU SEMOGA UPDATE SETELAH NYA AKAN BANYAK LIGA BARU 😊😊,5
"Stupid game, it's getting harder and harder. Just because there are a lot of fans, they keep updating to make a profit. If it's like this, no one will play if it keeps going up",1
game yang membantu mengisi hari hari ku tapi ada satu permintaan dari saya yaitu ketika player sengaja mengulur ngulur waktu seperti diumpan ke kiper terus tolong di beri batasan waktunya kalo habis dapat pelanggaran itu aja😝,4
analognya kadang nyangkut kadang nggak plislah diperbaikin lg,2
minimal kasi gw hazard,5
gara2 updat yang satu ini aku butuh berapa efort² untuk update soalnya gagal terus ngak tau kenapa,1
gabisa dibuka diapk clone,1
bagus,3
gak ada bayern munich gak seru,3
"Update kali ini paling rusak , game play nya makin enggak enak apalagi buat bertahan susah banget",1
tiba² logout sendiri,1
To much update,5
"game banyak skrip gk jelas..konami gk mau gw menang..pemain musuh stndar, lawan full epic, pemain epic lambat semua..tendang tiang mulu..kiper musuh retting di bawah tapi lebih jago..game gk jelas..game penuh dengan skrip",1
"sudah agak mendingan,,,",5
UPDATE MALAH JADI AMPAS,1
anjir lah setelah di upgrade beban server tinggi trus,2
mntaaap,5
game bego gema play nya rusak parah,1
ini update atau apa ngulang lagi ngulang lagi dari tadi,1
"game nya sudah bagus, dari grafik dan yang lainnya.. mungkin masukan saja biar lebih seru lagi ditambah mode buat carier jadi lebih komplit gitu bermain dari liga sampai main juga di liga champions nya 👍",4
"jangan download, game ampas yang penuh dengan scirp.",1
"konami misi sebelumnya ini demi kenyamanan semua player yg main dengan skill strategi tanpa digerakin oleh sistem, minta tolong skali sy hapus aja itu sistem smart asist, sampah skali tiada skill nya orang pake itu fitur sy mohon skali game nya udah bagus, gameplaynya jg jadi. mohon mohon skali konami hapus aja itu sistem smart asist itu sngt mengganggu bagi player yg udh full skill tapi dibuat susah menderita sama fitur mu itu, slain itu gameplaynya juga jadi berat, skian mohon di baca.",1
"Setelah update mode online PvP gameplaynya berantakan, berat, gak nyaman mainnya.",1
"banyak update gak jelas, makin kesini malah makin berat di RAM game play suka delay apalagi gak ada liga Camphionsnya tapi banyak update gak jelas dasar game penyepong Badut lona di tambah lagi kalo 1 vs 1 suka ngelag gak jelas",2
grfik nya bagusss dan adaa Persib nyaa tapi saya kenapa ga bisa main,5
"sangat bagus,dan seru",5
setelah update ga bisa login ke efootbal lagi stuck didownload,1
apk nya gabisa dibuka,1
Jersey Timnas Indonesia jadi polosan jelek ga kaya sebelum update masih sponsor sebelumnya walaupun skrg udh ada sponsor aparel baru tapi malah ga update. lisensinya dong usahain,1
"dari segi gameplay dan real face pemain udah oke, tapi dari segi Jersey dan sinyal nya tolong dong perbaiki, Jersey nya seperti Jersey club asli.",3
Nggak bisa login di apk ori stuck di 0% terus,1
balikin clone,1
nyesel gua udah download game stress ini aneh,1
game suka ngeleh sendiri ketika main,1
yang lain dapet serginho saya nggak dapet gratisan serginho sama sekali apakah ini adil?,1
bagus bangat untun main sehari hari,2
bangke lah,1
game pay to win sudah titik. no komen #MUAKTANPAPERUBAHAN,2
saran aja suara suporter nya dong biar lebih relistis,3
game sampah ..stelah update besar malah gak karuan kontrol nya .,1
"controlled is suck, never accurate, the teammate looks stupid",3
"game sampah meta nya di ubah ubah Mulu gajelas,tolong lah kembaliin meta yang kemarin,yang sekarang ga enak meta nya tolong di notice komplenan saya",1
👌👌,4
"tolong dong bajunya d perbaiki,masa tim besar kaya real madrid,man city,chelsea bajunya masih polos..kya kurang greget",3
makin kek taik gameplay nya. . jaringan ngelag trus. . padahal jaringan bagus.,2
"gabisa login woi konami, ini gimana ngestuck di 0 persen mulu, capek gw pengen main pls di fix",1
game jelek sinyal,1
"untuk script di benerin lah dari dulu script nya gajelas, rating gede kontak fisik gede tiba tiba di senggol sama kontak fisik 60an langsung jatoh kan aneh",1
game yang menyenangkan.,5
game sampah gak bisa login stuck di pengunduhan,1
for admin pleaee !! give us pack of INDONESIA national team. please,5
jearsy Indonesia masih polos,5
Loadingnya lama bgt,1
setiap ada pembaharuan selalu pemain yang dimiliki kemampuannya menurun.,5
tidak ada iklan,5
halo konami gameplay nya sudah sangat bagus tapi tolong tambahin support gamepad di mode biasa sama mode kerjasama 🙏,5
"Wifi lancar buat main game lain lancar, sedangkan buat main game ini sinyal ilang terus buat push divisi aja jadi ga nyaman, 1,2 macth normal giliran udah menang langsung lag jaringan maksudnya apa tolong di kasi penjelasan, main jadi ga seru lama lama kalo makin eror jaringanya",1
"najis semenjak update gp jdi berat , bek makin tolol ga bisa ngerebut bola, body kalah kocak ni game",1
game nya bagus banget,5
anak ku sama ku ga pernah dapet epik,5
habis di pembaruan kemarin kamis game jdi berat ga enak di maenin nya ga Kya biasa nya huhh,3
setelah update gak bisa di buka !,1
Mantap!!!,5
ini kapan mau di update seragam tim nya sesuai dengan yang saat ini seragam tim tidak pada sesuai liga Jerman juga tidak lengkap terus untuk liga juga tidak ada liga Champions nya tolong di update,3
"opdetan baru kok macet macet y sekarang, tolong di benerin bosku",3
setelah pembaruan ngelag parah,1
"NAJISSSSS KT NYA GAME KOMPETITIF, NYATANYA PAY TO WIN😹😹😹",5
smart assist make this game not fun anymore!!!!!,1
smart assist + script !!,1
"habis update malah rusak ini game, gimana ini konamex",1
sarannya jangan terlalu banyak pembeharuan,5
sudah baik 👍,4
"saya cuman punya 1akun ori eh malah stuk di loading kgak bisa masuk lepas update ,apaalah",1
game bagus grafik nya mantap pokoknya semua bagus tapi tolong dong kalo lagi sinyal jelek sedikit aja itu ganti aja sama AI kyk di FC mobile,4
"tolong perbaiki lagi soal gameplay, masa udah paling rendah masih lag padahal sebelum sebelumnya gak lag sama sekali lancar lancar aja, jaringan naj1sss busukkk padahal bagus masa ngelag ni jaringan. perbaiki lagi lah soal jaringan udah menang aja bisa kalah gara gara jaringan busuk, jangan fokus jualan kartu mulu, jaringan tuh fokusin dulu biar bagus. ingat itu buat KONAMI",5
sering update,2
Konami can you add Liga 1 (Indonesia league) pls,5
game bagus aja y,5
Kalau update terus harus nya ada game UCL nya juga biar lebih seru.,4
selalu setiap update pasti server semakin buruk.,1
game yang seru apakah kalian suka game ini abis itu aku Sapah,4
"tolong hapus fitur smart assist, kalaupun tidak dihapus tolong hanya sediakan untuk akun yang baru saja, tidak adil rasanya bermain melawan tim yang penuh pemain epic + smart assist, tolong kerjasamanya konami , itu fitur disediakan untuk pemula tpi kok yang pakenya kbnyakan player "" lama.",5
game ini sudah bagus tapi kurang jersiy real madrid kurang bagus min dan logo ya kurang hd min tolong jangan pemain doang ya bagus min tolong min 🙏,5
gacorrr bagus grafik nya dan knp tim saya terus hilang 😓😭😭😭,4
"game tolol, dowload data 1,5 Gb aja sampai 2 hari, itupun menghabiskan paket data 20 Gb",1
"Saya tidak paham mengapa akses ke server dibatasi, dan selalu keluar dalam game. tidak ada indikasi bahwa sinyal provider saya yang lemah. jujur, kali ini saya kecewa dengan update terbaru, dengan update 2+ GB yang tidak relevan. master league yang digaungkan konami ternyata hanya event berdurasi. terlebih, lisensi liga 1 indonesia tak kunjung terealisasi. terima kasih.",1
setelah update terbaru kenapa aplikasi tidak bisa terbuka,1
game buriq gameplay lambat bertahan hancur game hancur setelah update,1
"kenapa lambat kali gamenya waktu update, waktu main, semua lambat tolong buat gamenya jadi cepat dan update nya cepat",1
hp udah bagus sinyal ok masih aja patah patah game jembutt,1
"apa apan ini pembaruan 2,5 GB baru kali ini main game separah ini pembaruan nya gak ada otak",1
"abis update malah masalah server mulu, ke restart teruss kacaauuu",2
Ngak bisa Mabar. By one Ama teman,5
lumayan,2
"game sampah, update bukannya malah bagus tapi malah buruk,gameplay nambah berat lagi, ga belajar dari kesalahan",1
game kacau,1
GAME KONTOLLL,1
game ini sangat bagus untuk HP ram nya 8gb,5
"kenapa ya setelah update terbaru, beban game semakin berat. setiap login, selalu terhambat dengan alasan ""beban server terlalu tinggi sehingga dibatasi di akun anda"" tolong diperbaiki?",5
seru gamenya,5
"untuk semuanya sudah bagus namun di tingkatkan lagi permasalahan jaringan, jaringan terlalu berat untuk bermain efootball ini gerakan menjadi lambat. padahal. jaringan penuh namun ketika bermain terlalu lambat gerkanya",5
"WOI KONAMEXX!!! KALO JARINGAN DOWN TUH PALING GA PERTANDINGAN INVALID BUKAN MALAH KALAH!!!! UDAH MAH BANYAK SCRIPT, SMART ASSIST GA GUNA",1
kurang enak ga jelas,1
undate terbarunya ngelek+ngefrem parah kayak ga bisa dimainkan,1
update 2.5 GB kursor tidak sesuai yg dimainkan,1
"game bego kontrol udah bagus malah di ubah malah makin planga plongo tolol , mikirin pemain yang topup doang, yang top up nya dikit malah di kasih gacha ampas terus , developer kikir",1
kenapa gamenya di Batasin sih jadi malas main aku kek gini terus,5
game stuck di 100% terus login ulang gak bisa,1
habis update gabisa d buka Lolll tidak ada alasan apapun untuk kasi bintang 3 apalagi 5,1
"apk ORI pun TDK bs download data akibatnya TDK bs maem LG., update tgl 9 April 2026 perlu pembaruan yg LBH baik",1
game nya bagus tapi harus punya sinyal bagus klo gk bisa emosi,5
kenapa kalo mau ambil claiman harus login lgi,1
ampas kaga pernah dapet kalo gaca,3
ligaa indonesia dong masa Malaysia udah indonesia belum?,5
delete smart asist!,1
"satu game bisa kena tiang 4 kali padahal finishing 89, ini game kagak realistis",1
Game tambah buruk,1
The Master League Sprint event is garbage.,1
tambah karakter expresi wajah,2
banyak bug...setiap selesai maintenance permainan mangkin tidak enak... jangan download aplikasi ini,1
GAK PERNAH DAPAT PEMAIN. GACHA BERAPA KALIPUN GAK DAPAT. SUSAH. SANGAT KECEWA.GACHA 17 Kali GAK DAPAT YANG EPIC. ADA MASALAH APA eFootball Dengan Saya???,1
habis update malah gak bermutu,1
stuck update now 11 april 2026,1
kembalikan pes kami yang dulu lagi,5
akun saya kehilangan tiba tiba,3
game dan grafiknya bagus cuma saran kalo bisa di kasih pilihan untuk wasitnya biar wasitnya GK cuma satu🙏,5
"aplah gak bisa login ,udah disayang sayang malah di lupain dasar kacang lupa kulitnya",4
cukup bagus,5
"sejak update kemaren makin ribet sering kluar"" game ny makin parah 🤤",2
game seru..asyik buat di mainkan,5
Benerin lah abis update maen ngga enak stamina cepet abis defend jelek gausah update udah bikin ga seru update sakit,1
kbnyk iklan,3
grafik nya sangat bagus dan permainan sangat hd saya senang bisa memainkan game ini,5
"mau coba main, yang katanya paling susah banget ngumpulin pemain dengan club yang sama. apalagi kalo udah beli paket.",5
"update malah bikin dribbling makin gampang direbut, padahal dulu enak banget buat muter muter susah direbut lawan bolanya, sekarang gampang banget direbut makin ga seru gamenya",2
"Terlalu besar, membuat Hanphon tidak bisa menginstal, jaringan full tiba2 leg, awalnya saya Fikir jringan, tapi aku pelajari ini bagian dari gamplan tersebut",1
abis update di versih sekarang ni banyak bugnya pas mode latihan bebas malah layar hitam ga ada pemainya terus udah pilih tim dasar mala ga bisa main aneh ni konami game ini udah bagus perbaiki masalah ini,3
ngasih lawan yg sepadan anjg,1
"saya update yang katanya cuma 2,44gb kok sampe 8gb blum selesai²",1
Tidak bisa di Update,1
gamee bagus kurang nya ga ada gopur nya,5
Update 2 GB ini update apa download games baru 🤦,1
makin burik,1
"smart assist ganggu, game rusak",1
saya udah nge donlod game nya tapi nga bisa di mainin tulisan nya pengunduhan selesai padahal tadi udah 100% habis itu jadi nol dan nga bisa di apa apain,1
"gem ini bagus dan keren, saya punya kata kata lebih baik main bola dari pada main cewek yang sudah punya pria",5
ini game sangat tidak di rekomendasi kan game tolol makin gak jelas pemainnya juga ga jelas gemplenya juga berat,1
"kog jadi suka ngelek y,biasanya ngk",2
tolong kembalikan gaya membayangi otomatis sekarang,2
data sudah ditautkan sandi pun sama kenapa tidak bisa login mau beli pemain pakai pion efootball tidak bisa buruk sekali jadi tidak mood,2
defend nya makin jelek setelah update,2
"Konami why you made match up so hard to use and why the goalkeeper always come out from the post, bad update and worst",2
konami medit epic,1
"gk bisa di update kenapa ya, pake wifi gk bisa paket data gk bisa, stuck di 3% trus gagal",5
ukuran aplikasi terlalu besar,1
ini gem udah bagus tapi sayang sinyalnya udah bagus tapi ngelag ngelag tolong di perbaiki konami konami apak apa an ini sleding tekel kagak enak mudah pelanggaran kek mana ini konami,5
bagus gamenya kompetitif,5
punya saya engga bisa masuk ke layar utama,2
akun saya dari dulu sampai sekarang hilang terus tidak tahu mengapa bisa hilang terus akun nya,1
"game rusak, pengunduhan selesai udh 100%, tapi ngestak,nga mau masuk game rusak,game tolol, makin di update masuk tolol",1
"tambah buruk, GK jelas",1
"udah update nah trus di layar utama kan ada download lagi nah disitu lama banget ga nambah"" downloadtan nya gimna nih?",1
"game dengan server yang paling ampas, update terbaru defend membayangi malah di nerf 👎",1
"selama update aneh aneh ajaa di download susah kali ntah kek mana ni pes, tau gini mending main game sebelah aja",1
setu cok,5
game ini sudah bagus tapi tolong update nya jangan bayak GB nya,5
kapan liga indonesianya?pengen banget pake persebaya nih🤭🐊💚,4
kecewa,5
"game lah parah, kikir, semoga bangkrut lu",1
setelah di update menjadi lebih berat patah patah padahal sinyal kuat dan hp mendukung,4
"tolong dong konami setelah update kamis kemarin tanggal 9-4-2026 gameplay nya makin aneh, pemain defense planga plongo sliding tackle makin susah kalaupun kena itupun langsung pelanggaran eventnya juga gaada yg bagus kirain update dengan size yang besar bakalan ada peningkatan eehh nyatanyaa engga kasian yang update dengan kuota pasti mereka sangat kecewa",3
habis update besar tidak ada perubahan sinyal penuh malah tidak bisa di gerakkan parah,1
"dasar kalian aib jepang, sistem ai yang kalian bikin untuk pergerakan bola sangatlah jelek dan tidak akurat dengan kondisi pemain naik. apakah kalian tidak belajar dari tahun 2019?",1
GAME RUSAK,1
game bagus grafik nya hd tetapi sering ngeleg,5
sangat keren ini game👍,5
"Gameplay bukannya makin bagus di semua sisi, malah tambah parah..",1
geme in seru ini,5
hapus data ga bisa pake klon ga bisa mau nya apa sih ini game mempersulit player gratisan mulu,1
game nya bagus kali dari grafik tapi game nya ngelag parah tapi saya beri Bintang 4,4
"setelah update yang terbaru jaringan ketika bermain mode pvp sangat buruk sekali, saya tidak tahu ntah apa yang ada dipikiran para staff efootball ini pokoknya kecewa sekali atau di uninstall aja kali ya",1
ge bagusnya mantap,5
"setalah update ""Script"" mode ON... kocak emang konami..",1
perbanyak lisensi tim dan stadion dong biar lebih seru,2
"ga bisa login gw, game aneh padahal ga pake clone",1
"ini game bisa tiba² mutusin signal, uninstall massal dong",1
bagus tetapi kurang banyak geratisan dan semakiin berat,5
terlalu banyak pembaruan terus males jadinya update terus,2
"game lemot, ngoper lambat bngt",1
Lag parah!,1
ini konami ko efootball ngeleg banget ga bisa main. bikin frustasi coo,1
kalo update di bagusin apa,5
"a lot of cheater in pvp, rarely new legendary players, new version too heavy, slow and worse than previous version",1
"efootball sekarang susah bener dapetin pemainnya. padahal udah abis koin gede event si banyak, tpi cuman buat pajangan doang.",2
sumpah ini permainan bagus banget 👍👍👍👍,5
"spend my money 10.000 coins then gatcha but get nothing, so ridicolous",1
"update kali ini sangat parah sekali , mau buka aplikasi ori aja susah dan sekarang mau transfer data pun gak bisa , apakah ini akan menjadi awal kehancuran konami , saya sebagai pemain sangat tidak bahagia dengan update kali ini , ingat kalo pemain sudah tidak seneng mungkin game ini akan sepi..",1
Baguss l,5
"Your suggestion makes a lot of sense 👍 especially here in Indonesia, many players really want Liga 1 Indonesia to be included in the game. If you’re talking about games like eFootball or EA Sports FC 24, Liga 1 Indonesia is still not officially included yet..",3
"HAPUS SMART ASSIST DARI DIVISI!!!!!!! PLENGER BANGET NIH DEVELOP, BUG JARINGAN GAK DI FIX, APALAH",1
semenjak update gameplay jadi berat passing jadi acak²an tolong lah bukannya makin bagus malah makin jelek!!!,1
"Kenapa min ga bisa cloning apk buat login beberapa akun, kalau gitu mending buat settingan switch akun karena user e football pasti punya lebih dari satu akun. mohon solusinya min!",1
kasih hoki konami,5
bagus tapi ngelek terus semoga tambah bagus ya,5
"Game efootball konami Ter aneh sedunia, Mau hapus data pun buat penggemar baru download game nya ajah harus lama banget, gak kayak dulu langsung cepat download nya, inih apah coba harus lelet download dalam game nya, makin sinih sanah gak bakalan laku nih game,,, Habisin voucher kouta ajah kau Konami buat download dalaman game nya, Balikin game efootball seperti dulu jangan ribet download dalam game nya wahai Konami",1
kalo emang gak niat bikin game ga usah bikin game bikin game kayak summertime saga aja,1
pengumpanan yang sulit,1
min kasih karakter pemain nya yg jelas min biar seperti aslinya dan club juga sekarang banyak yg hilang,5
"Eventnya sekarang sudah seru, tp update paling terbaru diubah gaya mainnya, attacking nya makin op, tp defence nya makin g jls sama tekelny sekarang udh susah, jd mohon diperbaiki",5
tlg jgn selalu di upgrade,4
Game sepakbola terbaik...grafik bagus...favorit,5
"Luis Flaquer, sampai sekarang belum ada di paket komentator resmi eFootball Mobile Android. Jadi kalau komunitas ingin suaranya masuk, memang perlu diberi masukan langsung ke Konami. Biasanya ada dua jalur: - Feedback in‑game: di menu Support atau Contact Us dalam aplikasi eFootball, ada opsi untuk mengirim saran. - Forum resmi & media sosial: Konami punya kanal resmi di Twitter/X, Facebook, dan forum eFootball. Di sana pemain sering mengusulkan fitur ba",4
"TERLALU LAMBAT UNTUK MAEN ONLINE, KAYA SLOU UNTUK MENGOFOR",5
sangatt enakkk dann meyankinkann,5
update mah stiap minggu. bukanya tambah bagus malah tambah lucu. ngelag abis. kaya motor mau kehabisan bensin,1
1. Kursor susah di control saat bertahan 2. Laga vs teman tidak ada,5
game ini sangat bagus sekali untuk dimainkan,5
semoga akun saya hoki,5
game taek senengane nyendat nyendat gak jelas sinyal e musoh e Yo Ra seimbang sisan Cok dan Cok,5
tidak bisa dimainkan saya sudh donwload tapi pas mau kasih masuk akun konami malah di blokir efotbal ngak jelas,1
game burik,5
👍👍👍👍,5
game nya ya lumayan bagus sih,5
"gamenya dan grafiknya bagus...cuma satu tambahan coba di tambah pemain yg baru...kaya Zidan , Ronaldo nasario, Henri....biar lebih lengkaplah.... Dan coba perbaiki saat mode pencarian lawan di ukur berdasarkan rating tim dan level player lah...",5
main online pvp selalu lag dan bug padahal sinyal wifi stabil dan hp juga mendukung saya menggunakan Handphone Samsung A56 5 G tapi masih saja grafik jaringan low dan lag,1
Overall keren semua... hanya saja masalah PVP sering terkendala jaringan dan berat banget mohon di perbaiki,5
efotboll ini sangat bagus,5
bagus game nya tapi banyak banget pembaruan yang ukurannya ga kira kira sama aja kaya download ulang stres ni,5
keseringen update,4
gacha engga pernah dapet,1
tolong lah ada in lagi lisensi baju timnas indo,4
bagussss kalo bisa tambahin liga Indonesia dan perbaikan jaringan sinyal wifi bagus tapi masih suka ngelag,5
grafik nya sangat bagus,5
"logo club nyaa di update jadi kayak yg asli, update nyaa juga jangan sering' takut hp orang' kayak guaa GK bisa nampung ni game",3
gameplay ngaco jadi kaya fifa pemain kaku,1
seru geracik nya udah kaya vs 3,5
"gamenya punya gameplay,grafik,dan kartu pemain ikon yang cukup lengkap. minusnya ini game sepi event dan hadiah yang diberikan juga bisa dibilang kecil dari maintenance dan event.Tolong juga servernya diperbaiki agar menjaga kelancaran jaringan dan gameplay saat bermain melawan player lain.",1
"please upgrade your connection, use data and WiFi for combination to support fasters connection like mobile legend",3
bagus banget gua suka tapi masih noob hehehe bagus juga grafik nya cocok juga buat dimainkan bersama teman gua kasih bintang 5 soalnya grafik pemain bagus tapi buat hp android makin bagus jugaa ayo cobain sekarang juga gua suka ini,5
yang ini lebih dan hati,5
tambah lisensi liga Liga 1 Indonesianya,5
plis ada kan event untuk Ronaldo Madrid,5
download dalam game 0% terus,1
pas saya masuk ke game ada ppengunduhan selesai tapi ditunggu g masuk masuk ke gamenya tolong diperhatikan bug seperti ini,3
makin kamu asw gameplayaa tolong di kembalikan,1
game tolol habis update malah ga bisa login,1
gak bisa di update,1
gameplan nya delay bgtt sumpah,1
tidak bisa update yang,1
tolong lah jangan gede2 juga kalo update pembaharuan.,4
"bintang 4 dulu, aku sarankan di liga saya tu,buat kompetisi liga champions(UEFA) dong",4
"OI KONAMI, kenapa saya tidak dikirimi kode buat tautin akun ke konami id, kalo udah baru gw kasi bintang 5",1
Gamenya bagus,5
update kok clonenya jadi gak bisa,1
game ga jelas jaringan bagus tbtb kluar sendiri kadang lag pdhl jaringan bagus game pemancing emosi sampah,1
sangat bagus game nya dan seru,5
kasih seperti liga champion nya dong biar gk monoton liga terus dan piala piala lainnya,5
Game skrip babi Kseh bae jaringan konami,1
game jlk gw gak bisa masuk padahal email udh diisi dan password udh bener tetep ajh gak bisa 🤮,1
Setiap pembaruan tampilan -tampilannya yang lebih menarik dan berkualitas.,4
Game Ini Bagus,5
terlalu banyak update nggak jelasssssss,1
MASTER LEAGUE ❌ MONEY LEAGUE ✅,1
game yang sangat suka dan saya suka dengan permainannya dan tolong kepada kepala efotboll loang keluarkan club bri liga 1 indonesia dan club champeun liga 2 indonesia seperti club ada di indonesia semoga dapat dibaca dan dirilis club liga 1dan 2 indonesia amin semoga cepat rilis,5
kena sekarang susah untuk masuk nya bukan nya makin gambang masuknya malah makin susah,5
worst gameplay ever,1
gameplay defens terlalu aneh mohon untuk di tinjau kembali,1
konami tlonglah jgn km plyer bansos gk pernah dapet klau gacha pemain epik. .saya selalu zonk kalau gacha. . tlonglah konami,1
tolong master league d perpanjang dan tidak usah pake nyawa,4
game sampah! nyesel pernah mainin ini game,1
"Player movement is a little different, passing is slow and sometimes inaccurate",3
gamenya gak usah di tanya lagi grafik bagus semuanya bagus tapi tolong di Adain mode offline nya plisss banget tapi ada satu pertanyaan kenapa downloadnya asalnya 2.5GB jadi 304MB tapi bagusih konami gak kikir,5
menurut saya game nya udah bagus tapi tolong tambah kan liga Indonesia plisss,5
Kapan ada wasitnyaa,3
"skrng sudah menjadi game sampah setelah update, banyak banget merugikan gaya main gua, selamat tinggal e football, saya akan pindah game",1
akun lama gak bisa di login lagi,1
tolonggg tombol membayangi benarin,1
game super duper kikir udh habis ratusan ribu dapet sampah doang,1
"sesuaikan lagi untuk stamina pemain, update terbarunya sangat boros sekali",2
bagus bamget,5
Tampilkan statistik individu setelah full time,5
game rusak cuma buat org yg topup beda pas zaman PES,1
"ini kenapa setelah update jadi ga bisa buka aplikasi nya?udah di tungguin 1 jam,padahal kuota aman pake wifi juga Aman TPI ttp tuh GK kebuka",3
makin ancur lemot kontoool.,1
"tolong apdete pemain timnas Indonesia pemain yang terbaru jangan pemain lama,dan liga Indonesia harus wajib ada juga masa malah liga Malaysia haduh parah,di tunggu liga Indonesia yang ada pasti seru",5
akun sec ku gabisa dibuka setelah update.,1
"makin gak jelas game tolol bego,makin hari makin ribet dah game",1
Ini kenapa sii.. gak bisa login semenjak sudah pembaruan,4
"sinyal nya bagus ,tapi suka ngelag ...bisa di bantu para suhu hrus gmn supaya ga ngeleg pas lagi main...🙏🙏",4
bagus banget tapi bisa tak tambahkan liga Indonesia,4
tolong loading y jangan lama&jangan banyak notif yg harus d selesai kan,3
"game Taik... dia buat even pemain epik dari iklan ,tapi akun dioersulit ninton iklan",2
👏🏻,4
"untuk game ini sangat bagus cuma tolong yg udah bikin ini game tolong tambah kan fitur liga 1 Indonesia nya dong kan Malaysia, jepan , Korea dan thailand udah ada. sekarang tambah kan liga 1 Indonesia nya dong tolong biar bisa main lebih bgus kan baik lagi Terima kasih",5
Seru banget game nya apalagi kalau makai David Bechkam,5
OK bangett,5
"levih banyak peningkatan bagus .,, lanjutkan konami",5
ga bisa login padahal ga ada cloning,1
"master league yang tidak niat, tidak ada bedanya dengan my league. cuman ditambah fitur transfer pemain, itupun dari gacha 🗿⭐",1
"Sejak patch terbaru, sering disconnect padahal jaringan stabil (pakai WiFi 20 Mbps). Mohon diperbaiki server agar pengalaman main lebih lancar. mohon perbaiki sistem kipernya terlalu mudah kebobol, kiper bagus tp selalu telat nangkap bola, kalau bisa next update kipernya sering melakukan save dan jarang kebobol, kipernya setelah nepis jatuh, lama bangunnya sering kemasukan bola tolong perbaiki agar lebih menantang dan optimalkan lagi untuk hp low ram 3/4 agar enak mainnya,Terima Kasih.",5
keseringan update ini game.... malah update y gk ngotak lagi....,1
verygood,5
game tolol kalo bisa dikasih bintang nol aja pemain nendang aja lama dilay nya padahal udah pencet umpan masih belum nendang dasar game kebanyakan update,1
"ayolah kompetisi sistem kelasmen diadakan, seperti UCL, UEL dll, bukan hanya liga domestik aja. liga domestik tp ada sistem untuk lolos ke liga champions sperti itu. mulai malas maenya.",2
"di update malah makin gak jelas, gak bisa bertahan woiii Konami",1
Boleh lah,5
makin update makin ga jelas,1
saat ini efootbal ver 4.0 lebih teratur sudah banyak perubahan dari sisi jaringan maupun grafik ini game terbaik menurut keyakinan saya,4
wasi gak jelas taik emosi gw sama wasitnya,1
"game nya baik, tpi kenapa ni saya update malah sperti instal game rpg 2 gb, saya update game tapi kek instal lagi ini gmn?",2
ku kasih bintang 5 kalau udah suport gamepad,4
bagus jirrr,5
ya minimal 1 banding 2 atau 3 gtu klo mau ngasih epik ini mah ngasih hadiah epik cuma 5 banding nya 250 udh mah hoki²an tergantung server,3
master league kocak update paling jelek,2
"klo update tolong langsung di dlm aplikasi efootball, jangn update di PlayStore kadang suka lemot update pembaruannya, klo bisa update pembaruannya langsung di aplikasi efootball aja min",1
"Tolong diperbaiki karena setelah di update aplikasinya, saya tidak bisa masuk ke beranda. Pengunduhannya enggak mau jalan sama sekali, 0 persen terus-menerus padahal sinyal tidak bermasalah.",2
"baik, semua sepatu nya harus upgrade setiap ada seri keluaran baru",5
"sangat realistis dan sayang nya Jersey nya agak agak jelek tapi 9,5/10",5
Sagat bagus tapi setiap hari Jum'at apdet,5
permainan ini sangat seru dan menarik,5
game nya bagus👍,5
bagus. tapi kureng.,4
game buruk,1
kadang gak jelas updatenya,1
kenapaa gabisaa loginn woii konamii,2
kok tidak bisa dierbarui ya min.. mohon penjelasannya.,1
Gamenya udah bagus tapi kok selalu update selalu dan gaya pemain hanya gituh2 saja terus kalau bisa mulut pemain kok gituh2 aja kak kaya di PS yang kalau buat gol lansung ke buka ini malah kok mulut pemain tertutup terus kaya di jahit mulunnya pemain ini hanya sekedar masukan agar gamenya lebih seruh seperti PS gituh ini kebalik mulut penonton yang buka² lebar kalau ada gol tolong dong kalau update itu semua dang liga cupnya dan champions di adakan dong ini hanya saran saja agar lebih sepurna..,5
gemnya bagus,5
"nggak bisa login setelah update, benar² mengecewakan",1
"game sudah bagus sekali .. saran saja pergunakan uang untuk membeli dll . jangan hanya menggunakan koin , uang nya tidak berguna",5
"ga rekomen masa setelah update kemarin akun saya ga bisa di buka harus nunggu loading, tapi saya tungguin malah stuck di 0",1
"game rusak, update malah gabisa login, paket udah habis 12 gb tetap gabisa,",1
sekarang gabisa clone aplikasi,2
the best game fottball,5
makan memori doang..costum club bnyk yg polos dan pemain lama semua,1
"overall secara gameplay sudah bagus, hanya saja saya minta tambahkan fitur TopSkor, Best Player, Kiper terbaik, juga durasi menitnya bisa di tambah agar bisa lama, dan lain sebagainya.",5
update sekarang ko jadih gini yhh padahal jaringannya bagus. tapi pas main jadi buruk padahal update kemarin nggak kayak gini,1
Game k*ntollll,1
seru & asik untuk di mainkan di waktu senggang,5
LAAAAGGGG BAAANGGEEEETTTT WOIIIII,1
"bagus banget, tapi sayang ak susah untuk belajar , gocekan",5
Setelah update gabisa login aplikasi ditablat huawei,1
updatenya gagal terus mentok di 86%,1
tolong kembalikan kuota saya padahal udah mau selesai malah ke ulang padahal jaringan aku bagus loh mana tiga kali lagi ke ulang tolong balikin kuota aku,3
tidak layak di sebut master league,1
"udah menang 3-1 tiba"" musuh mengakhiri laga, laga di batalkan ga jls nih game",1
keren menurut saya? tapi tolong untuk iklan di non aktifkan 🫶🙏,5
Adain liga Champions pasti seru bangat,1
Fitur master league yg buruk dengan ada nya stamina 10/10,1
update.an terparah...akun ke 2 gak bisa di buka..di update loading stuck balik lagi ke 0..pake wifi maupun data sama saja,2
game bagusss bange55ttt,5
game vevek,1
setelah update jadi barat ini game bek pada ngelord mulu,5
mending maen pubg gk bosenin maen dapet pemain busuk semua udah 3 th maen kaya gini ja,1
gasuka Terlalu sering update memory penuh woyyy,1
"wasit nyusahin, gk adil, gk becus juga",2
game keren ssiiiiuuuu,5
"update terbaru banyak bug, 90+1 menit wasit kaga niup peluit pepek",1
Sinyal bagus tetep ngelag .wkwk,1
tiba2 pas update berhenti 3kali 40% 65% 50% gua update Pake paket data ya ga gratis njirr,1
menarik dan tampilan game sangat realistis,5
"ini seriusan?? event master league yg udah di nanti nanti beberapa orang, di kasih energy dan beli energi nya harus pake koin???? kikir banget wok, sumpah kikir banget",2
woy Konami ini update berapa GB??. udah dataku udah terkuras 4 gb dan belum selesai download nya?,1
"setelah di update makin aneh gameplay nya pemain jadi pelanga-plongo padahal bola udah di kaki tinggal congkel doang tapi bola tetep bisa lewat, gw kasih bintang 5 supaya komenan gw ada di atas.",5
"ga pernah berubahh, baru main pun dikasih lawan 100+ full team padahal saya baru main. perlu dirubah matchmaking pvp nya. PAY TO WIN👎🏼",1
berat,3
"kapasitasnya gede bngt ajg, update udh brasa kyak download baru",1
mau update malah stak downloadnya kocak,1
"UDAH BAYAR TAPI ITEM GA MASUK , UANG HILANG ITEM GA DAPAT RUGI",1
kenapa punya ku ga bisa di buka konami,3
tolong dong buat transfer data jangan dibatasin,3
"tolong di perbaiki sistem mendapatkan pemain dan server nya,",3
woi gua akun ORI kok gabisa maen sih malah stuck doang gimana sih nih game padahal gua player lama loh masa harus dipaksa pensi sih!!!!,1
"lama gak main ,dark sistem, menangnya diseting",1
Setelah di update jersy indonesianya balik lagi ke awal jadi polos,5
"cuma menang grafis, tp tuk gamplay pvp, lawak",1
udah download habis 5gb ngulang terus,1
game nya seru rame pokonamah,5
terbaik pokoknya 👍,5
kenapa konami setelah saya Update kemarin GK bisa lagi login ?? tolong di perbaiki,3
update nya ga ngotak,3
"mangkin di update system mangkin tidak jelas Konami , server sering down.",1
game anomali,1
makin berat aja game play nya .perbaiki lagi,1
banyak bug saya badmood mau gacha gabisa padahal udah siapin uang 3 jt abis top up,1
"HABIS UPDATE STUCK LOADING DOWNLOAD, SETELAH BISA MASUK GAMEPLAY BANYAK DIUBAH, KIPER KENA SHOOT JARAK JAUH 1 SHOOT GOL, KALIAN ITU UPDATE BUKANNYA MAKIN BAGUS MALAH JADI SAMPAH!? KEMBALIKAN MODE DOWNLOAD SEPERTI PATCH SEBELUMNYA! ATAU TUTUP SAJA SERVER !",1
"Game yang makin buruk, sulit untuk memperpanjang kontrak pemain, harus punya masa perpanjang kontrak dahulu, dan membeli masa kontrak harus memakai poin e football dulu baru bisa memperpanjang pemain dan pembaruan Sekarng makin besar aj sampai 2,5 GB 🤦",1
"game gk jelas makin update makin susah defend game gacah berkedok bola,sinyal server gk pernah dibenerin padahal 1v1 doang antar player main masa harus make kabel LAN terus tiap hari dimarahin ortu lah makin update makin gk jelas",1
saya kecewa karena masak hadiah gak bisa di ambil,2
ga usah update aja sekalian update bukannya buat seneng malah buat emosi,3
saat mendownload data selalu stuck dan gagal,1
"game ampas, sinyallu ampas, kebanyakan script game lu",1
"kenak looping pengunduhan data tambahan habis sampek 20gb ngulang ngulang aja progresnya. udah 60% muncul lagi notif download data tambahan jadi progresnya ngulang,gitu terus selalu. menyerahlah akhirnya udah 5 jam kenak looping.",1
"setelah update gameplay jadi aneh,tolong kembalikan ke gameplay sebelumnya",2
game nya mantap,5
"min yg make clone gimama ini... ""Download Completed"" stuck",1
very good game....,5
"ini game lama-lama membosankan, sistem takut kalah pemain AI yg dimainkan gulit dan gulit, menit akhir banyak diuntungkan, gol tercipta kebanyakan offside, jika sistem keadaan kalah poin tambahan waktu lama. sebaliknya kalau player kalah tambahan waktu 1menit.",1
overall bagus.. mohon buat developer tambahkan komentar bahasa indonesia..pasti seru untuk kami player indo mendengarkannya.,5
tolong developer kembalikan gaya main dan kontrol seperti patch kemarin karna sangat susah bermain ntuk patch sekarang dan juga saat saya mau gunain skill individu pemain contoh doble touch. kayak gak bisa bisa gitu padahal saya jago main nya. tolong developer kembalikan kontrol yg seperti patch dulu,2
kenapa semenjak di update tidak bisa di download lg stak di angka 82% gak mau nambah lg,2
tolong bagusin dong jersy2 nya tau masukin liga indonesia kan seru,5
makin di update makin gajelas padahal cmn mau claim item doang pakek server padat segala mana update nya sekali seminggu memeg memeg,1
bagus si di jamin 1000% ga nyesel,5
game bagus cuma kura ngi pembaharuan nya terlalu sering,4
bagus banget,1
menurut saya sudah bagus semua tapi tolong master league nya jangan pake nyawa karna kita sedang asik asik maen tiba tiba nyawa abis mau isi nyawa juga harus pake koin jadi tolong itu aja yang harus di perbaiki lagi sangat minta tolong kepada Konami🙏🏾,5
"500koin diskon dapet nya busuk , kocak",1
dear developer tolong kembalikan jenis kontrol yg kemarin dan juga tolong kembalikan kontrol buat skill individu yg seperti patch dulu. untuk kontrol yg sekarang sangat susah memainkan nya. saya sudah coba 10 game itu membuat kepala saya pusing jika memaikanya karna gak sinkron dgn otak saya jadi saya mohon buat developer buat patch selanjutnya kembalikan jenis kontrol dan skill individu seperti dulu supaya enak mainya dan gak bosen,2
"game busuk lemot,grafik patah-patah lawan gak sepadan,jaringan bagus pakai wifi putus-putus mulu game jelek sekali gak layak jadi game terbaik jelek semua pengembanganya",1
"udah 2 kali main divisi dan posisi lagi menang, ehhh malah keluar keluar sendiri padahal jaringan juga udah bagus",5
Mantap...,5
game makin gajelas,1
good,1
"buat developer, cuma sekedar nyaranin kasi leg pertama dan leg kedua di match nya, pasti semua bakal suka si, kaya vibes"" ucl, tolong yaa developerr",5
because I rarely get my luck when gacha epic player...please give me epic gacha luck I will give 5 stars👍,4
makin lama makin aneh,1
INI menurut aku game bola terbaik siii,5
"game bagus, seru",5
"game dengan jaringan paling burik sedunia, game tolol",1
joss game terbaik,5
"sayang nya Akun utama saya hilang, padahal sudah saya takutkan ke Konami.id tapi konami nya tidak menanggapi. padahal saya sudah habis habisan untuk Top up Efootball coin, mungkin kalau di hitung adalah sekitar Rp.5.000.000 dengan squad AC Milan full epic legend bigtime highlight POTW maupun paket.",4
"kembalikan seperti sebelumnya, agar bisa di gunakan aplikasi clone",1
kenapa gagal terus ya update nya balik ke 0% terus meski sudah berjalan di beberapa % donload datanya,3
tambah update tambah ngak karuan njirrr di batasi akses pula,1
game jelek selalu ngelekk main,1
"setelah update game nya sering bermasalah, susah login",1
game nya udah bagus tolong @konami liga saya. di bikin lebih bagus contoh ada liga champions nya itu bagus banget. terus sprint master league kok kayak nggak niat bikin nya percuma donwload banyak tapi hasil nya tidak memuaskan tolong di baca dan di perbaiki lagi??,5
Update nya engga abis abis erorr burik emang,1
masih tahap awal,2
stuck di 0% terus,1
"Server dibatasi maksudnya gimana, kalau mau maintenance ya lakukan saja, server dibatasi lagi banyak yang on gitu ? , kacau! uninstall dah cape",1
liga nya perlu di perbaiki lagi,4
update sekarang tambah keren dan super HD,5
pembaruan terus,1
bagus cuman penonton ny itu Mulu,5
wel,1
"update tiap minggu,, tapi hasil itu itu aja,,mendapatkan pemain legend malah tambah susah,.",1
server ya oy,1
"abis di update malah gak bisa masuk , gimana ini",1
Oppoa3s udh ga support kah ke efb?,5
the best lahh pokoknya,5
"input kadang tak sesuai, ngoper kadanv gak akurat dan saat mengarahkan pemain untuk gojek musuh kadang mala diem aja seperti gak ada input yang masuk. untuk game yang membutuhkan kelincahan dan respon cepat sangat fatal sih bikin permainan jadi menjengkelkan",1
"wwooooeeeeeiiiiiii punyaku kok gak bisa di buka,,sampai donlot 4 kali dari temen temen juga bnyak yg gak bisa di buka aplikasi nya",2
da tolong banget bikin fitu becomelagend seperti di consol game .. nya,5
pay to win,5
"klo update kira-kira, grafik masih burik sekalinya update 2gb",1
bagus bngt kaya di ps,5
gabisa login game gajelas,1
berharap ada liga Champions di liga saya,3
Padahal udah pake wifi dan kuota tapi masih aja gk bisa login tolong di perbaiki ya konami.....tapi tetap kasih bintang 5,5
game yang sangat bagus. semoga grafik dan ekpresi wajah senang pemain saat selebrasi bisa diperbaiki. jgn wajah datar saja tanpa ekpresi mimik muka. dan untuk tendangan freekicknya lebih baik pakai tombol saja jgn pakai jentik atau geser ke atas gitu. jadi gak kuat tendanan freekick pemainnya,5
sangat kecewa dgn pembaruan 5.4.0 pemain 1 milliar download nya gk ada yg bagus... bisanya Sangat antusias bermain untuk mendapatkan pemain epic ..ini pemain bansos nya yg sdh pernah keluar di keluarkan lg...,4
sepin banyak tidak pernah dapat pemain bagus setiap sepin dapat pemain itu itu aja,1
Sangat tidak ramah dan kikir koin,1
Woy ko jadi ga bisa claim inbox,1
"bagus,cuma perlu di optimalkan lagi kelancaran game nya,masa hp buat main pubg lancar jaya tapi buat main ini malah berat,terus ada masalah server juga gatau kenapa",3
agak berat,4
"update 2gb lebih, tapi gameplay makin aneh, pertahanan jadi berantakan, jadi makin susah buat bertahan. smart assist makin menjadi jadi padahal banyak user yg mau smart assist di divisi pvp dihapus. developer game ini terlalu sibuk jualan kartu pemain, buat master league yg ga ada gunanya, sementara server masih hancur hancuran. saya uda main game ini sejak masih pes mobile, gimana game ciptaan kalian mau bersaing sama game sebelah kalau kalian ga pernah dengerin keluhan usernya, dasar sampah.",1
Update april 2026 for efootball 2023 gameplay,1
setelah update akun kloning kedua gabisa dibuka. sangat buruk!!!,1
cuma saran tolong tambahin liga Indonesia sama mode cup,5
kenapa unduhan saya gak jalan,5
seragam indonesia ilang njirr,1
mantap lanjutkan terus master league nya,5
"Setelah update jadi gk bisa masuk game, malah stuck di donwload.. Udah 30% malah turun lagi donwload tan nya, gimana sih konami.. Benerin dong",2
"Passing jelek gak sesuai perintah kemana arah kursor, dan kalau lawan AI selalu di beratkan pemain kita bisa2nya ngelag gak jelas pemainnya.",5
kok jdi ngak bisa di buka game nya. dari kemarin ngak bisa di buka,2
"ABIS UPDATE DOWNLOAD DATANYA STUCK TERUS, UDA BEBERAPA KALI INSTALL ULANG SAMA AJA STUCK",1
cobalah jalin lisensi kerja sama juga dengan Ronaldo jadi enak kalian juga bisa memperbesar keuntungan juga💪,3
ini gimana nih ratingakin menurun.. plece.. prbaiki yg bikin pemain kesal.. apa aja.,3
game uda d dowlod tp gak bisa k buka,3
"game kikir ga jelas, ngeluarin mode master tapi gak jelas pake energi",1
terus terang game ini jelek nyesel gue Dwolodte meras kota udah 2 x abdet kembali lagi ke awal yg ada kota abis untuk semua jangan lah dwonlade apk game ini kalo lalian ga percaya coba aja kalo kalian gak nyesel saya cuman ngasi tau aja 😡😡,1
game nya udah bagus cuma satu kurang mode liga Champions nya ga ada,4
kenapa sekarang udah gak bisa membayangi otomatis,4
minus nya 1.. kalau tim kita Madrid musuh nya barca.. jelas banget di permainan kan jaringan nya.. gak adil juga.. bnyak penghobi bola tapi sponsor nya barca terus..,5
"semakin kesini semakin lemot tiap kamis pembaruan trs , seharusnya cuku skli pembaruan ,semakin besar pula datanya semakin lemot",2
terlalu berlebihan dengan yang baru main lawan tidak sepadan,1
Udah di install tapi g bisa login lawak emng benerin Napa biar bisa login biar g ribet download aplikasi yang lain.😏,1
tambahkan Liga Champions dan perbaiki setiap nama2 klub yang salah beh mantap,5
setelah update 9 April kemarin malah aplikasi clone gabisa dibuka. tolong diperbaiki konami!!!,1
"perbaiki server, sering delay",1
kurang mantap,1
"game nya jelek, sangat tidak recommended",1
sprint master nya lama bet waktu nya tapi mode spirint master bagus baget tapi tlo lah jangan kasi batas main nya lama lagi tungu nya,3
game rusak kek Kon tollll,1
updet bek jadi planga plongo jing,1
sampe saat ini sih nyaman .rekomendasi buat santai,5
game nya bagus grafik nya hd,5
"jaringan yang 80-95% buruk ketika bermain bersama teman, perbaiki gamenya agar lancar walaupun di jaringan yang kurang stabil.",1
"Bagus, cuma sering bermasalah sm sinyal.",5
"sinyal sdh bagus, stabil, kenceng.. eh pas match versus player lain ngelag ngelag.. developer nya becanda",2
ini kenapa masi belum bisa login akun gua juga cuma satu gada clone clone an,1
Pelan,5
Ngabisin kuota aja lu. Kaga jelas,1
"game busuk, jualan kartu, spin gak pernah di kasih epik",1
ga pernah hoki tiap spin,1
"​""Saran buat Konami: Tolong perbaiki AI di mode Divisi. Sangat tidak masuk akal melihat pemain AI dengan rating rendah bisa menjadi overpowered dan selalu menang dalam duel fisik maupun kecepatan. Keputusan wasit juga perlu dibenahi agar lebih netral. Sebagai pemain, kami merasa sistem gacha saat ini terlalu sulit. Tolong lebih hargai komunitas dengan membuat game yang lebih adil dan tidak terasa seperti diatur (scripted).""",1
kenapa gameplay nya makin berat wey berat banget jadi males main nya,1
mendownload sama update nyaa lumayan lama,5
LOL WKWKWK,1
terulang,5
dari dulu sampe sekarang masih jadi masalah utama kenapa sinyal jumping penyakit lama gk pernah sembuh,1
"seruuu,laga nya soft bangett,gak ngeleg,walau banyak club primer league belum banyak,beli lisensi nya pliss miminn🤚🏻",4
kalau main online kok jaringan kita ngeleg terus padahal wifii full,3
"Liga nya di tambah cup seperti FA CUP, liga champions, dan lainnya biar ga ngebosanin. manakadang ngeframe.",4
Game nya jelek,1
gamenya bagus saya suka,5
game plan nya bagus sih cuma gada BRI super league,4
update nya lama,3
ko akses server di batasi terus terus logout sendiri,1
"game apaansi nih gacha dari tahun kapan ga dapet dapet yg bagus, dapetnya yg rating 73 kebawah mulu heran gua",1
"tiap minggu update malah makin jelek ni game, gameplay ampas cuma update gacha terus, pay to win nya makin gila",1
oi konamex makin update makin paok apk nya,1
seeru gaes,5
plisss dong min bikin liga indonesia,3
gw update ko ga selesai selesai ya?,3
bagus game y tapi ke banyakan updet y gede pula lagi,3
"tolong balikin kontrol membayangi yang sebelumnya Konami, ini yg terbaru susah",1
kurang liga 1 Indonesia,4
bagus sekali saat mainya kerencang,5
mndingan,4
"pemain epic sangat susah didapatkan, harusnya konami lebih royal akan hal ini",1
game bola Konami ini sangat bagus dan keren 🫰🏻😇🙏🏻,5
"salah satu update terburuk efootball, kenapa defender di nerf dan terobosan di buff abis2an ini jatuhnya terlalu manjain player skill issue, jadi efotball udh 11/12 ama game sebelah gocekan ga masuk akal bek ngawur jadinya terlalu arcade dan jatohnya jadi game skill issue, mentang2 skrg banyak bocah2 skill issue yang main ya jangan terlalu dimanjain kayak dibuat fitur SA lah sekarang malah terobos ga masuk akal, kembalikan efootball yang dlu,jdi percuma top up mahal2 klo ujung2nya gmpg kebobolan",2
tolong jangan sering-sering abdet biar bisa main dengan nyaman,5
Nih game PAY TO WIN jadi pikir pikir lagi aja,1
wowo,5
"kenapa ni game, ngebug mulu njir ga bisa klaim apa apaa",5
"updatenya agak busuk daripada yang lain, walaupun ketambahan cara kontrol baru sama gerakan baru, tapi untuk defend nya sendiri tidak seperti dulu yang buat beberapa player kuwalahan termasuk saya sendiri karena tempo permainan nampaknya dari gerakan lebih cepat tidak seperti dulu, saya harap untuk defend terutama membayangi di kembalikan lagi seperti semula agar player gak kuwalahan dengan tempo permainan yang tambah cepat ini🥀✌",2
klo bisa mulut nya bergerak.,5
jaringan server nya parah banget ini game giliran main game yang lain lancar lancar ajh,2
bagus bgt,5
perbaiki lagi,5
ngeleg gabisa gocek gam hama,1
Gamenya buruk gameplay sering leg sinyal lancar aja di game sangat ngeleg luar biasa,5
menurut saya setelah update 9 April 2026 dan menghadirkan master league aplikasi malah berubah total di mana sekarang tidak 1 APK dan data ketika mendownload di play store harus download terpisah di game yang membuat itu jauh lebih lama dan banyak orang yang protes tentang ini jadi saya menurunkan bintang jadi 4 dan master nya juga nggak sesuai ekspetasi banyak orang,4
"emang game tidak rekomendasi ini game pantes aja kalah saing sama developer yang lain bug banyak lahhh lu sering top up lu aman di bantu sama pusat nya langsung tuhh sama si Konami makin sini makin gak jelas dari segi game play kata nya sudah di perbaiki tapi fakta nya tetep sama sama aja malahan malah makin hancur passing gak tau kemna lah kontrol acak"" kan setiap mau shooting dlay lah after di nyalain Sa masih sama emang game ini khusus yang mau masuk RSJ aja makin hancur nihh game",1
"makin lama makin berat gamenya, jd server eror terus",1
game aneh update cuma buat nyusahin orang,1
update jelek tidak sesuai expectasi sama sekali,1
servernya bapuk,1
mantap kali,5
"kontl, kenapa pas gua megang bola lah tapi kalo musuh yang pegang lancar anjng",1
"terlalu sering udte apk,,pusing....ousing",4
"Game K4mpret. perbaikan setiap hari, lagi enak2 main beban server terlalu berat, gak gak kuat servernya gak usah banyak gaya. jadi player yg di rugikan",1
grafik nya bagus dan mulus dan updatenya bagus banget mirip seperti aslinya,5
"banyakin update"" lagi sampe server rusak ae bang biar permainan nya bangkrut bisa"" nya lagi push divisi malah beban server tinggi, makanya gausah sok"" an update"" an mulu klao ha bisa nampung server nya lol",1
"w libra,dn w butuh ini.",5
min kasih liga indo dong yg lisensi,5
gemya bagus,5
tolong berikan perubahan terhadap servermu itu ketika maen game lain bahkan download film biasa² saja lancar tapi kenapa di game mu selalu ngelag jangan dengerin orang suruh bikin master league atau apa benerkan dulu servernya gausa kebanyakan perubahan kalau servernya masi kacau,1
"bagus sih aplikasi tapi boleh gk gb nya diturunkan berapa kek 1,2 tapi tetap aku akui bagus grafik nya 👍",5
"ini bug atau gimana ya, saya dapat pemain Showtime Alan franco tapi rating cuman mentok di 100 padahal di pack brasileirao betano disitu tertera kalo rating 99 jadi otomatis kalo masuk/jadi pemain inti rating max 103, tolong dong diperbaiki🙏🏻",3
update di playstore 2 giga Mulu padahal cuma nambah beberapa pemain event pun masih sama sama aja,2
"makin kesini kok makin susah masuk nih game, padahal dah main bertahun2",5
knp tdk bsa terupdate ini gamenya,1
kurang,1
game mantul,4
update terus yang di ganti pemain doang,2
TOLONG PERBARUI LIGA 1 INDONESIA NYAA DONG DI TUNGGU NIH,5
gacha tapi ngak pernah dapat komani kontorl,1
gabisa transfer data,1
suka ngelek sinyalnya,1
"update pemain nya untuk di club ga update' jadi ga realistis,dan juga untuk adakan beli pemain dari liga dong untuk di liga saya ,jadi nya kek di real nya bisa beli pemain dan bisa jual pemain",3
sangat bagus😎,5
mantaf,5
please make BRI League One,5
"semakin di update semakin berat,masa sinyal setiap pegang bola ngelag",1
"Setelah pembaruan,pemain sendiri makin bego,perpindahan kursor makin ngaco,Smart Assist??bukan nya dibenerin malah makin ngawur.",3
gem ini mantap,5
passing lama banget dah 5 detik,1
baiksekali game nya,5
"game nya bagus si tapi kadang kandang lag juga makanya aku kasih 4★, lain kali lag nya dikurangin ya konami.",4
Aplikasi makin up to date,5
ga bisa d klon lagi,1
kadang kadang ngeleg ngeleg,3
"update nyaa lama banget, sekali update 2 jam ga ad ota jir",1
server nya down terus......,1
ngadain event gratis isinya sampah semua makin pelit gratis tapi gak gini gini amat,1
size nya ga ngotak apalagi pas mau update,3
anjay,5
Tambahkan liga Champions dan eropa,5
ngeri,1
"setelah pembaruan back to leletttttttt .. cari musuh, mau main sama teman, super lelettttttttt .. padahal sinyal tap mantap, tolong perbaiki ..",5
download efottbal nya jangan lama la yang absen ini yang tanggal 2 aku download nya tanggl. 10. 4 2026,4
asiuuuuuuuuuuu,1
udah update terbaru tapi tidak bisa main aneh padahal pengunduhan semuanya sudah selesai tapi tidak bisa login.,2
sagat baikkk sekaliii,5
kalo bisa komentator nya bahasa indonesia,5
"tolong server anda diperbaiki, jaringan udah pakai wifi tp main divisi patah"" padhal sinyal full,",1
update 50% trus ke ulang lagi...bikin habisin paketan aja,1
kurang liga Jerman aja kalok ada liga jerman pasti game nya lebih seru tolong tambah kan liga jerman,4
kenapa gak bisa login nih minn stak di 0% minn gimana nih,1
"sudah lebih dari 10 kli tiap usai laga tiba tiba muter dan kamu kalah. padahal pas main bagus,jaringan bagus. parah ini efootball.setelah update jjadi susah untuk membayangai. aneh banget setiap update nya",4
"Setelah pembaruan, kok jadi lama banget loading nya.. Sinyal aman kok?!",3
tolong min buat event master league nya di permanen kan aja,4
tambah lisensi liga Indonesia,4
game pelit. game banyak bug. game player nya banyak yang pakek script. buat laporan ga di tanggepin nyesel dwnload game ini sebenernya bintang 1 pun ga cockk buat game ini cocok nya bintang 0,1
tambahin biar ada var nya dong min,5
mantap 100/10,5
terus-terus UPDATE,1
"tolong dong adain liga Champion nya, kurang seru gada liga besar besar nya. semoga di lakukan.",3
penyaluran hobi,5
mau update kok sulitnya puol...,5
gw kenapa ga bisa login nih padahal ga pake clone,5
jaringan bagus tapi bisa ngeleg tiba . smart assist tidak berguna .,1
game ini bagus tapi terlalu banyak update nya,5
tolong Konami perbaiki... lagi cari lawan blm ketemu... kok bisa kita dinyatakan kalah... lawan aj kita blm tau siapa... 🙏🙏,3
ok bagus sekali gameNya,5
game gajelas jelek banget abis in kuota aja kaga bisa login,1
lodinge Sowe ne pol ajing,2
peran pelatih harus lebih nyata lagi dan jualbeli pemain harus ada setiap liga usai dan harus ada liga campion ato eropa agar seperti nyata jadi ngak jalanin 1 liga aja,3
jadi jelek.parah parah parah.,1
server down melulu,1
habis update ga bisa login. ga jelas banget ini game.,1
game yang menyenangkan,5
"gila2an kuotanya kalo update,udah kuota mahal",1
"overall bagus cuman, ini kenapa kok gak bisa di download ya buat masuk itu? Ini bug atau hp ku yang gak mendukung? Tolong dijawab",5
"sinyal beresin, jgn main asal putus. wasit yg bener, jgn memihak",2
tambahin lah liga indonesia bos,4
"Keren,, tapi tolong dilengkapi club & jersey clubnya terutama club eropa & iventnya... karna masih ada club besar yang jerseynya kagak sesuai aslinya...",5
"game ini bagus,tapi cuman kekurangan nya kalo nge update suka lama,tapi selibih ny bagus",4
mau untung sendiri,1
game seru abiss,5
saya suka game nya. yg mau saya tanya apakah game ini blm ada liga Champions nya?,2
tolong ini game jangan banyak bag nya,5
"Game cacat pay to win, planga plongo bek, lo harus rajin top up biar gmpang divisi 1",1
makin hari makin tolol ni game,2
gaada bundesliga,1
master league pleaseeee,1
keren,4
"ei knpa ni ngestuck njir, gabisa login",5
"GAME NYA BAGUS TAPI PETANDINGAN NYA CUMAN LIGA SAYA TERUS LIGA CHAMPION GAK ADA DAN LOGO CLUBNYA HARUS DI SAMAIN SAMA LOGO ASLINYA, DAN TOLONG BERI SEKALI PEMAIN² GRATIS",5
games baguss grafikk bagusss,5
game sangat berkualitas,5
woy kanomi ini gimana masak GK bisa login udah update 2GB lebih malah GK bisa login padahal akun asli gua dan satu-satunya akun gua jadi males main tolong kasih solusinya ini,5
"game kagak jelas,udah susah menang tiba2 lawan akhirin laga...ehhhh jadi kita kalah,dilaporkan ga ada perubahan sama sekali nyesel download ini",1
"gamenya sdh bgs,, tp ada masukan, mohon trofi liganya sama dengan yang sebenarnya, terus mohon juga liga championnya ada juga. trs Coach ditampilkan jg. yaa sama lah yg ad di PS 4 atau 5.",5
kenapa update sekarang jersey national nya jadi jelek,3
ini gimamana sih ko abis update pengunduran selesai tapi masih 0% kosyak kon mi,1
"makin update makin ga jelas, gacha mulu di fokusin game play gajelass konami tolol",1
mantab apalagi kalau di clone bisa sekarang sulit di clone apknya,5
"kali ini bintang 1,kecewa mode Liga saya pengaturan AI ny di rubah",1
"yg bener aj gabisa pake aplikasi clone, padahal gw pake juga clone bawaan hp",1
game ini kekurangan nya di saat game tidak di mainkan Divisi liga bisa turun mendadak' dan sangat membosankan tiap 3 gk gk dimainin tiba tiba merosot Divisi nya 😡,1
permainnannya aku ga bisa masukk,1
"fitur bagus chitter kayak miskin kebanyakan di dalamnya ""CUMA MAIN GAME""",1
"develop sampah, gapernah bebenah maunya untung terus",1
bocah celeng.. pembaruan ora ngutek,1
Gw kan udah unduh nah tiba tiba nggak bisa masuk game nya tolong di perbaiki developer,1
"cuman cocok untuk player online, jangan pernah berharap master league karena Konami gak bakalan rilis mode game yang justru menarik jam main mode dream Team yang super cuan, daripada merilis mode yang udah susah malah bikin duit buntung jadi Konami tidak akan merasa perlu merilis master league",1
lumayan baik gamenya saya suka bermain setiap hari...,5
Dari segimain nya dah cukup bagus tapi yang kurang tuh cuman lisensinya di banyak,5
game semakin berat...,1
gak bisa cloning,1
game nya sudahh bgusss tapii yang harus ditambahkan komentator Indonesianyaaa biar enak main gamenya tolong untuk Konami menambahkan komentar Indonesianyaaa terimakasih 🙏,5
"Setelah Update, Event master sprint sampah ! harus banyak di bnerin . masa cuma 10 x main .",3
seruu,5
terbaik👍💯👍💯👍💯,5
"ngestuck setelah download update 2.5gb, sampai 2 hari akhirnya uninstall",1
game ini sangat keren,5
game ini adalah game terbaik bagi ku aku jadi lebih percaya diri dan tidak pula di buly,5
makin berat setelah update,1
game kbnyakan scrip nda jelass,1
"ini update 2,5gb cuman buat liga Malaysia anjirrr lah",1
efootball adalah game yang bagus secara grafik dan gameplay,5
"bagus sangat, cuma mainnya tergantung jaringan harus full jk tidak kalah terus",4
"big L untuk 1b download nya tidak ada selection contract epic dan kalo sudah dapat epic random bukan yang di incar tidak dapat box fix epic yang setelah 20 draw ,konami makin kesini makin kikir nya luar biasa perayaan sebesar ini pun ga ada kasih kesenangan untuk player setia nya",1
apk tdk bisa di gunakan,1
REMOVE SMART ASSIST,1
sangat bagus saya main dari 2023 sangat seru,5
"game online paling tolol, ketika PVP garingan seperti kura kura game online gagal, hanya bagus ketika vs AI oke si tapi ini game online bung yg di perhatikan adalah sistem jaringan, dan juga game ini paling pelit. Karena ini game online jadi secara garis besar game ini gagal total percuma grafik nya bagus kalau sistem jaringan jelek tidak berguna sekali lagi tidak berguna dan gagal total",1
"temen modal bansos dpt epic mulu, gua top up mlh base card yg diksih",3
untuk mode PvP online masih sering dilay,5
"Game apa ini abis update bukannya tambah bagus malah crash masal, tidak bisa masuk ke in game",1
geme tolol,1
ini update kemaren buat para pemain kayak orang tolol,4
ga kompitabel,1
editannya ada apa ? BRI super lig dah masuk gtu?,4
tolong dong bisa support controller native nya di mode online juga jangan mode single biasa aja,1
engga bisa login setelah abdet,1
"habis apdete,kasih puyol bos",5
parah sekali update gak kira2 😡😡,1
"konami kek mna setelah aupdet ini kok makin gak jelas ,lagi main tiba tiba jaringan nya bisa satu titik padahal jaringan di hp ku fulll bukan sekali dua kali keyak gitu berkali kali masalah nya tolonggg lah konami",1
"Download macet dikit lagi selesai malah tambah ngurang, udah habis puluhan giga buat download data in game 😈",1
jepang paok tekel sudah bagus malah di nerf jangan bikin game aja udah mah update gak jelas,3
datanya gak bisa didownload barnya gak gerak udah uninstall aplikasi tapi tetap gak bisa main,1
game skrip. konami tidak layak,1
bisa tidak simpa di amil,5
Tolong update lagi masak orangnya kayak patung matanya ngak kedip tolong di perbagus lagi modeling nyA,4
gk bisa login.. akun clone banyak gk bisa di mainin padahal uda 1 million yg unduh berkat apa emg yaa berkat akun2 clone lah malah di persulit tololl jd gk bisa di mainin semua,1
kok stuck loading oi,1
"gak bisa di update, tolong udah 2X download hampir selesai d 90% gagal mlu,kecewa,padahal ruang penyimpanan masih luas",1
lanjutkan,4
game ini sangat bagus tapi klub nya sebagian nggak ada,4
terlalu Sering Pembaruan 😥,1
anj gua update udah 95% balik lagi ko game goblog gini balik lagi ke 1% malah abis kuota 10gb,1
"bagus banget, cuman minusnya di lisensi club, jadi kurang enak di lihat, tolong dong bisa di lengkapi🙏🙏",5
saya udh update terus saya ga bisaakn harus update ulang gimana ya,1
akhirnya bisa main,5
"setelah update,, permainan ga respect sama sekali terutama posisi back,,,back bukannya mundur saat lawan ke area gawang,,malah diam aja backnya.",2
GAME KONTOL,1
game aneh verivikasi muka kagak bisa loh aneh bgt tolong konami perbaikin verivikasi mukanya woi,1
game an****. posisi menang dan peluit sudah berakhir tiba2 ngelag dan dinyatakan kalah..,1
saya suka dengan gim ini saya beri reting lima🤗🥰😍 terimakasih,5
geme baguss seru tapi kalau sepin selalu gak dapet,5
game kikir !!!,1
"kalau bisa tambahin mode offline, bisa main seperti biasa tetapi dimode offline",4
GAME BUSUK,1
habis update malah tambah bosok sinyal nya ilang trs padahal sinyal hp fulll,2
tolong perbaiki grafik,4
grafik nya bagus 👍,5
Pas selebrasi harus ngomong,5
update kemarin membuat kecewa dan kendala bagi para player krna sudah TDK bisa menggunakan data akun cadangannya tolong kembalikan kemudahan bagi para player yg memiliki akun lebih dri 2,2
nge lag dikit,5
"habis update game berat, defend susah. lelet parah",1
uda mulai bagus gamenya,4
stuoid,5
knapa saya kaga bisa update PES Iyya,5
"kalo lawan player pasti ngelek walaupun sinyal udah full, masih aja ngelek jaringannya padahal udah wifi+data, di match selalu selalu muter muter.",3
baguss Q,5
makin hari makin berat udah waktu nya pensi dari efootball,3
saya harap master league menjadi permanen dan tidak hanya event saja,5
👍👍,4
"pembaruannya selalu besar besar 2,5 GB jadi malas main",1
Game Bagus,5
"disarankan update di aplikasi efotballl nya aja di playstore update 2,5gb gw ulang"" terus sampe abis kuota gw mmk",1
"di update bukan makin bagus malah makin jelek, makin gak seimbang nih game",1
game yg sangat buruk,1
jelek update gak jelas tambah berat datanya,1
"ini gimana masa stuck di 0% gabisa masuk pdahal bukan akun clone, wahh kacauuu nih",5
"ayolah Konami masak puas devisi selalu ketemu devisi atas mulu kapan menang kalau bisa di tambahan filter puas devisi cuman bisa ketemu dengan devisi yang sama masak peringkat 1,5jt ketemu peringkat 78 anehhhh",1
Game sampah,1
masih menjadi game football favorit sampai saat ini,5
GK bisa di donlod ...GK jelas ni game,1
pokoke joget,4
woi konamex lu benerin dah bug download data tambahan stuk 0% update paling sampah kali ini downloadnya stuck 0 padahal di Play Store udah download data tambahanya,1
tambahkan super liga indonesia,5
saya tidak bisa bermain karena loading yg tidak menambah nambah padahal memori saya masih banyak,1
game busuk mulai di masukin iklan,1
game bola terbaik dengan grafik HD dan fitur yang lengkap,5
aku menyangkan dari analog nya yang sedikit susah mengikuti jari jempol ku yang lain nya bagus,1
kenapa harus apdet versi baru itu memerlukan data setara dengan download ulang,1
game play kurang ringan,5
jaringan servernya agak susah,5
👍bagus,5
gem nya bagus realistis tapi aku minta Kamis nanti keluar kan GK DiDa Milan,5
"back to b1, abis update tambah gajelas makin berat, sinyal wifi full masih lag, pake provider axix juga sinyal full di gameplay berat-delay-ngelaggggg parah. GAJELAS UPDATE SAMPAH.",1
gam nya sudah bagus tapi yang di sayangkan gam nya tidak pul lisensi tolong di pul lesensikan,3
loading nya lama,4
makin kureng,1
"habis update malah ga bisa ke buka game nya,stak d loading",1
bagusss bgtt,5
kasih hoki gw minn,5
"Update kuota 2.5 gb hanya bikin scripted game meningkat. Developer busuk No foul-offside buat tim AI, passing throughpass disabotase bahkan pas di lini belakang passing diarahin blunder, jdi pilihane tinggal long pass auto kalah duel heading ma lawan. jangan ada yang beli koinnya, kita main game bukan untuk disabotase sama developernya.",1
"Hi Konami, can I give you some suggestions for your gameplay? Please update the touch & flick controls. I feel it's unfair here because you only updated the virtual pad. Hopefully the next update will be better.",1
don't be too stingy to the players,5
update ny gila,1
game yg bagus tapi salahnya ram gede,5
semakin bagus,5
"tolong untuk liga saya, tambahkan untuk klas liga seperti liga umumnya, liga 1 liga 2 liga zona Eropa dll dan buat degradasi biar game tambah seru dan menarik",1
"jadi p2w gini wok, mana bale gw makin lama makin berat lagi",1
"Gila update an terbaru besar sekali,, 2.4gb..",2
"ini habis update stuck di layar depan doang ngapa ya,ada tulisan pengunduhan selesai tapi ga jalan jalan dri kemaren ga jalan jalan",1
gausah sok sok an nambah fitur master league konami!!! server lu bagusin jaringan bagus main PvP lag parah padahal main game lain lancar jaya,1
"update 2gb hampir gk ada beda,udah gitu master league apaan itu?",1
udah update LAMA MALAH TERTUNDA TIBA TIBA,1
bagus bangat,5
"✍️✍️✍️ makin sering di update malah makin ok aja tapi gak mesti besar juga kapasitas update nya min....kasian para penikmat bola sejati 😂😂 tp knpa setiap pembaruan kapasitas nya makin besar, ma lama mledak di hp GK kuat nahan beban pembaruan 🥺🥱🥱🥱...mantul pokok ke 😂😂",5
kalo ada tambahan kompetisi liga champions nya bakal lebih seru sebenarnya,5
update nya mahal,2
lumayan juga lah sih,5
game paling bagus pernah aku mainin,5
kenapa tidak bisa di update,5
Game nge-bug download 0%,1
untuk perkembangannya sudah bagus tapi untuk event pemain epic malah kayak di persulit,5
seharusnya selain pemain-pemain yang bagus stadionnya juga harus ganti-ganti sesuai dengan pertandingan klub jangan itu mulu sudah bosan seharusnya sesuaikan dengan yang ada di gambar,4
"kenapa sih kalo ada update terbaru sering ga bisa update, padahal kualitas jaringannya bagus pake data atau wifi",1
"lain kali tidak usah ada update, kalo cuma bikin server error. auto uninstall",1
saat pengunduhan selesai stuck ke 0,1
akun klon gw 😭,1
nda bisa login nge stuck di 100%,1
"najis ni game tiap update udh mau beres pasti ngriset lagi anj,mana gede lagi update nya",1
game bagus tapi kurang seponsor dari klub besar,4
buatin lisensi fc bayern,3
guee ngk pernh pakai akun clone TPI kenapa hp guee ngk bisa?,5
sangat menarik gamenya,5
ok gmaeee,5
"update Mulu, malah tambah rusak",1
Update terus sampe mirip ke PS 4 min!!!!,5
liga malaysianya cakep tapi tolong dong wasitnya diganti,5
Game lol login ada Limit gak jelas,1
jancik update kok 7 hari sekali 😒,5
ini gmna sih masa aku habis 8gb kuota masa gak jalan jalan malah stuck di 91% aneh banget nih makin kesini makin gk ngotak tolong perbaiki lah min masa menakan kuota terlalu banyak sih,2
"tolonglah sistem nya di benarin,masa kalau ketemu squad mewah selalu di buat berat Sebelah, terkadang sinyal lag,jadi main seakan akan dibuat buat",1
terlalu mengandalkan jaringan,1
knpa setelah di apdetgx bisa masuk.. padahal pengunduhan selesai.. mohon jawaban nya lh min,5
"Tolonglah Konami abis update bukannya tambah enak malah makin ga enak, gameplay makin berat lambat banget, jaringan pun tetep sama suka macet². tolonglah seperti yg dulu lagi",3
tolong jaringannya diperbaiki,3
game lain aman. game malah sinyal bermasalah mulu...,1
semakin ga jelas setelah update,1
"stuck di loading screen, tulisannya pengunduhan selesai tapi gak jalan jalan, ditunggu Berjam jam gak masuk masuk",1
gaem nya bagus tapi tolong kasih emot buat ngejek pas kita suting gool biar seru ok,4
"pelit sekali dari jaman pes smpe sekarang kalo gacha selalu ampas,",1
"game nya habis di upgred kok jadi gk enak dalam bermain nya,,,pemainnya jd paok lambat responnya,,kontrol bolanya jd kaku tidak sprt dlu sbelum diupgred,,,seharus nya makin baik/bagus setelah di upgred ne malah jadi lemot,,,",3
game ini adalah game bola paling keren di mobile namun saya ingin kalau bisa ditambahkan mode turnamen seperti liga champions atau turnamen negara dan tambahan mode career pemain serta kalah bisa tambahkan lisensi liga Super Indonesia,5
gimana sih udah main udah misi tapi nggak dapet pemain nya yang di event sangat buruk bangett,1
setelah di update efootball sy mentok di logo,2
updatenya besar sekali,5
tolong min saya ga bisa login setelah update di akun saya,5
kembalikan game play ku konamiiiiiii😭😭😭,2
ok baikk,5
"Game apalah,apk clone udah ga bisa,akun ku pun banyak itupun bagus² ngotak dikit kalau buat game, gimana mau rame nih game kalau kek gini terus, jaringan jelek,game play serasa udah berat,apk clone udah ga bisa+loading nya lama banget+ga jalan²",1
"dari dulu kualitas servernya paling buruk, apalagi ketika main pvp, ntah bug, ntah tiba tiba ngeleg, saya main dari 2020 gini gini terus, saya rasa update an sampai saat ini sangat kurang",5
bagus saya suka,5
"ini game gmnaa sihh saya udah upgrade game ini , terus pas mau masuk mentok di pengunduhan ga maju'",1
game efootbal bagus banget,5
apdet nya semakin ngk ngotak bjigggg,5
terkadang kalau download lama,1
tambahan liga jerman dan liga champion eropanya biar semakin enak di mainkan saya kasih bintang 5 biar ada perubahannya,5
bags banger permainannya,5
Coba dlu,5
"secara over all siihh Mannttaapp, hanya saja semakin upgrade semakin Level Legend Ai nya semakin Giilllaaaaa, bener2 sulit sekali, di tenang2 pun masih suka emosi lagi emosi lagi karna begitu semakin sempurna pertahanan dan menyerang nya Legend Ai. 🤷‍♂️🤦‍♂️",4
"RATING DAN STATISTIK PEMAIN SANGAT TIDAK SESUAI, RATING PEMAIN 100+ TAPI STATISTIK DAN GAMEPLAY NYA SANGAT TIDAK SESUAI👎",1
setelah update 9 April tidak bisa login padahal akun utama,1
kenapa setelah di update malah jadi berat..aku kasih 1 bintang..tolong di kembangkan lagi ..aku kecewa,1
konami mau lu apa sihh balikin akun kita dongggg kita juga nih butuh game untuk hiburann klo gaya gini efootball kedepanya bakal menurun pringkat nya bakal yg mainin juga dikittt orangnya,1
"Master league nya jelek, nyawanya pake koin kocak, ayolah diperbaiki",1
"kok sekarang makin kaku,apalagi defend sering planga plongo",5
"gak bisa di clone, paytowin",3
"konami perbaikin dong apk clone nya, mending gak usah update besar besaran klo apk clone gak bisa di mainkan",1
game tolol ga jelas mau update stak di 3 tolol kuota gua habis gajelas,1
menu liga champions,2
Konami mengeluarkan event besar tapi tidak jelas kacau event terburuk tahun ini,2
coba tambahin liga Indonesia min,5
"habis update akun gua malah hilang ,gimana ini, udah taut ke konami tapi gak bisa masuk ga ada data katanya,, sistem tautan nya benerin lah",1
gua kasih bintang 1 karena kesal efootball sekarang gak kayak dulu gak ribet masuk tinggall masuk sekarang gak bisa,1
"comeback karena ada master league, tapi pas main langsung kecewa 🤣🤣🤣, mending liga saya ditambahin match liga champions deh dari pada kek gini 🤣😹",1
game bosok Konami bangkrut,1
geme pay to win aneh masa pemain tua lebih op ketibang pemain muda yang masih op di real life tapi disini malah kaya letoy gitu,3
"ko website my konami ga bisa di buka .. ?? jadi ga bisa ganti akunn .. knpa ini konami, update gede tapi malah jadi rusak begini ..",1
tolong efotball harus di tingkatkan lagi,4
Adakan liga Indonesia Min,3
"Permain yg sangat bagus tapi bnyak yg hrus di perbaiki seperti tombolnya dan harus ada laga bagus jngan itu2 trus bosan gak ad campionsnya, sering2 upadete tapi tdk ad perubahan dari segi permainan",5
"game nya bagus saya sukaa,, cuma kenapaa yaa setiap main pvp jaringan nya naik turun jadi gamplay delay,, setiap main pvp doang,, padahal jaringan bagus lohh kencengg,, kalo makain wifi juga sama aja pasti fos nya drop jadi main pvp ngeleg atau ga delay",5
penyimpanan nya bang banyak kali,5
Sanga baik,5
hapus nyawa di master league dong,5
"gausa banyak update la,susah jadinya harus terbiasa lagi",5
bagus gamenya tapi uapdet-nya terlalu cepat 😤,4
"semakin aneh, setelah di apdet malah gak bisa main, cuma masuk di logo doang,.",1
walau sinyal wifi sudah lancar tetapi masih saja ngelag di game,1
"game nya sekarang delay banget, udah bikin males maen nya",1
"game bagus tapi sayang saat lawan IA pelatih timnas Indonesia gak pernah ganti. tolong ganti dg pelatih yg sekarang, dan juga pemainnya yg sekarang di thn2026 saya sudah lama maen game ini",4
tolong dong kasih liga indonesia biar tambah seru lagi admin malah liga super Malaysia gak seru,4
"ini abis update knp ngestuck di 0 persen terus si padahal jaringan lancar, update 2,3 gb malah makin banyak bug nya aneh",1
apaann nih game makin berat ajaa kontrolnyaa manaa umpannya udahh gaa jelass,1
topsatu,5
akun klon kok nggak bisa masuk sekarang Konami balikin akun gua,1
"masa apdute GX bisa bisa parah sih kacau game makin kesini makin jelek aja ni asli parah ,kecewa sih ,,tiba tiba paketan berkurang kan parah kacau",1
bagus sekali permainanya,5
"sumpah keren banget dev game ini, keren sekali akhirnya yg ditunggu tunggu gua muncul MASTER LEAGUE!!!!!, tp apa gk kurang lama itu buat nyawa nya bro? sekalian 1 nyawa durasi ngisinya seharian, udh seneng malah taunya berbayar gk bayar malah lama untuk pengisian nyawanya, game pay 2 winnya kental banget sekarang hahah",2
tolong tambahkan player gratisan lagihh tolongg plisss bangettt ga pakee boong,5
game ini seru tapi mb ya besar,4
ga bisa login sama sekali,1
utun Konami terlomakasi Uda memuan pemainna ini,4
"sumpah muak banget saya sampai habis 10gb cuman karna update ini doang mana loading terus ga selesai""",1
game nyah bagus dan seru untuk di mainkan,5
"game sangat bagus, walaupun terkadang terjadi error saat maching dan terkadang juga kalau saya topup error, walaupun sudah terbayar tapi belum terkirim item yang saya beli, semoga segera diperbaiki 👍",5
selalu update udah ma lama updatenya tiap minggu pasti perbaharui,2
"dahlah . game qontol,,,clone udh gk bisa = uninstal",1
update 2 gb lebih yang sia² cuman buat sprint master league yang gak jelas itu aduuuh,3
"game yang sangat membosankan, master league sangat jelek, animasi jual-beli pemain tidak ada negosiasi dan permainan yang dibatasi",2
apik,5
grafik nya hd seperti di ps3 dan pemain nya bagus bagus seru kali lah pokoknya,5
terlalu banyak update,5
ga bisa login,1
tolong perbaiki setelah update. game menjadi sering LAG. sebelumnya saya main nyaman . untuk hal lainnya ok sempurna event dan lain lain. hanya ini saya mohon di tanggapi min,5
event gaje menuhin memori aja,1
"bagus,tapi tolong bikin juga BRI liga 1 dong masa cuma liga Malaysia",5
"tidak bisa login, stuk di donlod. mana akun udh 3 thn lbih, konami brengsek",1
"wasit terlalu sensitif di laga online, lari pemain yang tadinya kuat jadi lembek pas main online, pelanggaran yang harusnya masih bisa di anulir ke kartu kuning ini langsung ke merah. aneh nya cuma pas main online doang muncul masalah kyk gini",1
waah sumpah udah di update pakek data udah 2x update cuman sampai 92% terus sudah 2x di update ulang tetap di 92% berhenti sangat mengecewakan,2
game gila,1
Bagusssssdddd,5
makin bosok banyak iklan!!! makin gak mutu!!!,5
Keren sihh gamenya tapi kekuranganya liga tidak lengkap sama patch juga.,4
trash,1
jaringan makin parah semenjak pembaruan,1
update terbarunya tidak bisa didownload,1
masa 500 koin emas ga dapet pemain yang bagus malah bintang 3 parah2,2
game lucu buat konami,1
gk bisa clone T**,1
awalnya emang bagus. setelah update banyak bug gila emang,2
kami user efootball ingin menyuarakan agar konami segera mengizinkan aplikasinya untuk di kloningkan agar semua akun yg kami punya bisa dimainkan semua 😅,1
seringkali di curangi lawan dgn cara ngecip data,5
sngat bagus cuman kalau main kadang nge lag padhl jaringn normal dan sering terjadi bug,5
update kali ini stack mulu😡,3
tambahin liga indonesia dong ka,5
update trus seminggu sekali makin berat,1
nice update gameplay jadi seru,5
lumayan lah untuk nemenin sehari hari,5
"gabisa update, install ulang juga gabisa,ribet",1
gatau kenapa tiap download file tambahan setelah aplikasi terinstall selalu looping kuota saya habis 15GB tidak selesai selesai.,2
gem hama wasit gak becus,1
game yang sangat baik,5
terlalu sering update .habis Kouta Mimin😹,5
boleh² nih game tpi pls lh jangan LUMAYAN kikir klo gk kasih pemain gratis trs kok gameplay GW aneh sih bola tu kek berat bgt tpi makasih game efootball lumanyan membantu untuk org gabut,2
"udh update buang kuota 3 GB malah disuruh update ulang, fix uninstall",1
buset update sampe 3gb apa apaan ini,1
update nya ga ngira ngira mb nya😌😑,3
Bagus gameplay no kaku²,5
bagus Grafiknnyabju,5
game gajetot,1
gerapiknya baguss dan saya sangat suka,5
GAME KIKIR!!!,1
pas main patah patah dan ngeleg,5
efootball sekarang ribet,1
"hey Konami plis lah Aku mau update GK bisa ulang ulang Mulu dari 0 , aku pengen main juga Kya Orang² 🥺 pen Nge spin juga , Rata Rata orang banyak Pake Clone baru Bisa main pliss lah Konami bantu dong 🥺🤧🙏🏼🙏🏼🙏🏼",5
Ora betah,5
"well, game ini udah bagus dari segi grafik kalau soal pemainnya lambat menurut ku oke aja sih karena ini game nya yang tipe taktik/formasi yang lebih rumit daripada game sebelah yang hanya dribble dribble aja (saya pemain game sebelah juga dlu) mungkin yang perlu ditambahkan cuma manager nya yang harus nya lebih banyak...",4
semuanya sangat bagus hanya sjaa game ini tidak cocok untuk jaringan yg kurang bgus,5
"Aku udh divisi 4, sehari kemudian main lagi kok udah divisi 6 aja, gimana sih?",2
saya hoki,5
game nya bagus ga leg,5
"cuma mau komen hasil update-an kemarin (9/4/26) berdasarkan pengalaman pribadi berasa ada yang beda, yaitu stamina pemainnya lebih cepat habis meskipun pake pemain epic dengan stat stamina 80-90. trus, kiper lebih sering menepis pake tangan/kaki, dibandingkan langsung ditangkap. dan, kalo main game ini doang sinyal sering kerasa ngelag dan device cepat panas, meskipun pake setingan standar dan spek hp juga udah mumpuni dengan CPU Dimensity 6080 dan RAM 8GB + sinyal wifi 20MBps + ruangan AC. thx",4
Asu game celeng,1
"apa apaan udh selesai update di playstore setelah masuk aplikasi ada download lagi mana udh selesai ngulang ngulang lagi, sampe sekarang kgk selesai selesai. harap di perbaiki masalah ini",2
sebelum apdet terbaru in aman aj abis abdet stak di loding skrin Cemana si Konami ud apdet 2 gebean😪 akun baru pun tetep gabisa tolong lh Konami perbaiki lagi,4
abis update makin aneh gameplay nya,1
GG WALAU AGAK KIKIR,4
game nggk bisa di update,1
SANGAT GAME PAY TO WIN,5
PAYAH,1
"Yang di update itu servernya bos. ini masih aja delay, lag, game keluar sendiri, percuma sering update gak ngaruh sedikitpun",1
woi Konami kasih lawan tu yg mudah jangan yg keras dongo emang konami,2
👍👍,5
Gamenya seru,5
"kebanyakan update, bikin full memory. main PES untuk refreshing malah tambah budrek",2
"SUMPAH SETELAH UPDATE BUKANNYA BETTER MALAH TIBA-TIBA FOR CLOSE!!! EMANG SAMPAH GAME PAY TO WIN, MAU SEJAGO APAPUN GADA GUNA",1
ini game rusak,1
suka,5
tolong balikin cloningan nya konami,1
update terbaru sampe 2 GB lebih pas mau dimaenin mentok dilogo efootball...piye,4
sangat bagus dari segi gamplay,5
kalo clone tidak bisa seperti dulu lagi. yg rugi konami karna g akan ada 1 orang ngunduh 100 apk efo. kembalikan clone seperti sebelumnya.,2
👍🏽,5
yang fitur baru pemulihan nyawa itu di ganti dari pakai koin ke GP aja knapa??????,4
game nya lumayan cuman geravik nya kura Ng bagus,3
game bego,1
tambahkan liga indonesia KONAMI,5
"tambah ucl min GK seru KLO ada liga saya tapi non ucl selebrasi nya gak sesuai cunha harus nya joget, ini malah yg Laen..",5
lelet nya gak bisa ilang ?,5
harus ada liga indonesia biar makain rame yang maen,5
bagaimana cara mengontrol pemainnya semakin sulit saja. dibandingkan zaman pes dulu sangat jauh sekali pebedaan nya. jauh lebih susah dan gaenak bangget mending mending kemarin masih bisa dimainin lah pemain yang jelas kecepatannya diatas 99 masih kalah lari sama pemain belakang lawan. padahal udah ninggalin jauh masih bisa dikejar dong. apalagi pemain delanku baru masuk dan pemain bertahannya sudah dari awal game,1
game kikir update nya lama,1
bintang bintang bintang bintang,5
udah download minta update sudah di update sampai habis 10 GB gak siap siap apa maksudnya,1
😡,1
master league nya kurang Tolong tambahin lagi ini fitur yg saya tunggu pengen kaya dlu,4
masukan lig 1 Indonesian dong,5
bagus tapi enggak rame kayak klub ya dikit,5
update ga jelas,1
sangat bagus. gerafik ya d naikin dkt lah min,4
"pokoknya terbaik, makasih bonusya. tambahin lagi bmus pemainya.",5
kalo ga bisa cloune mending hapus aja dari playstore,1
cuih konamtod GK bisa ngeklon lagi padahal ada 4 akun gg belum ketaut hasil beli rugi dong,1
kasih pemain bagus dong hihi,5
Game dajal,1
"wooeeyyy konami,, kembaliin musuh divisi AI ke semula random kok sekarang kawan EFB united Mulu",1
"konami paling baik dan tidak pelit, game yang menyenangkan dan game bola terbaik",5
thanks konami udh perbaiki masalah nya,5
liga championya mna,5
minimal dikasih pemberitahuan lewat email kalau lebih dr 6 bulan tidak login berpotensi data akun terhapus dari akun konami id. 3 akun gw hilang loll. baru banget pengen main lagi tau tau data akun hilang karena gapernah login lagi 2 tahun jadi males bikin akun lagi. auto hapusss,1
makin hari makin ampas,1
nga bisa clone auto turun🤣,1
"Liga Jerman Lebih di Rekomendasi itu Lebih Peting sih sebenarnya dari pada liga Malaysia. bukan berarti saya tidak suka , tapi setidaknya 5 top league Eropa di utamakan. inggris, spanyol,Italia, Prancis dan Jerman. sisanya mengikuti. tapi sejauh ini ada pembaharuan setiap sistem nya . membuat game PES football ini semakin maju dan nyaman untuk di mainkan dan di nikmati 😉. sukses selalu dan tingkatkan kualitas game PES football ini . semangat 💪 terus Developer",4
game nya sangat menarik grafik nya uni bngttt,5
knp game ini sllu ngelet pas maen sama org lain pdhl pakay wifi tolong dong gimna biar game lncar biar yg makay puas hati boss.,5
"After the update, I can't log in.",1
wee ini game cantiknyo,5
👍👍👍👍,4
I'm quitting this game. It's becoming too pay-to-win. You have to spend a lot of money to get good epic cards. don't download this game.,1
setelah di update pas di buka jadi pengunduhan selesai terus ga beres beres,2
there is no Indonesian league🥹,2
"update terus tiap minggu , tapi gak berubah, masih aja lag",2
sangat tidak nyaman main ini game selain lambat juga sering x update update pdhl perubahan tidak ada tolong diperbaiki lagi buat kedepannya kalo update tolong lisensi kan Tim Manchester City 🤙🏻,5
Master league 👎,1
server jelek,5
"master league macam apa ini Cok udah waktunya terbatas, mainnya juga terbatas lagi pake energi hadehh, gajelas inilah kalo ga niat rilis gajelas amat dah master league darimana dah? inimah mode cacat dengan embel embel master league",1
secara grafik sudah bagus yang bikin saya emosi sekarang hari kamis dan jumat ada pembaharuan seminggu kok 2 kali pembaharuan jadi tolol,2
sirittt kanjuutt clone balikin lagi woyyy,1
"smart asist please remove from PvP, this game not fun if smart asist still able to apply",1
game nya seru seru banget yg bikin GK seru nya 1 setiap hari ada pembaruan,2
Sejauh ini bagus seluruhnya Cuma kalau ditambah carrer mode kayak nya lebih seru,4
"bodoh game ini terlalu banyak kali update nya, baru aja main hari ini selang berapa menit tidak bisa main karna survey taik",1
update jelek jadi males bikin akun baru,2
pemeliharaan kok 2hr berturut-turut... buat apa,1
KONAMI AJG NGAPA PEMAIN GW SUSAH GERAK GILIRAN MUSUH LINCAH AJG,4
"susah kali sa mau update, dari tadi kau punya itu update stuck terus",1
"Mantap bosku ... Cuma tiap beli pemain g pernah ada yg bagus bintang 2 klu g bintang 3. Dah download 2,44 GB mainnya malah lemot g bisa agresif pemain nya.REPOT ah",5
udah update besar2 2gb lbh.. gtaunya mirip liga saya... mandingn g usah masterliga.. di update aja yg liga sya🥲,4
baik sekali,5
kurang menarik sekarang,2
game kikir download ngestacuk di 100% padahal bukan clone,1
jangan batasi kami dalam cloning game 🤬,1
woy efotbal ajng gw nge update udah 70% ulangi lagi dari kuota gw 8 gb skrng 2 gb gk ke download efotbal emang aj efot game lol,2
tapi gak bisa main yah,5
kalah hoki sama free player.. udah pay to win malah ampas. saya akan kembali jika sudah mendapatkan epic.,1
tambahkan liga 1 Indonesia lebih seru min,5
"Game sampah,,, pemeliharaan server Mulu,,, kepuasan Players ga di perhatiin",1
kemarin habis update sekarang update lagi 🗿,4
jangan kebanyakan pembaruan apalikasi deh,3
jelek gabisa login,1
"setelah update ngga bisa login, stuk dihalaman depan, kalo udah fix ntar saya kasih bintang 5 lagi",1
saya kasi bintang 1 karana.gem in selalu maintenance.dikit dikit mantence.perubahan ngga ada biasa biasa aja stelah maintenance.pemeliharaan sampe 2 hari game burik,1
"update teroossss wkwk ,ini 2,44GB yg di update di apk apaan btw klo kualitas PvP sinyal tetep jadi kendala padahal jaringan normal, masa yg di update event nya mulu seminggu 1-2x ,kualitas jaringan nya juga dong",1
Adain liga indonesia dong biar seru,5
"After updating, I can't log in.",1
kaya main di ps,5
gamenya seru bisa dimanin saat ofline dan update nya bagus tapi tolong konami jaringan nya agak sedikit ngelag pokok e seru sekian terimaksih🙏🙏🙏maaf kalo gak jelas,5
update pengunduhan lama kapan mainnya,1
habis update malah stuck di pengunduhan gimana ini gak masuk masuk ke game nya?,1
Please admin tolong tambahin pemain favorit saya Manuel Neuer biar seruu tolong buat POTW Manuel Neuer,5
knp ni update trus update nya mangkin lemot main nya...,5
akun utama malah ga bisa masuk,1
kok membayangi jadi gak bisa,4
tolong lah di perbaiki master league nya jangan di Batasin seperti biasa aja main nya kaya lawan bot aja itu kan petualangan master league nya atuh,5
kenapa skrg sering pemeliharaan server ya pdhl gak ada mslh gameplay dll.semua baik2 saja cm kl lawan vs player sering lag /delay mohon diperbaiki soal koneksi jaringannya ya pas vs player pdhl wifi bagus tp masih sering lag kalo lawan player 😁😁🙏🙏🙏,5
clone ga bisa di pake lagi kocak Konami lol,1
"game paling aneh dan terberat setiap perbaikan mau update susah banget ditambah updatenya ga kira"" minimal bikin game ga nyusahin tapi bikin para game bahagia",1
woy gw dapet Santiago Ramos mingo kok overal nya beda di display 99 di efhub 103 di gw 100 yang bener lah Konami ini Masalah nya bug loh,5
"game kok kebanyakan pemeliharaan sistem ,Teknisinya sampah semua",1
woy Konami jangan la setiap minggu update kpn mainnya klo bgitu,4
gajelas gabisa login tetep 0%,1
game tolol terlalu banyak update,1
kebanyakan update gitu ngasih event ga pernah yang namanya di kasih pemain bagus,3
gak bsa clone,2
kapan menginstal nya woy,5
kebanyakan pembaruan gak ada yg berrobah,4
game busuk uninstall aja dah gabisa pake clone bjir,1
bad at all,1
Kebanyakan pembaharuan Sekalinya pembaharuan besar banget tapi club club Bayern Munich Juventus gak ada kan lucu,2
game ribet.,1
update gagal,1
aplikasi ini sangat enak untuk mainkan dan enteng,5
2 tahun belakangan terlalu sering kx update,5
game plng gw suka sedunia,5
Konami tolong lah Ini ga mau masuk Ngetuck trs di 0% gmna???? setelah update,3
mantap,1
stupid game,1
sesudah update besar² kok saya GK bisa masuk ke game nya ngestak di tampilan awal padahal udah update,2
download data nya sangat lama,1
"tiap spin dapat ampas mulu, #konamikikir gacha haramm",1
trash game.,1
game apa la ni tiba² GK bisa di update game kacung,1
"mau usul dong konami, mau liga 1 Indonesia. ini game nyh bagus persis sama realita tapi mau liga 1 Indonesia",4
best game,5
MAKE INDONESIAN LEAGUE DUDE!! Indonesian one of the most play efootball mobile! Come on bro,3
admin please 🙏 kenapa gw ngestuck pas login udh 3x instal ulang,1
kenapa tidak dapat mengunduh efootbal coba beri saran agar bisa kebuka efootbalnya,5
efootball..please jgn pembaharuan terus ngabisin kuota,1
bagus cuma kurang lisensi,4
"tidak bisa pake aplikasi clone, balikin ulang konami",1
gemes ini seru banget,5
lama sekali update nya udah 80% malah ke reeset sendiri hadeeeh,1
"kurang bagus,,, saya bantai teman saya terus",5
"Master league nya norakkk. mending concern ""liga saya"". sama lisensi. hahahha",2
"di waktu pergantian pemain harus di liatin dong keluar sama masuknya, sama harus ada champions",5
seru banget gem nya👍👍👍👍👍,5
"oiii konami lol,,setelah updet makin lol2 pemain nya,,ibrahimovi yg bru dpt aja tolol,,",2
game hama update tambahan gak jelas cuma bisa jual lartu,1
ep ep nya bagus,5
seru tapi tolong update nya jangan seminggu sekali minimal sebulan sekali lahh🥲,5
"sempurna,dari segi apapun enak mainnya, game ini gak terkalahkan",5
kenapa gak bisa main ?,5
bagussssss sangat menyenangkan...,5
ini kenapa aku gagal terus kaitkan akun konami ku?,1
"Kebanyakan update sedikit2 update kapsitas penyimpanan jadi nambah terus yg awalnya cuma gak ada 2Gb skerang hampir 5Gb minta update terus tapi tapi tidak ada perkembangan, digunakan gak semakin baik malah semakin lemot dan semakin tidak baik lagi2 minta perbaruan kok sampai 2.5 GB, nanti seteleh diperbarui juga tidak ada perubahan bener2 tidak wajar",1
ga ngotak jir updet nya,2
makin kesini makin kacauuu,2
lumayan bagus.. tapi kenapa kalo nyari pemain yang kita inginkan selalu sulit,4
usahankan jaringan lebih rendah...,1
"setelah update 2gb, berjam jam aplikasi stuk 0%.. udah 2x download ulang.. parah parah lama nungguin Bangkeelllah.. udah sehari lewat ttp stuk gak bisa dibuka",1
game nya bagussss,5
"Gameplay apaan ni ,setelah update tekel dikit kartu pelangarang kek mana mw difend kalau gitu",2
SAYA DOWNLOAD LAGI GAME INI KALO SUDAH ADA BRI SUPER LEAGUE🇮🇩,5
"harusnya di samakan logo/emblem club negara masing"" ini mh msh jadul bgt",5
geme bagus aku suka,5
kaga bisa login,1
"memory game makin besar, tapi tidak bisa di pindahkan ke memory sd card, buat kecewa",3
"tolong Konami masalah jaringan di stabilkan lagi apalagi klo main yang sma"" dngan kawan pdahal jringan lancar"" aja, tolong di perbaiki lagii, suksess truss....tambahan jangan update trus la makin brat coyy, minimal klo update masalh sinyal bisa prize dia tolong la min....",5
jangan....tipu dayanya terlalu besar....tolong jangan dowlod,1
setelah pembaharuan hari kamis tanggal 9 april kemarin buka game jadi lama sekali,2
sekarang kok GK bisa dimainkan,5
di updet ko ngestuck bro,1
sudah mulai bagus game ini..,4
"game ini sangat bagus, hanya saja setiap kali saya bermain baik divisi maupun ai tidak banyak saya memenangkan pertandingan di karenakan kartu pemain yang sangat amat buruk bermain. pemain yang lambat ketika tembakan ke gawang lawan, operan yang lambat seperti delay, susah merebut bola ketika bola pantulan dari lawan maupun tim, tidak ada yang bisa meyundul bola di udara, dan lambat bereaksi baik kartu epic/showtime, maupun kartu unggulan/standar. terimakasih banyak.",1
sekalinya update gede banget jir,5
bagus permainan nya,5
Konami JOSSS,5
gimana caranya biar ada liga indonesia,5
"keep the master level mode, want it permanent, add the Indonesian league license",5
sering ngelek saat main divisi,4
saran aja sih tolong jaringannya di perbaiki,5
"Why did Konami include the Malaysian Super League, even though FAM is having problems with the case of falsifying naturalized player data, it seems Konami does not respect FIFA's sanctions policy.",3
rame banget,5
"Tolong lah beri semua club-club keluar semua seperti bundesliga dan liga 1,masak cuma club-club itu² saja yg ada bahkan club yg ga jelas ada semua full bahkan",4
jaringan selalu ngelek pas main divisi padahal jaringan saya bagus jadi susah naikan divisi tolong perbaiki delay nya jangan di update terus game nya perbaiki juga delay nya itu saja yg saya minta,2
kembali kan data clone nya woi konami,1
kenapa setelah di update punya saya ndk bisa dibuka ya,5
mohon admin tolong untuk sprint master league dipertahankan seperti permainan liga,5
terlalu banyak updet nya,4
game bagus grafik bagus tapi aku enggak punya pelatih jago kayak jurgen klop,5
ini permaina apa sangat bagus cok udamah hoki hoki aja,5
harus bisa oflain mohon di tingkatkan,3
kok gak bisa login akun efootballnya? padahal udh aku update,1
gokil,5
jaringn nya suka gak bagus kalau main,1
Seragam kalau bisa di custom seperti : -warna baju dan celana -motif baju dan celana -warna kaos kaki dan motif -logo club custom sesuai selera pemain sendiri. karena kita juga pengen bangun club sepak bola dengan keinginan kita sendiri,5
"game pukyyy,udah menang 2-0 tiba' lag terus kalah,baned tuh player yang pake chit lol bikin ga mood main",5
luarbiasa,5
TEAM KONAMI HEBAT,5
saran update kedepannya ada komentator bahasa Indonesia bung binder,5
game ini bagus untuk meningkatkan strategi,5
Gabisa clone susah ganti akun,1
bagus sebelum update,5
komedi .,1
Zidane kemana?,5
KEMBALIIN CLONEE!,1
KLO bisa buat liga acl nya adain,5
liga champion nya tdk ada sayang seribu sayang klu game nya no 1 tidak ada dua nya knp setelah di update yg baru TDK mau loding,5
nah gitu dong grafik naikin....,5
game kikir,3
"Don't forget to give me good luck again, okay Konami . because if I'm not lucky in efotball, I don't know where else to get lucky. so don't forget to give me luck again, okay? Get it straight away with one gacha, okay, Konami is good🥰",5
makin berat gameplay nya jadi bintang 🌟🌟 aja,5
konami tolong punya saya gk bisa lagin padahal udah update tpi msi ada update lgi baru masuk itu tpi gk jalan jalan,3
update setiap per pekan yg berubah gak adahh,1
ada peningkatan,4
tolong gmes apa ini sih tiap pembaruan trus nyesel gme ini,1
tolong updatenya jangan d persulit,5
update 9 april gw udah habis 10GB gak bisa bisa 🤬,1
Tambahin Fitur UCL min di liga saya. Biar mirip Master Ligue PES dulu. Jadi di sela sela liga ada match UCL. Biar lebih real aja,4
oi konamix knp pengunduhan gw 0 mulu,5
kocak ngebug ga bisa login,1
"Konami tidak bisa memberikan lawan yang sepadan alias ga mandang bulu, bayangkan orang timnya seadanya dan bermain santai mencoba membangun serangan dari bawah sampai ke striker supaya kita bisa cetak gol, sedangkan orang dengan skuad yang ovr hampir sampai 3300 pemainnya tentu full epic tinggal bermain umpan jauh karena kartu epik memiliki keunggulan dalam umpan, lari, dribble dan skil lain yang tidak ada di kartu unggulan atau epik gratisan, jadinya game ini bukan untuk have fun!!!",1
lebih bagus kalo ada kompetisi ucl di apk ini,5
kontrol yang sangat buruk .masa iya updet sampai 2 giga gila ini main baru sebentar minta update nnti klah sama game tetangga punya nya fifa,1
woiii abis update ga bisa di buka ini aplikasi tolong lh yg bnr,5
BRI liga 1 kapan,4
banyak klub yg gak ada dan nama nya gak real....,5
"Saya mau cerita tentang pengalaman saya selama bermain efeootball Konami, kemarin saya berhasil mengumpulkan 2000 koin, dan saya mencoba untuk spin beberapa pemain epic dan aneh nya saya tidak mendapatkan 1 pun pemain epic, dan koin itu bukan dari hasil saya top up melainkan saya mengumpulkan dari ber bulan-bulan hasil dari misi yang saya jalankan dan Konami tidak memberikan saya pemain epic 1 pun dari 2000 koin yang saya spin,tega bener",5
Gati game play versi lama aj. Rebed yang skrng,4
"game tolol malah di tambahin iklan,, uninstal aja nih game tolol bukannya tambah bagus malah tambah tolol,, game miskin kebanyakan iklan",5
"There should be a player career mode, to make it more exciting 🙏🙏🙏",5
gabisa pake clone padahal bawaan HP,1
gamenya mantul bosqu,5
game nya seru bagus tapi tolong dibenerin untuk jaringan sering delay nge lag,5
liga indonesia kapan min,5
"yang bener apa, update smape 2,6 GB. Game Kocak",1
SAYA MOHON UNTUK BISA LOGIN MENGGUNAKAN APLIKASI KLONING,1
udah bagus,5
mana g bisa login game anehh,1
"Kenapa gak bisa login dah? dari kemarin loading terus, ada tulisan pengunduhan selesai tapi 0% Mulu gak maju². Ditunggu sampai 1 jam juga masih 0%, game gajelas!",1
"terlalu besar untuk update nya ini update apa coba 2,56 GB?? hmm",1
tambah fitur transfer antar player,1
stuck di 0% gak bisa main,1
bagus c...... tapi knP setiap habis maintenance selalu di buang ke Divisi bawah lgi ya.... sudah divisi 3 susah2 dibuang ke Divisi 5,2
Ok,5
jaringan sering ngelag,4
"semoga di baca,kenapa aku mau ganti akun ke akun utama ga bisa sih,padahal g pake clone,pw Ama email udh bner tapi ada tulisan cek user id/password,ku coba di web bisa padahal,hadehh bukan makin baik malah makin susah",3
sangat bagus dan sangat seruu,5
masih ada bug di pengguna gamepad usb dimana tombol sprint atau R2 tidak berfungsi sehingga tidak bisa buat lari cepat. kalau bisa tolong dipindahkan saja tombol sprint nya pada tombol R1,4
"game ga responsif, karakter kadang kalo suka lemot, malah di jagain mulu bolanya padahal udah pencet tembak atau umpan",5
file tambahan gabisa di unduh bug ato gimana konami dri kemaren smpe skarang msih 0 persen donload,3
perbanyak lisensi klub,1
kecewa,1
kenapa gk bisa di buka,5
"sangat bagus. mungkin fitur kompetisinya perlu ditambahin. Kalau main liga harusnya TDK bisa bisa diulang. terus ada zona2 gitu. Zona UCL,eropa, gitulah",4
game PAOK kalo lawan pake script tu ban la bodo,1
alangkah bagus nya liga indonesia juga di masukan,5
terlalu sering pembaruan game nya.....,3
tapi donwload nya lama,5
"gak bisa dibuka pengunduhan mentok 0%, udah update terbaru di playstorr",1
game yang gampang banget di main kan,5
semenjak update gk bisa masuk..otw pensi aja dah,1
Game Rungkad,5
maaf.habis pembaruan besar kemarin kenapa akun saya yg dari dulu cuman satu gak bisa login.padahal udah aku tautkan akun Konami dan google..tolong jawab,3
kerenn polll,5
"untuk developer pes,game nya udah gila bagusnya,cuma kaya kurang aja,di indonesia player pes banyak banget,kaya sayang ga di tambahin liga indonesia,kita player pes indo juga kaya berharap ada liga indo di pes ini",5
"game burik,,,Setiap main pvp, pas mau menang jaringan selalu hilang... ujung2nya kalah😀😀 Apa lawan saya hackernya😁",1
game bagus kalau setiap update mantapp memang ini efotballl,5
Abis Update jadi aneh ni game makin rusak,1
mantap mainnya,5
sangat baik sangat baguss,5
"fix gameplay, and remove smart assist🤬",1
Master League tai,1
"gacha gratisan sampe top up ampas Mulu. mana ini game pay to win, emg gila ni game",1
"sungguh Suka ,,apalagi kalau Lagi BT",5
gagal2 teruss woy,3
"setelah diupdate kenapa ga bisa login woy, males lah klo kya gini mending gosah update sekalian katanya game bola terbaik malah zonk",1
hallo Konami kenapa efootball saya harus pakai vpn biar bisa ada gambar nya dalam game eventnya server nya lag terus,3
"udah bagus banget update gamenya, tapi kalau bisa yang master league jangan cuma event tapi bisa dimainkan terus menerus, dan gak usah ada nyawa buat main master league,klub lain juga melakukan transfer jual beli pemain dalam master league dan nantinya pemain kita ada yang dibeli oleh klub lain jadi biar bisa kayak master league console.... semoga next update bisa diwujudkan",4
"Game ini seolah olah milik Messi, Yamal dan Neymar padahal tidak semua pengguna penggemar mereka JD tolong bijak dan adil dlm pembuatan game ini!!!",4
"umpan pojok jadi gak enak gak leluasa, dan umpan terobos susah, umpan lambung susah kena lawan terus dari dulu belum juga di perbaiki",1
tolong update kedepanya saran dari saya adakan tim medis buat kalau ada yg cedera bisa langsung ke dalam lapangan dan Sama adakan juga pemain cadangan buat lagi ganti langsung ke dalam lapangan,5
Ada apa dengan e football sekarang??? Kok tidak bisa login????,1
benerin server nya lah kocak tiap update besar gabisa login,1
"Kenapa enggak mau download sekarang,,,,udah masuk ke Game download nya masih 0 persen terus",4
game play nya udah oke siih tapi kemarin saya mau log in game nya malah ada unduhan selesai tapi bar progresnya 0% tolong perbaiki masalahnya yaa,1
jaringan,2
mantap makin banyak item gratisanya 🎗️ tambahin dong di liga saya kaya uel atau ucl dan yang lainya,5
kenapa gambar temanya barcelona dan pemain barca semua. kenapa tidak madrid. saya tidak suka tema berisi bancilona semua. harus ada real madrid raja dunia. itu wajib. dan goat Ronaldo cr7 itu hukumnya wajib.,2
the game with the worst network management conditions difficult update,1
semoga kedepan ada liga championnya,4
harusnya yang event sprint master kita yang main secara pengguna bukan kaya begitu kurang Suka dan pendapatan nya cuma 14 k atau 20 k saja sedang kan pemain harga 150 k wuuuf ayo dong jadiin pengguna saja yang main setiap laga nya,2
"Setelah update 9 April Konami mengecewakan, update besar yg di tambah cuma gimmick-gimmick, clone ku gak bisa login babbiiiikkk",1
gams pemakan penyimpanan,1
gak bisa login setelah ufdet abis di ufdet Kouta gua abis 8gb gila banget,1
game nguras uang,1
SMART ASIS HILANGIN BISA NGA DONGO BANGET JADI DEF GANGU PERMAINAN SMART ASIS TOLOL,1
"abis update malah stuck gabisa masuk sama sekali , liat penjelasan ditiktok gara gara clone , padahal akun ori bikin dari awal , rada kecewa aja si abis update malah begini",1
Overall it's good,5
kenapa tidak bisa di update,3
"game ini, pas update 2,4 GB ini, tombol nggak bisa dipencet, kontrolnya susah, pemain kadang suka ngediemin bola, ngelag dikit langsung nggak bisa kontrol, pilih kasih, gamenya sekarang nggak kayak dulu. cuma mentingin uang di banding kepercayaan pengguna akun.",1
iya lumayanlah buat hiburan,5
sangat bagus ah,5
"saya tidak bisa masuk ke in game setelah update patch terbaru, stuck di loading screen dengan tulisan ""update selesai"" di menu loading screen",1
cukup update maintenant sebulan sekali saja,4
Dicari cari Club Juventus dimana ya,5
eek,5
setelah di perbarui kenapa ga bisa login,3
Game dongo jaringan bagus di game lag gblok,1
Nice,5
sangat bagus sih tapi keseringan update terus,5
👍🏼,5
keren mantaps tambahkan,5
"TOLONG PERPANJANG LAGI MODE MASTER LEAGUE PLEASEE, DAN JUGA TOLONG NYAWA MASTER LEAGUE NYA TAK TERBATAS !!",1
pembelian yang tidak kunjung terkonfirmasi kan,1
Konami's suggestion is to use Shakira's waka waka sound,4
kikir,5
"update ngotak dikit lah, hp gua kentang",1
"game kntl, cloning aja gak bisa",1
Dari semua aplikasi football i paling suka dgn efootball .. cuma imput dari saya .. kalau lagi pemain saya berebut bola dgn pemain komputer kaya berhenti gitu gak bisa digerakin..tlong diperbaiki lagi untuk hal ini..and the others one the best lah ... Efootball Sukses,5
"sinyal harus di perbaiki,abis di update malah ga bisa di buka game nya",4
akun sy ilang gara² uninstall,1
terlalu sulit dapet pemain bagus apes terus,4
grafiknya sudah sangat bagus... di tingkatkan lagi mode bertahan sama gaya menekan dalam laga,5
sering ngellek,3
"banyak event baru yang menarik dan banyak pemain epic gratis yang di berikan dan juga gameplay yang sudah menjadi lebih bagus dari sebelumnya, semoga kedepannya lebih bagus lagi dan banyak event event yang menarik peminat player baru untuk main efootball",5
update in gamenya stuck di 0% jir lh,1
ora dadi login konamex,1
"update ga kira kira, ngabisin memory aja njir",3
"sungguh mengecewakan lagi asik main. tiba"" kalah aja",2
pembaharuan gak guna,1
"evaluasi untuk gameplay online atau liga efootbal, gameplaynya sungguh delay saat lawan user lain, terima kasih",5
"selamat tinggal game rusak,di apdate bukanya bagus malah gabisa dibuka",1
pengunduhan selesai nya ko 0℅ terus ya?,1
"setelah update saya masih belum bisa login ke game karna di situ tertulis pengunduhan selesai, tetapi saya tetap tidak bisa login,padahal saya sudah update di play store mohon diperbaiki agar saya tidak terlewat event event yang menarik",3
"Pesan kepada developer saya sudah 3 kali mengupdate apl ini namun masi saja bermasalah pada saat pengunduhannya hampir selesai, saya komplain ini memboroskan data seluler bagi pengguna yang meng-update tidak memakai wifi!!!",1
grafik nya di bagusin da update jangan terlalu tinggi sampai 2 gb lebih,5
game nya tolol tiba2 ada pemberitahuan anda kalah padahal saya gak mundur,1
"seringkali update tapi permainan gitu gitu aja, udah sering update besar pula update an nya",1
game aneh,2
di update malah gabisa login gimana nya h,1
terlalu berharap sii,1
game bagus tidak ada bandingannya dengan game bola lainya tetapi penyimpanan butuh besar jadi tidak semua hp kuat dan jaringan harus butuh jaringan yang sangat bagus ketika melawan PvP,5
knee dan makin 3d,5
"semoga konami baca ulasan ini. setiap hari kamis selalu update, tapi untuk masalah jaringan ketika tanding PVP kebanyakan tidak menyenangkan. hp saya sudah spek terbilang lumayan untuk main game besar yang lain, tapi untuk game e-football serasa jadi hp kentang. update 9 april besar tidak seperti biasanya. harus update ke playstore dengan update data 2,7 gb. ckck update kocak",1
Efootball ngebug tidak bisa log in udah lama nunggu pengunduhan data masih aja kayak gitu,1
"Setelah update, untuk event oke lah.. tetapi untuk gameplay BIG LLLLLLLL 👌🏻",1
terlalu banyak update tolong jangan cepat banget update udah besar pula updatenya,3
game semakin lama semakin bagus ini semakin (jaringan ngeleg terus(,1
Kembalikan Seperti Dulu😭😭😭,5
"update nya tiap kamis tapi fitur nya gitu-gitu aja. tambahin donk kayak world cup,liga champions,club-club yg berjuang di liga untuk lolos ke UCL ..biar seru game ini",1
"Pelittt bangettt siii,ngabisin koin hampir 1000 koin masa cuma dapet pemain bintang 3?? pemain bintang 3 mah gua bisa beli pake gp!!",1
e FOOTBALL 2024 TOP MARKOTOP,5
"kenapa aku nggak bisa update yah padahal roam hp aman,dari kemarin sore loh tolong di bantu",1
saya dari dulu suka sekali bermain efootball jadi wajar kan saya memberi bintang 5,5
"menurut saya kurang sesuai ketika PVP , ketika sedang bertanding atau mau selesai pas udh 1-1 atau kita mau menang dan mau keluar tiba"" kamu kalah karna koneksi buruk. itu kan GK masuk akal 3x pertandingan.coba cek Takutnya ada cheatter",1
Yang baru terjun disarankan punya device 10 juta keatas+ruang sendiri+wifi sendiri. Selagi g punya itu dijamin g akan fun main ini game entah lawan komputer maupun pvp,5
"jualan kartu setiap Minggu ,giliran update master league pun masih dikasih koin udah gitu ga sesuai dasar game kikir",2
Untuk game seukuran gini gaada bagusnya digedein fasilitas kayak bisa pake stick dll gaada tapi datanya gede apa apaan cuma segitu aja data gede wkwk mending hapus aja gada gunanya,2
update nya makin besar aja,5
Game Nya Sangat Bagus,5
permainan nya sangat bagus dan pemainya kaya asli. tapi kok agak ngeleg yah? padahal jaringan punha aku bagus,5
update trs bosen,5
"kikir amat ini game, mana tiap update harus mt mulu jis najis",1
game tolol udah di update masih harus update lagi,1
tolong dong ada liga Indonesianya biar seru,3
one of the worst games in the world,1
tolong ini gabisa login weh,1
GG GEMINK,5
g jelas gamenya,1
sering delay pas main tp main seperti ml ap main yg lain lancar jaya cuma main efootball ada delay patah²...,2
efootbal bermasalah susah untuk login Konami id dan ganti aku lainnya,3
Servernya perbaiki,5
update stiap saat 🥱 klo bisa 2 minggu skli bila perlu sebulan sekali biar gk habisin paket cuma update tiap minggu🤷‍♂️,4
Please make efootball™2023 a lite version To be lighter,5
habis update malah makin banyak script,1
Game sepakbola paling keren,5
kalau bisa buat event seperti liga champion yg mempertemukan setiap juara di liga game ini bagus cmn kurang dalam turnamen,2
"update udh Kya baru download aja 2,4 GB sue",3
"tiap kamis maintenance tapi server ga pernah bener, tiap update besar selalu banyak bug, gajelas banget!!",1
"update ga jelas, di playstore udah update 2,5 GB, pas login ga bisa pengunduhan selesai 0% lama banget ga kelar-kelar, akhirnya uninstal update lagi di dalam pas login 2,5 GB, jadi kebuang 5 GB, ga worth it sama sekali 1 Bilion download cuma dapat epic 1 ga bisa milih, master leaguenya cuma gitu doang dan dibatasin pula pakai stamina, kalau main terus bayar pakai koin",1
game busuk dan juga konyol,1
saran ya buat konami kalo bisa ganti ganti akun ga usah di batasin bikin repot ini konami kikir banget,2
kerennnnn dan mohon ketika update jangn terlalu lemot,4
"plis setelah update stack di loading screen gak bisa masuk""",1
"Untuk kontrol bertahan makin sulit, apakah ada bug jika ada mohon segera diperbaiki",4
pengalaman aki sudah lama main efotboll,1
tolong tambahkan cup untuk liga vs ai,5
"gajelas makin kesini makin kek sampah, udah lah kikir pelit!! malah makin jadi di update sekarang gabisa login beberapa akun di 1 hp. Najis cuih",1
pembaruan yang sangat buruk,1
GRAFIK BAGUS GEMPLAY BAGUS KEKURANGANNYA DAPAT KAN PEMAIN BAGUS TERBAGUS UNTUK PARA BANSOS,4
"update terus,,iya kalok di kasih pemain bagus, tiap Minggu update cuman gitu-gitu aja, game bobrok mending pindah ke FC mobile",1
mantapu,5
ini gimana game kaga bisa d apdate d hapus d download LG kg bisa jg masalahn Mulu padahal penyimpanan masih byk PP,1
benerin bug nya konamtod,1
"buat konami yg terhormat, minimal jangan ada batasan buat Gonta ganti akun dong, biar bisa login ke akun lain, udah itu aja makasih.",1
"efootball konami, tolong dong. jika ad kolom ulasan dan rating dari penggemar dicek/bila mana perlu dikomentari. contoh itu ad ulasan yg tanggapannya mencapai hampir 1000, tp tdk ad tanggapan dari konami dan di game play nya tdk ada perubahan. ini sengaja gk dibaca atau memang ulasan dr penggemar tdk penting???!!! klo ntr rame2 boikot hapus, selesai lho. toh ini kan suara para player....",1
"akun data hilang semua pemain yang sudah dibeli, biasanya setiap game selalu terdaftar di google playgame ini tidak harus daftar manual dulu di konami sebelum nya saya tidak tahu harus daftar manual jadi menyebabkan semua pemain hilang tanpa sisa",1
"game burik ,,gw udah unduh data 100% malah eror pas masuk lagi malah balik lagi unduh data dari 0% kecewa banget mending maen FIFA sekarang mah..GK butuh game kaya gini",1
ini sangat bagus walaupun waktu updatenya lama tapi tetap bagus😃😃😃😃😃,5
"tambahkan VAR supaya tidak ada kecurangan dan diving. membuat permainan menjadi seru dan unik, permintaan dari pemain",1
"Master league terburuk yang pernah ada! kami butuh sistem master league seperti dulu. sistem kontrak pemain, transfer window yang realistis, pengembangan pemain yang realistis, peran pemain, sistem gaji, keuangan, dan segala aspek yang sama minimal dengan master league pes 2021.",1
"Seperti biasa, abis upgrade balik ke setelan ""Tolol"" nya Konami",1
penyakit lu benerin duluuu ini udah dari kemarin gak bisa login sampai sekarang,1
min collaboration sama timnas terbaru dong & jersey Indonesia terbaru kel me,5
pengupdatan apk yang sangat lama,2
"setelah update gabisa login, payah malah stuck",1
gaem tolol,1
"kasih spinan yg enak dong, rungkad mulu gak lucu",1
server sering bermasalah. jaringan full bar tapi berat dipakai bahkan buff,3
Update paling buruk edisi 09 april 2026,1
Game Ini Bagus Sekali Tapi Yg Bikin Pusing Adalah Selalu Minta Di Perbaruan Alias Isntal Baru Lalet Ok Di Click,5
Bagusss,5
terlalu kikir memberikan player pemula pemain yg bagus,3
kadang/ sering bug tlg dibenahi,3
"mainin 2 akun dari dulu pake apk clone eh sekarang abis update jadi ga bisa main di apk clonenya, jadi males buat main lagi",1
"tiba tiba pas update susah bgt login parah, tolong diperbaiki dong konami",2
tolong tambahin liga Champions league dong,5
"update besar, pas dimainin lag parah tidak seperti biasanya kacauuu",2
setelah update suka keluar sendiri padahal jaringan lancar,3
game bola ptk smart asis busuk fitur busuk ngapain nambahin smart asis busuk,1
terimakasih,5
game babi udh kluar bnyk duit eh pas update malah ngk bisa login,1
asyik,5
"bagus ,,tapi kalau ada event gak pernah beruntung",5
"min ini aplikasi nya kalau di update malah kena bug, jadinya gak bisa di update padahal uda nunggu berjam jam🥰",5
sekarang aku udah bisa main kapan saja karena penyimpanan yang cuma 300 MB aku jadi happy selamanya deh😃,5
kerenn parahh,5
cocok buat saat2 lgi gabut,5
Sangat bangus dan tidak mengecewakan,1
maen efb dr 2022 mkn kesini malah makin ribet,1
ngestuck di 0% jing,1
"saya kasih bintang 🌟 dlu yah karna ga ada liga Indonesia nya,harus mengeluarkan brapa uang untuk supaya liga Indonesia masuk ke efootball",1
alus pisan ieu game na,5
ah tidak baik untuk mental,2
ini game gak pernah mau berubah masa licensi real madrid aja gak mampu beli padahal cuan miliayaran dolar tiap hari 🙃,1
Bad game! ASAA ID IS ROTTEN !!,5
unduhan selesai 0 bug atau gimana?,1
"kocak ini game, pembaruan gede gedean, malah jadi ga stabil ke jaringan, padahal sinyal full!!",1
"setelah di update versi sekarang sudah tidak bisa bermain di ACARA seperti kemarin, ada apa KONAMI??? tolong diperbaiki untuk Mode ACARA seperti kemarin lagi terlalu ribet yang sekarang, kalau tidak ada perubahan aku uninstall",1
tolong lah update nya jangan besar-besar banget,3
game dongo,1
coba di lanjut setelah juara liga ada masuk liga champiaon,5
game apaan ini co udah mh pilih kasih kalo main suka ngeleg gak tau dah kesel pokonya sama game ini Konami gak adil,1
konami ada² sja di takcle dikit langsung pelanggaran tolong dibantu konami,5
"kenapa akun yang pakai aplikasi clone tidak bisa dibuka, banyak player memiliki lebih dari satu akun karena mereka suka sama game tersebut, kok malah dipersulit sekarang padahal player tersebut udah effort memiliki lebih dari satu akun dan memainkannya kenapa sekarang gak bisa dibuka, konami tanpa lu sadar lu sudah mengecewakan player yg effort tersebut, gua kasih bintang 5 supaya di notice ya harapanya segera diperbaiki",5
serba salah konami dh donload apk asli dri play store tpi tetep stak ga bsa di buka data bnyak wifi nyala heran deh trllu dipersulit sndri konami kurang propesionan stiap pembaruan pstii ad msalah mulu amatir yg buat apk konamii,1
setelah update ko susah benget masuk nya,5
"gimana si ini ko banyak yang komplain pembaruan gak jalan, stuck di 0% atau 100% , berjam jam , cuma ngeliatin loading doang, tolong dong kasih cara gimana ngatasinya!!",1
bagus dan layak untuk dimainkan,5
"tiba tiba rubah kontrol membayangi, maunya apa sih anj, udah nyaman sama kontrol lama tiap update pasti di ganti lagi, akhirnya adaptasi lagi",2
"sayangnya knpa harus ada iklannya, bikin ngeleg",3
mantap pokok namah,5
makin ga jelas nh game,1
Setiap update pembaruan harus selalu download komentator lagi,5
"Hello Konami, please provide support for gamepads or Xbox controllers in the future, thank you.",2
"so so an banyak ngomen game gajelas tapi tetep main wkwkw pasti kalahan kena mental sendiri ya kasian,makanya jago biar ga ngehina game bikinan orang segini juga udah luar biasa ada game bola seperti kaya di ps( hampir) main dream league soccer aja sana, efootball bukan untuk kaum mendang mending",4
gameplay tidak seperti duluu,2
kenapa tidak ada Bayern Munchen,4
kenapa gak bisa masuk loading gimana ini,1
update nya lama x bikin kesal,1
"Untuk update playstore tolong dong beckup an buat di memori tinggal ditambahain aja jangan segala harus buat ulang aplikasi jadi makan memori hanya pembaharuan aja udah kaya instal baru. Deplover tolong dong cerdas sedikit lah jangan goblok2 amat buat pembaharuan tinggal ditambah aja, gak mungkin pembaharuan sampai 2.2GB.Sama aja itu kaya download ulang.terlalu bodoh nih devlovernya untuk update an.",3
makin terasa berat untuk hp kami yg ram 4 gb,2
update ap donload ulang .. konami akun gw blm pd naut gak bs login smua clone gak bsa setelah update .. kasih ratting bintang 1 aja biar gak laku game nya,1
game tueeempeekkkkk,1
"update sampah, malah ngestuck gabisa login👎🏿",1
"lu bayangin update data tambahannya sampek 2,44 gb? tolol apa gimana nih adminnya mana updatenya gc kerasa sama sekali ngotak dikit lah",1
ini kenapa guaa masuk download data dalem masih 0% terus Uda di hapus download game ulang tetep gitu ya waktu itu ga ada tulisan pengunduhan selesai tolong nih buat siapa pun yang admin/owner dari efootball tolong di update yang jelas,1
game nya lumayan bagus,5
top markotop,5
"deskripsi orang tuh di baca dan jadikan pr, banyak loh yang berkomentar tentang sinyal tapi masih aja ga ada tindakan, saat bermain PvP masih jelek sering patah patah padahal sinyal bagus. rating gamenya turun looohh.",1
gamenya bagus dan keren,5
jelek banget update kali ini tidak sesuai ekspetasi,1
game gobloxx..donlod nya malah besar lemottttt,1
masih suka lag padahal jaringan lancar,3
Kenapa Tidak bisa login ini stuck,1
kenapa download data tambahan ngulang terus bikin males download data tolong lah perbaiki,1
game kikir dah 4 tahun maen mau top up gk top gk pernah dikasih,1
update gagal mulu ngabis2in kuota doang anjeng,1
"kenapa habis update kok malah gak bisa di bukak, ada tulisan ""pengunduhan selesai"" tapi persennya masih 0% dan tetap stak di situ aja layarnya (TOLONG DI NOTICE)",1
"kerennn tapi dekat hp guee PATA PATA game nya tapi bukan masala ram kecill yh kn tapi enk kok, bisaa GK di bikin gak PATA PATA 😿",5
hapusin silognya min🥹 akun w 2 kepake semua gbisa maind clone🥲,2
ini update Tan apa gimana kok lama banget dri jam 11 sampai 2 baru dpat 3%,2
"please, nonton iklan tapi tidak pernah dapat pemain top 😁 , sekarang sudah tidak pernah lagi nonton iklan. karena tidak dapat pemain idaman.",5
goblog kebanyakan update jadi hp gua gak bisa,1
sangaaaat baguuusss 🤙🔥,5
"Setelah Update kamis AI makin menggila dan mustahil dikalahakan, pemain ku plongak plongok",5
"Makin seru nih kalo pas pergantian pemain di kasih liat pas pergantiannya, semoga diliat komenan ini, sama pertukaran jersey setiap tim dengan pemain rating tertinggi di setiap pertandingan..",5
ga jelas dongo udah update malah stuck di apk nya,1
terlalu banyak pembaharuan,1
Tolong lah developer gimana gak males maen PVP kalah dikit dikit matiin jaringan. tolong diperbaiki lah kalo mereka matiin data game nya kehitung WO. Cape cape nyari gol eh musuhnya matiin data. tolong di denger,3
game udah bagus lebih bagus dan realita di tambahin stadion sesuai club nya biar keliatan lebih seru sama tambahin mode liga Champions pasti makin seru,5
"update terus tapi logo club aneh lisensin ngapa, game sampah gak ada peningkatan",1
game aneh diupdate udah 99% malah loading lama harus diulang dari awal padahal updatenya besar nyampe 2.5 GB tapi kendala diupdate.rugi dipaket data,1
"untuk developer konami, kalo kalian tidak memberikan izin clone apk kalian tolong lah buat pergantian akun itu tanpa limit,seperti game moba yang lain, di sini saya memiliki 2 akun dan saya sangat kesal tidak bisa login dan bermain di akun ke 2 saya karna keterbasan limit pergantian akun, saya harap keluhan saya di dengar oleh pihak developer konami, terimakasih.",3
"tolong developer untuk gerakan kipernya agar lebih realistis lagi, soalnya gerakannya masih agak kaku dan tolong dong Adain futsalnya jg terima kasih",5
Stupid pay to win game,1
setelah update jadi gak bisa dibuka pembuat gamenya aneh,1
"update baru kenapa buat main ngebug anjing ,tolong di perbaiki lagi game ya",1
setelah update aplikasi tidak bisa di buka,1
setelah update gamenya tidak bisa di buka,1
"make a master league like that, are you kidding? There is no gameplay, you have to use energy, are you kidding? Are you not satisfied with players who have spent a lot of money on gacha? Is the income from selling cards still not enough to make a master league like a console? For this time, I am really disappointed if the master league is released like that. I don't need to bother downloading efootball if I want to play master league like that, I'd rather choose another football game",1
minta tolong untuk liga Indonesia,5
terlalu pelit.. ga pernah dapat pemain gatcha..parah,2
goodd,4
ini games gue banget dah..grapic sih keseluruhan ok...segitu banyak games bola cuman ini yang masih gue pertahan kan nie gem...cuman satu..permintaan gue KONAMI..klo ada lega championnya pas akhir season leganya...atau buat.pergantian pemainnya kaya gemas sebelah KONAMI ..pas pergantian itu loh ..ya kurang bagus...mungkin KONAMI sdh paham semoga aja kedepannya di kasih🙏🙏🙏🙏itu saja sih KONAMI..,5
mantep mennnn,5
dari 5 turun jadi 1 !!! update lamaaaaa !!!,1
makin kesini makin susah dapet pemain bagus,1
gem aneh sinyal GK konsisten tambah hari tambah delay dan banyak skrip nya dan bungg !!!!!!!!!!!!!!!!!!!!!!!!!!!!!!!!!!!!!!!!!!!!!!!!!!!!!!!!!!!!!????,1
"bagus,tapi tolong jangan dikit² pembaharuan,update bikinn tekor kouta",4
"bagus, tetapi minimnya event menarik",5
saran saya liga 1 indonesia Adain min yakin ini game pasti lebih seruu,5
mode ai dihapuskan tiba tiba bertahan jika unggul,1
"setiap update yang di tunggu²,malah jauh banget sama expetasi",3
esip,5
setiap roll epik tolong dikasih epik 😅,5
susah dapetin pemainnya,4
gemesnya ga bagus,1
PUAS BANGET,5
kalau ada cristiano ronaldo baru aku kasih bintang 5 !!,1
bertahap,4
saya sangat menyukai game ini,5
sudah update tak bisa login ke game,2
"Ram besar sinyal bagus,,, tapi ketika pembaruan dah jadi lelet",1
sayangnya gak ada pemain yang cedera,5
pembaruan mulu tiap kamis skrg malah hampir 3gb,3
game ga cacat main scrip,1
saya kasih bintang 3 karna masih menjadi pertanyaan untuk apa koin biru kayak nggak berguna nggak bisa di tukar sama pemian,3
abis di update malah gak bisa maen. hadeh gmn ini!!!!,3
"sudah bagus sudah mantap ada kekurangannya jaringan nya ngelek "" kalau mabar dengang tmn malah ngelek",5
liga Indonesia dong min disediakan lebih mantap pastinya,5
"kelebihan game ini cuma di update nya doang,yang lain tidak ada pembaharuan",1
master league kek sempak,1
"kebanyakan update,tpi game server masi suka ngelag mulu",1
"terlalu banyak update,, sinyal ga jelas, sinyal bagus tapi pas di game berat,, banyak dark sistem",1
kapan bikin mode career nya bg,4
kenapa tidak bisa di update,1
Tambahin mode career dong tambahin jadwal liga champions nya juga jadi bukan liga doang masukin detail nyaa,4
saya suka game bola e football nya,5
"After the update on April 9, 2026, it got even worse!",1
"kenapa saat mengunduh file tambahan di dalam game kok gak bisa, tidak seperti pembaruan sebelumnya, game rusak. padahal pake wifi, udah tes download aplikasi lain bisa pas masuk efotball mau download data tambahan lama banget gak ke download.",1
tambah liga champions nya pasti lebih bagus,5
"saya tambahin bintangnya, jadi 5",3
"otak2 jepang ini,tiap update pasti 2gb lebih",3
Masalah jaringan lagi sama gameplay nya yg masih PR bagi Konami,4
udah di-update malah gk bisa dibuka.. gimana siii Konami,1
Setiap update bukannya tambah bagus malah tambah jelek,5
"gameplay delay parah padahal wifi kenceng, banyak pemain anomali ndak jelas pake script atau semacamnya dibiarkan",1
kenapa kagak bisa masuk punya gua download lama bner kagak selesai² ini gimana konami tolong lah aihh!!,1
bguss banget ada kurang ya tapi lisensi madrid dan wajah pemain persib,5
"ruwet sek ate login, hadeuh",1
kasi lah pemain lama di pemain standar trus logo klub nya biar kayak asli nya,3
"game berat,",1
gk bisa di download knp sih,1
tolong adain career mode dong konami,5
best pokonya,5
"sangat kecewa dengan master leaguenya, soalnya updatenya 2gban tapi Master leaguenya Cuman Event Lalu Gada Fitur Animasi Presscon Sama Negonya Sumpah kecewa Download 2GB Konami, Saya Kecewa Berat Dengan Update Segede Itu Tapi Tidak Sesuai Ekpektasi",1
tolong masukin liga Indonesia,4
"sinyal berat, udah pake wifi, pake data seluler masih aja tiba"" ngelag parah, udah menang tinggal ke beranda tiba"" loading trus kalah karena jaringan buruk, perbaiki lagi untuk sinyalnya",1
GAME GAJELAS,1
kasih bintang 3 dulu soalnya kalau main sama teman sudah pasti ngelek ngelek padahal jaringan lancar,3
Game Mantap,5
game kontoll minta verifikasi doang gabisa bisa kontoll,1
saran saya kembalikan saja lisensi bayern agar lebih seru dan mengapa skema bertahan diperjelek sedangkan skema kontrol lain nya di ubah saran saya adalah kembalikan skema kontrol bertahan pes 2025 yang lalu menurut saya itu lebih efekti dan mudah mohon untuk para developer jangan lah kalian persulit kami dan untuk pemain yang tidak ada kontrak seperti ronaldo dan lain-lain itu juga dapat kalian tambah kan di efootball tanpa kalian tampilkan di banner kalian seperti ibrahimovic tolong baca ini,3
kalo bisa ada momen pemain pada saat pergantian pemain dan list nama pencetak gol di hasil akhir papan score,5
GAME KIKIR,1
di updet malah gk bisa sekarang,1
Mana update liga Indonesia? Tim Indonesia cuma 1? Ngapain cuma Malaysia? Developer jangan pilih²,3
mantapp game paling seruu🤩,5
bagus tapi tidak ada liga super Indonesia,3
Kapan ada mod license resmi?,5
"setelah update gameplay lemot,aneh rasanya. selalu lag,padahal sinyal wifi bagus",1
peIit amat ngasih pemain....,1
"Wah ... Kayaknya lebih seru nih,saya coba dulu nih apakah sesuai harapan down load besarnya 😁",5
njir tiba tiba update data y gede bngett,3
Next BRI Super League Indonesia 😁,5
"tolong untuk game nya di perbaiki lagi, untuk pemain"" di up grade lagi",5
tolong dong komentatornya yang bahasa Indonesia enak kayak nya di update lagi dong,5
gw udah update 3 kali gagal mulu padahal penyimpanan masih 159 gb,2
"game khusus orang berduit buanget gila ga abis pikir modal jago ga bagus main ini game, yg menang cuma rating besar dari tadi main ketemu lawan rating"" besar Mulu heran gada kasih lawan yg rating setara",1
game gajelas,2
game football terbaik,5
game nya mantab tapi sayank nya kurang master liga,5
kok habis pembaruan tidak bisa di akses buka,4
"Game ini sebenarnya sudah sangat bagus, mulai dari grafik, pemain, sampai stadion terasa realistis dan enak dimainkan. Namun saat bermain PvP sering terasa lag, seperti pemain jadi berat bergerak atau responnya lambat. Saya belum tahu apakah ini karena koneksi atau sistem game. Semoga Konami bisa memperbaikinya. Selain itu, saya harap ke depannya ada Liga Indonesia karena pasti akan menambah minat pemain. Terima kasih.",3
Inginnya sih ada liga 1 Indonesia,5
"update 2,4G... sdh sampai 88% malah ngulang dari 0% lagi. nunggu lama data terkuras",1
ini gimana habis update malah gak bisa main cuma tulisan pengunduhan selesai gitu terus gak bisa login,1
kenapa akun efootbl ngk bisa di login terus di minta ungunduhan selesai tolong jelaskan dong,5
"GAME NAJIS PELIT BGT SAMA PLAYER, UDAH MAIN DARI JAMAN BLACK BALL, SEKARANG UPDATE SAMPE BER GB GB, DAPET SPIN SMPAS SEMUAA NAJIS GAME PELIT!",1
Game taii...Ngelag Mulu kalo main p2p mau pakai data mau pakai wifi sama aja. Konami LOL,1
gas trus🔥🔥,5
update 2gb malah sampe 9gb apa apaan ampasss,1
ok bagus dan bermain,5
game kontoll kikirr,1
"permainan bagus, tolong di tambah list nama pencetak gol di akhir laga dan wasit tolong di beri wajah baru",5
cukup bagus lah,5
Semakin kesini semakin gede makan memori nya ini game jaringan nya juga sering banget lag parah,3
"tolong adakan sistem champion league di liga offline, soalnya kalo buat seru²an bosen di liga doang",4
"For now, the gameplay is perfect, pressuring is not spamable, Defenders react more naturally, and dribbles we're able to excecute more easily, but if there's any other new changes, it might not end well.",4
"good game bro , damn",5
harus banget ada script biar pemain frustrasi?,5
ini kenapa habis update belum bisa login,4
"kadang kadang berat,tapi cukup bagus",4
apasi dari magrib update belum selesai selesai,1
"masa update lama bener, apa emang masih berat ya kasih epic gratis di Millions download. dasar pelit nggk kaya game sebelah",3
bagus banget nih gem,5
game yang sangat luar biasa,5
update 5.4.0 ternyata stuck di 0℅ saat download file tambahan... asli klo sampe besok atau lusa ga bisa login saya hapus game ini... permanen,3
lama banget download file tambahanya lahhh parahhh,4
"min game nya bagus tapi saran saya tambah kn fitur chat nya dan jaringan nya kadang lek """,4
"sinyal bagus, jaringan full tetep aja patah patah. ngelag ngelag",1
"setelah d update malah ga bisa log in,,, parah chiter masih berkeliaran lagi",1
apa ini di download tapi gagal terus,1
"pemilihan lawan tidak sesuai, ga imbang dengan pemain yg ada",1
"PATAH PATAH KAYA FPS 10,GAME GA SEBERAPA UDAH KAYA GAME 500 GB AJA PATAH PATAH GAJELAS SETIAP MAIN ONLINE GITU MULU KAPAN BAGUS NYA?",1
game tolol benerin permainannya,5
"gam nya bagus tapi kebanyakan updet jadi malas maennya....,!!!!",5
"update udah kaya download ulang,,,hadeuhhh",2
"ini game makin lama makin bgo ajg, jaringan padahal bgus aja + main yg lain lancar"" aj,giliran main ni game patah"" + lag",1
gua tetap kasihh bintang 5 walauu konamii pelitt amatt,5
tambahin liga Indonesia BRI tolong,4
Liga champion,5
"gane fav, tapi plis adakan mode karir",5
tambahkan liga indonesia,5
tolong ringankan main gamenya.jaringan normal tetap ngeleg,3
makin gajelas ini pilih club kaga bisa,1
Lebih ke pes dari pada ini,5
tombol kontrolnya aga dikeciln,5
habis update susah buat download,1
"efootball sialan habis update 9 April 2026 akun gw ga bisa dibuka yang di dual space pro, minimal kalo ga mau orang pada kloning apk kasih gacha yang wangi lah. nyesel banget bikin akun banyak udah bagus ilang begitu aja",1
"gamenya cuma mengidolakan mesi ,yamal dan club barcelona , Kocak",1
game terbaik di play store,4
"Malah jadi sering patah-patah padahal koneksi buat yang lain bagus, nunggu patch nya lama lagi ini",2
game bola grafik doang bagus makin update pertahanan makin ngaco,3
update nya gila-gilaan,5
"sudah main ini sejak 2018 . semakin keren game ini. ulasan saya sebelumnya juga di setujui dan di update untuk menambah kan top skor dan top assist pada fitur ""liga saya"". kalau bisa ""liga saya"" di buat selingan di adakan liga Champions untuk musim berikutnya jika berada di kelasemen atas . lalu update lagi untuk liga nya supaya semakin banyak pilihan liga. seperti Bundes liga dan liga arab bahkan liga Indonesia kalau bisa. terimakasih 🤟",5
pergantian pemain nya tidak ada di pinggir lapangan,3
update apa ini sampe 2gb sedih sekali udah HP lemot,1
"kurang pas, dan juga harus ada event world cup 2026",3
"gw main ini sejak 2021, dlu matchmaking lama banget.. server berantakan, dan sekerang perkembangan nya cukup signifikan.. bagus",5
😕,5
"GAME SAKIT, P2W, SERVER BUSUK, WASITNYA BOTAK TOLOL, MAINTENANCE GA PERNAH BERGUNA, EVENT MONOTON.",1
game tolol mau login aja susah banget,1
gemmmm nya sangat baguuss saya sangat suka banget,5
menampilkan grafik resolusinya cukup tinggi sehingga mempengaruhi gameplay tetapi sangat2 puas atas grafiknya semoga Konami kedepannya bisa lebih baik lagi terlepas dari banyak update tapi sedikit demi sedikit mulai lebih baik perkembangannya sukses terus Konami💪,5
game ya bagus,5
woi kaga bisa transfer data,1
"Uwwwwwowwwww,, utk dapat pemain legend susahnya minta ampun",5
konamex bercanda ? update gede cuman buat master league sprint yang sampah itu?,1
game sepakbola mobile Terbaik di dunia,5
ngak bisa di update,1
update mulu tiap hari kamis,2
"kecewa sumpah sama nih game, sekarang user lama makin ga duperhatiin dah. jelas kalau secara logika mustinya user lama yang perlu diberi sedikit perhatian lebih karena artinya mereka tetap bertahan di game ini, tapi minimalnya ga harus perhatian lebih cukup dengan upaya yang ga bikin player old pusing seperti script, server yang buruk, gacha yang kikir sekali kepada user lama seolah-olah sudah direncanakan untuk tidak diberi, dan masih banyak lagi lainnya.",1
Sumpah game tolol ram 8gb update terus² an..hapus aja buat kalian yg download game ini HAPUS AJA download pes aja bagus,1
seru dan manerik dan bagus dan geme sepak bola separti asli,5
ga bisa masuk 😡,1
update nya ngeri banget game tolol,1
punya gua baru update gak bisa login gimana maksudnya?,2
"bagus', cuman gak bisa buat turnamen / piala cup sendiri di liga teman. dan sering ada update yang bisa memperberat memori hp, huft...dan hari ini ada update sampai 2 gb, gilaaaa.",5
update 2.47 gb sampai 3 kali update kalau uda 95% balik lagi ke nol gila gila,1
"game sialan , setelah ngasih epic gratis terus ngorbanin user yang punya akun banyak , sekarang user cuma bisa mainin 1 akun , plis konami kami ga butuh epic gratis klo akun kami yang lain ga bisa di mainin lagi , tolong lah perbaiki lagi agar bisa nge cloning lagi",1
kalo bisa adanya liga Indonesia,3
👎 stelah apdet makin parah,1
pemainnya masih kayak boneka padahal hp ram 4gb walaupun chipsetnya mediatek tolong diperbaiki lagi dong konami thanks,5
Malah jelek banget gak bisa buat komputer bagus yang dulu,5
kenapa setelah update ga bisa login..!!,3
Game bola paling best,5
koneksi kurang .... patah2 dlm grafis tinggi... mkn susah control-nya.. update Mulu ga Ade perbaiki...,2
pembaruan ga ngotak,3
gem taiik anyingggg bembaruan terus,5
gem tolol gb banyak ga da event menarik ga kaya fc mobile banyak event menarik,1
"yang ngasih bintang 1 emang orang nya bot, jadi kebanyakan alasannn",5
sekali update nya nggak ngotak!,1
josss,5
dah jalan 6 bulan main game ini... respon tombol super super lambat ga kyk main sama AI/computer...sy kira di update ada kemajuan ehhh nyatanya tetap aja...,1
ga bisa login nge stuck di 0%,2
gw knp stuk 0 pas lagi pengunduhan selesai Konami gjls dah ini gw gmn cara login nya ke begini,1
"kenapa tidak bisa membuka di aplikasi clone, padahal semakin banyak akun efootball di aplikasi clone,semakin rame peminat dan akun",1
mantapppp,5
ok but control is always lost,4
"update 2,4 GB udah kek download 10 GB butuh waktu sekitar 4 jam belum lagi sinyal lag dikit langsung ke 0 lagi gimana si game lain keknya ga gini gini amat",1
KEMBALIKAN MASTER LEAGUE YANG ASLI!!!! BUKAN YG KW,5
"game yg tiap hari gk pernah gw lewatkan.. grafik paling realistik diantara game bola lain, developer yg cepat tanggap,. dan mungkin saran saya tolong adakan liga Champions, liga Europa, cup domestik juga agar lebih menarik untuk dimainkan..",4
semua bagus tergantung user cara bermainya seperti apa tp min tolong di sesuaikan aja level pemain dan pringkat saat bermain PVP agar lebih seru dan menantang,5
bodoh Konami mempersulit setiap player..akun saya setelah update tidak bisa di buka..di bawahnya ada tulisan nya pengunduh han selesai gue tunggu tetep gitu aja .kalok update yg bener jangan menghilangkan akun orang ..😭😭🤦🤦,1
grafik ok tolong perbaiki grafik jatuh nya kiper jadi lebih bagus efootbal,5
update yang tidak memuaskan,1
"harus banyak yang di perbaiki, sering koneksi padahal sinyal stabil",1
udh ku update 100 ko ngulang 0 lagi,1
ini versi pembaruannya terlalu lama masa mau pembaruannya aja hampir satu jam lebih 😒😒😒,1
tidak bisa menggunakan aplikasi ini di apk clone,1
"GA BISA CLONE, GAME PELIT!",1
game baik tapi kadang lol,5
"suka bnget football inii woiii... syang'a hampir keseringan pemeliharaan server terus kalau lagi pngen main. updgrade² trus padahal liga aslinya kompetisi blum brakhir. 1 lagi kenapa tiap memainkan liga tidak ada yng nama piala cup atau yng lainnya setidaknya buat bonus Tim. kaya liga asli'a. mudah² cup champions dan yng lainnya di adain yaa. kenapa pembaruan harus memakan memory lebih dari 2Gb, sedangkan liga champions dan Piala piala lainnya tdak dimasukkan",2
"update tapi bukan lebih bagus, malahan lebih parah.",1
"Seru, lebih seru lagi kalo ada fitur karier",5
min tolong update terus master liga nya udaa top bnget tinggal di kembangin kedepannya terus permanenin auto main terusss dahh upupup🔥🚀,5
pliss tambah liga indonesia,5
n8ce game,5
"tolong KONAMI tampilkan Master liga yang benar"" tidak mengecewakan 🙏🏻🙏🏻🙏🏻",5
"game cocok untuk anak""",1
ya mantap lah,4
"Ini gimana sih? penyimpanan masih oke, koneksi kenceng, tapi updatenya kok gak bisa diunduh",3
tolong jaringanx di optimalkan lagi.,5
"woi kok lama banget ini updatenya, padahal jaringan lancar2 aj",2
"game nya bagus ,tapi sangat sulit dapat pemain gratis saya habis top up aja 7jt nggak pernah di kasih pemain bagus apa lagi di event 500 gratia epic cuman bohongan",2
tidak bisa clone aplikasi,1
teu salah ieu update meni hem,4
"It's more competitive, just a matter of club licensing to make it more perfect",4
gamenya makin seru abis,5
terlalu kikir,1
kenapa gak kaya dulu lagi download nya langsung dari penyimpanan giga bukan data😔,2
saya sudah 7tahun pakai Konami mulai dr yang sendat2 sampai Skrang tidak ada penghargaan apapun,4
Kayak ta!,5
"tolong untuk pembaruan data nya di aplikasi saja, jangan di playstore soalnya banyak teman teman yg punya aplikasi clone tidak bisa buka efootball di aplikasi clone nya sekian",1
Banyak update meding kalu kecil updatenya banyak apk yqng harus saya hapus cuma buat Update,4
Gara gara ini saya ganti hp,5
it's getting better,3
untuk grafik lebih baik lagi dari sebelumnya,5
kebanyakan update ga ngontak kntil,1
"game sampahhhhh ... update gede""an smpai 2,4GB tp stuck ga bisa login game .pdhl memory ruang kosong masih sangat bnyak pula .. habis batrei ,habis pula kuota",1
plis konomi balikin biar bisa clone apk lagi bosen main satu akun kalau login keluar masuk ayo normalkan lagi konomi,5
"menurut saya permainan eFooball ini sangat bagus, tpi maaf ada kekurangan nya, ya itu selalu bermain tidak dapat mengontrol pemain saya sendiri",5
tolong lah konami perbaiki laga pvp nya gue sudah unggul skornya sinyal bagus tiba tiba keluar sendiri jadinya kalah,1
SA nya diilangin ya kon🙏,5
mau main game bukan nontonin iklan ga jelas,3
seru tapi kalah Mulu 😅😅😅,5
👍🏻,5
kok error gak mau kebuka habis update,3
makin update makin gede datanya 😕,4
mantabs 😁👍🏻,5
lama update nya,1
bagus lah,4
"Sibuk update, player cheater script gapernah dibanned, makin kocak nih game? Urus dulu cheaternya bersihin, liat noh game mobile legend udah bersih cheater makanya rame terus gamenya",1
"saya kasih bintang 4 karna sudah enak, karna fitur main lawan teman ga ada opsi lewat wifi yang sama karna itu memudahkan kecepatan respon menurut saya",4
"sinyal tiba"" ilang bagian udah bner tiba"" kamu kalah.",2
Please provide it for the Indonesian league,5
"banyak pembaruan, sinyal sering ngelag d saat laga online! Konami ayo bangkitlah jangan seperti ini terus yang ada rating Konami 1 th kedepan bisa terjun",1
tidak bs d buka pengunduhan ulang tidak berjalan. ada apa dgn Konami,1
pembaruan terbaru kenapa stuck loading di pengunduhan selesai? tolong diperbaiki wahai KONAMI yg kikir,1
Game nya sudah bagus coba di liga saya tambahkan fitur UCL biar makin seru,5
download semakin ribet,1
"mengapa harus ada pengunduhan selesai saat masuk game, bagus yg dulu",1
Konami kang korup Napa nih gak bisa login di apk,1
"Entah mengapa pada saat sudah di update malah stuck di menu utama. bemana sih ini konami, udah habisin banyak kouta lagi buat update malah gak bisa dimainin. duh gak jelas nih efootball.",3
"game ngeleg parah banget,",2
sebenar nya oke oke aja sih selama 1 tahun gak main ini game tapi saran aku doang itu di kasih fitur klub classic kaya klub nya ada legenda gitu dan juga fitur karir sendiri misal nya kita jadi pemain bola itu aja sih saran nya developer game udah bagus tapi ini saran dan kritik aku ya semangat,5
"lama bener mau update, padahal sinyal bagus",1
"versi update kmis 9 april 2026 kok jelek bnget, udh menunggu lama eh tau2nya mlah gagal, yg gilanya paket data kepotong",5
Tolong dulu kok enggak bisa login ini,1
enak euy gameplay mah klo yg bilang berat mah emang gbs main kali cuma ngandelin 1 pemain buat drible pokoknya gameplay enak bgt cm keluhan klo main pke full pemain standar di ekshibisi beuh berat ga ngotak,5
update terbaru stuck di loading screen awal,3
keren game ini membantu ku di saat dalam kegabutan.. tingkatkan lagi pemain pemain muda berbakatnya,5
Kalau menurut ku ada masuk lapangan sama di bangku cadangan ada orangnya,1
aplikasi aneh ga bisa di clone,1
game tolol Abis di udep 98 udah baru aja matiin hp dah di suruh unduh lain dari pertama makin hari makin gak jelas,1
gabisaa logiin gameee konamiiii 9/4/26,1
game hama auto shoot gabisa atur besar kecil nya kursor game gakjelas auto ganti player ganti nya asal bukan yg bener malah plger🙏🙏,1
"habis update jadi gak bisa login min, kenapa ya?",2
please support gamepad gamesir x5 lite,5
makin sering update makin gk jelas,3
okok,5
tambahin liga Indonesia nyaa biar semakin seru,4
"ngapain Masters League kok pake nyawa dan pake koin bayar nya, mending buat gacha pemain epik atau bigtime wkwkwkwk, hadehh Konami nyari untung amat",1
makin kesini game kadang suka ngcit ngelag,5
min please liga indonesia adain lah masa liga malaysia ada gimana sih ini kalo nggk full in aja liga nya btw game nya bagus grafik ama permainan nya hd tolong ya min tambah liga indonesia,5
ga jelas udah di update data udah keluar 2gb lebih trus muter tiba-tiba download nya dari awal ga jelas sumpah ngabisin data doang,1
"game sangat delay membuat kita sulit memainkannya, meskipun grafisnya bagus tapi game ini terasa seperti sudah diatur kapan saatnya menang dan kapan saatnya kalah",1
"suka bangettttt,, main dari jaman pes",5
gajelas udah update malah nyetak 0 dipengunduhan,3
bagus tapi kalo jaringan nya jelek bisa' keluar sendiri,5
internal 4+4 wasallam🤣,5
buagus,5
game nya tolong kebanyakan update dan setelah update banyak bug nya,3
Lumayan ada perubahan,4
"mimin saya sarankan untuk kasih komentator bahasa Indonesia biar seru.. kalau gameplay nya udah bagus., cuma kurang komentator bahasa Indonesia doang.. gua kasih bintang 3 dulu karena belom ada komentator Indonesia... kalau udah ada komentator indo gua kasih bintang 5 , sedikit saran aja min terimakasih. 😇",3
shot sekrng terlalu kencang.. dan untuk mode vs Ai hrus sering ada pelanggaran. masa setiap main GK ada sama sekali tackel dri lawan,5
iklan nya hapus setiap mau spin keluar iklan,5
ayolah konami perbanyak lagi lisensi club nya,5
sebagai salah satu penggemar game bola ini game cukup realistis tapi mohon untuk tidak kikir karena mayoritas pemain game di dunia itu Free to Play (F2P) dan tambahin bisa gacha make poin gp biar pemain F2P bisa mendapat pemain bagus asalkan ada gp🙏🙏🙏,4
beri liga Indonesia lagi biar tambah baguss,5
Bagus sekali game nya,5
liga indonesia nya harusnya ada,2
"terakhir udah jarang ngelag,terima kasih sudah diperbaiki,semoga bisa semakin lancar seperti dulu",4
kita ni susah payah kumpul kumpul coin lepas tu buat tambah nyawa master leagu gune coin pulak... agak agak laa kalau nak kaya tu,5
"tolonglah konami saya ga make clone tetep ngstuck,bikin emosi",1
"Every match against players always lags badly even though the signal is good, I keep encountering cheating players using cheats. Every time there is an update, I have to keep re-downloading the commentary and stadium data.",1
Tambakan mic saat laga divisi,4
mulutnya gx bisa d buka apa tolong d mulutnya biar bisa gerak,2
uninstall this game because this game so jerk and bad so uninstall this game,1
sangat jlek skali malah makin berat,1
"main sm kawan ngelag parah, dan lambat gerakan operan bola nya. dan selebrasi gol serta menang kurang menarik. wasitnya pun itu aja org nya. mungkin ini hrs diperbaiki. agar lbh hdp jika menang dan kalah.",3
tapi tolong buat sebagus mungkin atatu lebih baik darin ygang sekarang,5
tolong di buatkan VAR,5
"Stadion monoton, tolong update pilihan untuk stadion mini / kecil. untuk laga babak awal / divisi 2.",3
makin pelit nie Konami sekarang gak dapet satu pemain pun setelah update,1
game bagus cocok buat pecinta bola,5
makin di update jaringan dan mainya semakin delay. umpan saja harus nunggu di rebut musuh,1
"saya sangat suka game ini, jdi tolong buat liga Champions vs AI lgi biar lebih seru",4
"game Rusak , kalo udah unggul tiba-tiba keluar katanya jaringan tidak stabil terus kalah padahal waktu buat main(belum unggul) lancar lancar aja",1
"update an sekarang, di hape gua stuck di 1 persen doang anjir",3
mantap kurang dikit lagi sempurna,5
percuma kasih spin gratisan tapi ga ada yang dapet,1
game nya cukup lumayan tambah lagi dong Pemain super league sama klub klub. Persija Persebaya Surabaya dan lainnya lainnya nyaa dan tambahan var sama berikan tayang line up dong gimanaaa setuju gaaa yang lainnnn,5
Perbaiki servernya,5
"Jaringan sering tiba-tiba hilang di match sedang berlangsung , dan jaringan normal kembali setelah kebobolan . Game ini di tujukan untuk tes mental.",1
"game ga jelas, kalo memang belum siap buat master league ya gausah dibikin event di Mobilenya",1
"game seru bagus, cuma kurangnya GK ada fitur offline buat exsibisi",4
sagat menarik,5
sangat seru gamenya ❤️❤️❤️,5
habis update terbitlah stuck gak bisa login😊,5
kalo umpan masih terlalu lama jedanya,4
game kontolllll,1
stelah update stamina pemain jadi cpt bgt abis,3
game ini sangat bagus sangat seru saat saya bermain,5
konamex konamex kocak anjir gak pernah di kasih hoki,1
good next update,5
gagal terus update yg 2gb lebih,1
game ini sangat baik tapi aku gk bisa apdet kasih apdet dongg,5
"kalau aplikasi Clone tidak bisa digunakan,Login akunnya jangan di batasi 10 lagi lah konami !!! Kami yang banyak Akun tersiasiakan....Kacau ni konami....",1
gem ya sangat bagus menurut saya,5
"update udah 41% malah ulang lagi dari 1% mana ukuran 2,7GB kan bgsd ini. cuiihh,",1
baru juga menginstal aplikasi ini. dapat satu Minggu pembaharuan lagi. otomatis update instal kembali. kalo bisa perbaiki lagi dengan fitur operasional,2
update mulu tapi gada bedanya,1
Good Application😍⭐⭐⭐⭐⭐,5
"apaan update 2,7gb pakai otak la",1
Saya tidak bisa memainkan efootball di updetan terbaru ini,1
"Setelah update saya stuck di download screen, tolong segera di fix",3
"ada kan paket pemain Chelsea juara club world cup sama paket PSG juara champions League dongg, pasti banyak yg beli,,",5
udah 3 update tapi GK bisa di main in,1
bagus cuman sering lag,4
"saya sangat menyukai game ini🤩, tolong keluarkan kartu Cristiano Ronaldo di usia muda😊",5
sangat bagus untuk HP ram4 keatas,5
Delay bangsat,5
"Kalo main online masih ada ngelag nya.. dikit² update, download update bisa ber jam²",1
saya kasih bintang 5 yah awas jangan banyak ganggguan lagi yah,5
masih banyak kurangnya terutama pada sistem jaringan,5
"baru aja download, udh abdet parah kx. geam ny",1
sekali update sampai 2 gb lebih game gila yang di apdate cuma potw jangan di download game ini,1
gamenya bagus cuma sinyalnya perlu diperbaiki aja biar game playnya makin enak bingung dah nyoba pakai kartu apa aja gamenya masih sama kadang sering ngelag,5
"update tanggal 9 april sangat tidak bagus, saya harus mendownload data 2gb tapi saat mencapai 82 persen download nya terhenti dan harus mengulang di 52 persen",1
"Tidak bisa di update, gak bisa sampai ke 100% fil tambahannya, hanya berhenti di 16% stelah itu dari awal lagi downloadnya",4
"gajelas sumpah. setelah pembaruan makin jelek game nya, pemain gabisa nendang, lambat, berat. gak lagi la main ini.",1
Liga super league Indonesia dong min..,5
kontolllll kanamex anjjjjjjjj,5
"Game LOL. intinya game tolol. arah ke mana, operan ke mana",1
"WAHAI KONAMI , KASIH SAYA PEMAIN EPIC / SHOW TIME",1
"Game Banyak Yapping, Dah tau gue lagi main banyak banget yapping nya , mending gue di game sebelah, GK banyak yapping nya",1
game anjing kenapa update jdi sisah gini,3
buat update terbaru kali ini malah makin nambah masalah game nya gak bisa login sama sekali terus ada tulisan pengunduhan selesai tapi 0% tapi gak bisa masuk juga,1
masukan liga 1 indonesia dong biar tambah seru,5
"tolong server nya di perbaiki, saya saat ingin login loading bar nya tidak berjalan, tetap berada di 0%, MOHON KERJA SAMA NYA",1
"sama aja di update juga cuman bedanya ada master ligue doang nunggu mah lama, dari segi Jersey masih gitu",2
Konami best,5
gim ya mantap dan seru juga,5
makin lama makin berat sulit untuk di mengerti,1
Tim Nasional indonesia tolong d update,2
"dari segi game play ini mantep banget, tapi, aku saranin buat mode yang bisa buat sejarah/dunia sendiri, kayak liga saya itu, misal kalo dapat pringkat 4-1 masuk ucl gitu lah, bikin saat masuk ke mode itu, tahun/musim nya bisa bertambah, sesuai macth yang dimainkan, dan transfer pemain seperti dunia nyata, bisa beli/jual pemain ke club lain, agar bisa lebih realistis. karna ga semua orang mau main mode divisi, ada juga yang mau buat sejarah sendiri",5
geme nya udh oke si tapi terlalu banyak leg nya padahal jaringan full tapi masih tetap leg tolong di perbaiki lagi kualitas game nya,1
apaan njir udh habis 7 gb keriset lagi,1
lma jir download Nya,1
best game football ever,5
bagus sih tapi susah,5
ini kenapa unduhan stuck d 0% dah,1
HAPUS SMART ASIST DARI LIGA DIVISI!!!,1
kenapa ya susah banget di unduh dari tadi 3% gak jalan padahal jaringan bagus udah hampir 3 jam nunggu masih belum selesai apalah konami,1
Banyak Event Menarik nya sekarang,5
main sama teman jarak dekat aja tidak terhubung,1
kenapa sekarang pembaruan terus,5
geme bagus walaupun agak kesel dimainin karna kita belum tau cara skilnya,4
kasih 2 dulu boss,2
"This update really annoyed me, I ran out of 10GB data package, but the update kept stopping and repeating itself, Konami, what compensation did you give to players who had problems with the update?",1
"update sudah berjalan dengan baik, tiba-tiba ke riset dan ulangi dari awal, kuota saya sudah habis 5 GB dua kali update, entah apa yang terjadi dengan game ini , dimana letak menikmati game nya jika update saja sudah menghabiskan 5 GB untuk dua kali update,benar benar game yang tidak untuk di sarankan !!!",1
saya ingin bisa ngobrol ataw cht dengan pengguna lain,1
kocak minta di update setelah update selesai gak bisa masuk mlh minta di update lagi,1
"udah cukup sampai disini gua main ini game setiap apgrade gede amat ramnya, skrng malah 2,5GB",1
pemain yang susah di dapat,3
"overall udah bagus not bad lah, yang jadi masalah cuma gameplay kadang suka ngebug, ada event league master cm ko sebentar doang ya",4
game terlalu berat,5
"baru aja update 2,5GB malah ga bisa masuk game.buka aplikasi cuma tampilan awal aja sm ada tulisan update selasai dibawah sm keterangan bar yg kosong.gmn ini ??? padahal udah di ss kalo bisa kirim gambar disini.parah lah.rugilah update 2,5GB tp gamenya ga bisa dimainkan.mana ni yg punya game,ga ada info balik dr email jg.",1
tingkatkan detail pemain seperti wajah aslinya,5
Ayoo dong mau main ga bisa login......,3
game bagus tapi kalau lagi main sering ngeleg.,5
gua player gratisan susah payah ngumpulin sampe 4k koin berbulan-bulan sabar nungguin hero madrid. eh gacha ga di kasih apa,1
delay abis update,1
dual space gak bisa di pakek,1
setelah update gabisa dibuka woyy,1
semenjak update stuck di logo ga bisa login ditungguin dari sore masih gabisa.,1
geme ini sangat seruh,5
"game play bagus, gatchanya bikin emosi",4
pembaruannya wow sampe 2 GB lebih,5
"update melulu. tp SCRIPT KONAMI gitu2 aja ..script judi ditanam, agar pemain selalu agar betah penasaran mainkan ini game krn kalahnya oleh scrip bego jd jago, yg jago jd bego... game gak ngotak.. mending jualan iklan.. dr pada koin...next kita bongkar di youtube ya, gw player divisi 1 ketemu rating tinggi.. mainnya bego bs menang.. aneh,, main event ketemu rate abal2.. eh bs sejago pro player... lbh aneh,, sy gak yakin player rating 1000 sejago apa?..penuh tanda tanya???",1
sangat oke lah grafix nya,5
TOLONG AKUN CLON KOK NGE BUG. GABISA MASUK,5
game tolol gak bisa log in,1
jadi berat sekarang padahal hp dah baru dan ram udah 8 tapi tetep macet kurangin lah updatenya biar kita bisa main juga pingin merasakan sensasi grafik padahal udah paling rendah semua,2
tidak abdate tim nasional asean,5
knp pengunduhan gue selesai kosong njirr bikin pemain efottbal oindah game aja,1
"hari kamis skrng update 2,44GB dan masih kek gitu aja gameplay sering los konek woyy benerin selebihnya udah bagus",1
"lumayan pelit ya, gacha banyak² ngga di kasih²",5
"Update Yang Sangat Jelek,Saya tidak Bisa Login Ke Akun Saya",1
game kikir anj,1
berikan lebih banyak epic gratis,5
ketololan🙏🏻😹,1
game asik,4
"Overall dari sisi gameplay cukup oke, minus nya cuma 1 si. Dan itu cukup ganggu. Bisa gak sih network nya dibikin lebih stabil? apa karena server nya ada di luar indo apa gimana? apa Hoop dari route nya terlalu panjang? kalo network bisa dibikin stabil terutama buat yg pake data seluler, gua yakin ini game perfect dah. Padahal banyak game lain tuh networknya stabil banget dengan menggunakan Internet yg sama.Terimakasih semoga di notice ya.",4
"KAGA KIRA-KIRA KALO UPDATE NYA, TAPI GAMEPLAY NYA MASIH SERING BUG, SERING BANGET KAGA KE PENCET KALO MAU UMPAN, TEROBOS ATAU SHOOT.. SAMA SERING BANGET PATAH-PATAH, PADAHAL HP MENDUKUNG WIFI JUGA KENCENG, BELOM LAGI SUKA OUT APLIKASI TIBA-TIBA, PADAHAL GAMEPLAY AJA BELOM DI MULAI, PAS LOGIN LAGI UDAH KALAH, NGERUGIIN BANGET SIH KALO PUSH DIVISI",1
mantul,4
game anj,1
ga asik updatean april 2026,1
lumayan baguss untuk game nyaa. hanya saran sajaa. pas kalauu pergantian pemain klau bisa lebih seperti di PS biar lebih seru. jangn pas pergantian pemain cumn di tampilkan di papan skor sajaa,3
Kouta saya 25gb habis tapi GK ke update PP lah efotball,1
game minus kalo pas lagi ada update 1 gb lebih dan gak ada perubahan dari segi gameplay maupun tampilan game belum lagi di in game ada lagi update komentator sama stadion sampai bergiga giga yang dimana gak ada perubahan sama sekali,1
tolong konami maupun developer ini saya update dari sore loh klo update jgn besar besar bgt,4
ok seru..terima kasih Konami..,5
tae,1
kgk bisa login stuck di 0%,3
game Udah Ngak Bisa Clone banyak akun Koleksi Pemain,1
"Game bagus sekali, tetapi jika memungkinkan adakan pembuatan stadion klub mulai dari nol agar lebih realistis.",5
gimana sih update nya. pake apk ory masak stuck 0 %🗿,1
"lah apaan, habis update malah stuck di 0% padahal akun gw udah di tautin di Konami id eh malah stuck, gimana sihh Konami??",1
game sudah bagus. Tolong untuk logo teamnya juga di update ke logo yang terbaru dong,5
update tadi siang jadi ngk bisa buka gimana nih,3
game paling mantap n keren,5
bagus cuma udah punya pemain bagus pas push divisi pemainnya kayak gk enak pas dipake terus lawan yang squad jelek mainnya kayak pep guardiola bagus banget,1
"master league nya jelek banget hampir mirip liga, #kembalikan master league yang dulu!!!!!!",1
bagus Skali game nya,5
Sangat bagus dan mudah dipermainkan..nmun slalu bnyak pembaharuan..,2
game bola terbagus,5
game bagus mirip asli,5
"game play nya di ringanin lagi , apalagi klo lawan pvp",5
Terpaksa saya kurangngin bintangnya... Gameplaynya makin susah..,5
Sinyal yg tidak pernah stabil.,1
data semakin berat dan susah d unduh makin kesini makin gak bener ini game,1
the best game efootball,5
jelek sinyal ilangilang apalagi pas update hedeh,1
KEMBALI KAN AKUN CLONE KAMI MEX KONAMEX,1
"jangan mikirin cuan terus, manjakan user dengan pemain legend dan mudahkan user untuk dapatkan pemain epic... manjakan user udah itu aja.",3
ko GK bisa di mainin setelah di perbarui emang lol game ini,1
sayang nya ga ada UCL,4
"kenapa update jadi makin lambat mainnya, makin susah aja game play nya",1
Indonesia super League kapan dah🇮🇩,4
kok gua gak bisa login habis update ya dan pengunduhan untuk update nya tetap di 0,3
"nice jing, akhirnya sistem spin terasa cukup adil. entah kenapa sekarang akun saya cukup hoki untuk mendapatkan pemain epic, lanjutkan kinerja baik ini GOATnami",4
ini knapa habis upgrade malah gak bisa masuk gane??,4
pembaruan lgi,5
kok update 5.4.0 passingnya berasa berat banget ya terus pemainnya sprinnya juga berat apa lagi tahap adaptasi?,4
"kalo bisa di tambahkan mode master seperti di play station, mulai dari team kecil atau team yg sudah ada lalu bermain di liga dan liga champion.. jual pemain dan beli pemain. klo bermain di liga saya kurang greget, klo main di liga efoodball selalu ketemu musuh yang levelnya jauh di atas kita, bahkan ngelek HP nya. mudah2an di tambahkan mode master liga nya.",5
koneksi jaringan tidak stabil,3
"grafiknya sdah oke, tinggal di tambahan liga champions",5
4 bintang dlu. sbb belum ada master league,4
apk gaje kalo update susah banget lama,1
"SERVER DARI DULU SAMPAI SEKARANG KOK GAK ADA PERUBAHAN‍ NYA 😡 Saya memakai jaringan wifi maupun seluler tidak ada perbedaannya hasil tetap sama😭 Bug, Script, system gameplay sering gak jelas , tiba tiba lari cepat sendiri 😭 Operan bola sering telat/delay membuat tidak tepat sasaran😭 terutama saat main Online lawan pengguna lain 😭. Mohon developer segera perbaiki itu !!! 🙏 RUGI kita TopUp untuk beli pemain elit , tapi gamenya sulit di mainkan 🥵 sampai kapan seperti ini SERVER KONAMI😡",2
"Tambahkan UCL biar bermain liga saya jdi lebih manarik, jika bermain divisi atau pvp terkendala jaringan setidaknya tambahkan UCL di liga saya biar player tidak bosan .",1
masokkkkkkkkkk mak,5
"E football ,,kenapa sih seragam indo jadi polosan , pemain indo , kalau tim pindah , slalu di hapus , Tolong lah gak usah di hapus , seperti Kevin dick dan hubner , kan bisa gak di kasih klub plos klau gak pnya club atau club gak ada di e football kan bisa , gak usah di hapus ,,ini yg buat kecewa , udah seneng2 eh tiba2 ngilang lagi",1
buset update nya gede banget,1
"barusan update 2,4gb masuk game dapet kesempatan 10x gaca, alhamdulilah zonk,, masuk liga pvp ketemu tim poin kolektif rendah menit 29 kalah 3 gol,, pemain masih pada bingung kayak biasa susah rebut bola, 1v1 pemain kalah telak, gerak susah, umpan kena terus, kursor ganti seenaknya ke player yang kurang menguntungkan, jadi, system memihaknya, masih di pelihara masih dengan script bodohnya, kikirnya ttep targetnya adalah pengguna baru yang masih polos,, pengguna lama bansos makin di buli",1
"Loadingnya lama, manja jaringan pula",2
seru lumayan,4
update di loading screen ngestuck giliran udah 100% malah ngulang lagi,1
tolong club Bayern Muenchen ada di efootball,5
the best efootball,5
"gemnya updet terus, cape mainyah, akun lama juga GK bisa login, sayang sekali gem bagus tapi msh bnyak kekurangan, tolong diperbaiki lagi gemnya, supaya pecinta gem bola makin candu.",3
yg slalu dan masih slalu menjadi perbincangan para penggemar efootball adalah terletak pada saat main online/PvP..sinyal sering lag parah padahal buat main dengan ai lancar.. dan blm adanya respon atas segala keluhan dari para penggemarnya.. berikan kami solusi bukan hanya update aja.. tolonglah.. wahai para pembuat game..,2
Gampang delay parah,5
dri segi grafik udah bagus fan ok cuman pas di mainin agak berat,5
"gila nih game, keluar sendiri pas main pvp padahal sinyal aman ae 👎",5
Ga bisa clone makin ga jelas,1
Lumayan Lah y soalnya bisa 1 vs 1 dengan teman tapi dengan pertandingan eksibisi gak kayak game sebelah 1 vs 1 kok setengah setengah,4
aneh setiap update besar besaran sering gagal terus aneh ngabisin kuota,1
kapan liga Indonesia??,4
"game nya bagus saya suka, tapi tolong dilay nya di hilangkan",5
bapuk,1
update nya gak bisa -bisa,1
udh lama nunggu update 2 gb gak dapet pemain bagus pelit banget sihh,5
kenapa tidak bisa login,5
lumayan memuaskan,4
"kenapa jersey chelsea macam buruk sngat dalam game ne, dri awal main smpai skrg mash sama aja",1
suka nglek2 trus padahal sinyal bagus semoga bisa tambah smouth lgi,5
Liga Ai vs Ai online,5
aku kasih bintang satu,1
game yang seru,5
klo update tu brp size nya jg gede gde su,1
"masalah server dari dulu kok ga pernah dibenerin si, tek turunin bintangnya jadi 3 dulu ah...",5
kenapa setiap update besar2an itu komentator harus di download ulang,3
Akan lebih seru bila ada format liga champion,3
coba tambahkan lagi liga champion sama piala dunia,5
gem ini luar biasa,5
tambahin mode cup baru saya kasi rating bintang 5,1
keren cuma perlu di tambah animasi cedera sama kalo hand ball ada planggaran sama perlu banget di tambah VAR,5
konami tolong di atasi bug atau semacamnya ketika saya mau mengunduh data di tampilan awal persentase tetap 0 dan tidak mau berjalan padahal sinyal saya cukup bagus dan memori saya memadai sekali lagi tolong konami,4
apk clone gak bisa login,1
gem ini sangat baik dan menghibur saya,5
Game ini bagus,5
alhamdulillah cukup menghibur permainannya,5
"efootbal haram gk kyk dlu bgs lah sekarang klo sdh di download hrs menunggu""pengunduhan selesai""",1
Update nya terlalu lama,2
kasi liga champions tpi lawan AI biar seru,3
konami pelit. dan juga semuanya isi pemain epic dari Barca jarang dan tidak ada DRI Madrid. mudahan konami cepat sepi gamenya,1
ya mayanlah😹😹😹,4
"bb ajasih, bagus banget maksud nya wkwkwk",3
setelah update malah clone ngga bisa dibuka bjir,1
good game🍻,5
gameplay-nya makin berat. padahal dulu normal. terlalu banyak efek. jadi rasa hape kentang. padahal baru setahun chipset snap 7gen3. padahal udah bagus vs com liga. efeknya terlalu banyak makin berat. sampe saya kasih smooth semua,1
tmbahkan liga champions,4
ribet,1
sinyal susah banget,1
baguslah ini,4
sebenarnya bagus cuma sering update2 terus n harus hapus aplikasi yg lain,1
L game,1
semakin kesini semakin ngeselin update terus bikin enek,1
tidak dapat apdet lambat,5
"Maen Masih patah"" padahal sinyal bagus, update an bukannya enjoy gameplaynya malah nyusahin, game burik",1
keren edisi piala Dunia dong,5
jaringan stabil server nya lama banget apalagi di clone ga bisa masuk asulah,1
goood,3
"Server sudah membaik, namun masih delay kadang2. semoga update ini banyak perbaikan terutama di bagian koneksi. untuk event, grafik, gameplay, so far semakin baik setiap update.",4
update terbaru lumayan,4
buatkan animasi ganti pemain 🙏,5
sering kali ngelag tlong di perbaiki mind padahal sinyal full,5
"baguss, cmn jgn kebanyakan update, sebulan ya kali ada 2 update, gw capek updatenya, minimal 2 bulan sekali",4
bikin room untuk cup dong,4
mantap semoga kedepannya ada fitur edit pemain gitu di master leaguenya ya konami,5
semakin rumit ini game kalo GK niat cari pelanggan jangan di publish,1
woi Konami tolong balikin kaya sebelum nya masa apk efootball gabisa di buka di clone,1
game lieur,1
"bagi saya gamenya sudah sangat bagus fitur nya pun sudah banyak, tapi saya pengen di buat fitur edit player biar lebih seru.",4
update nya yg baru nyakitin,1
jos💯,5
"Match online/duel sama temen lebih mudah sekarang, jadi lebih sering main. saya sukaaaa",5
"secara keseluruhan semua nya sudah ok, hanya saja untuk mendapatkan pemain cristiano Ronaldo yang epic susah banget sudah hampir 4 taun saya maen game ini sampe skrang blum dapat 🫣🫣",5
keren...cuma memory nya borossss,5
GG konami,5
mantappopp,5
lawan tidak seimbang,4
"Permainan udah bagus ,, gak bisa edit pelatih/manager sendiri kah?",5
"Joss, parah kalao pas mulai nge lag. update trus tp kurang ada perbaikan",3
hp gua senapdragon.nya nggk kuat anjir berat ngangkat sinyalnya,4
game taiii jgn ngg jlss,1
konami baik hati,4
very nice,5
"gamenya sudah bagus, tolong di tambahkan liga 1 Indonesia biar makin seru 🙏🏻..",5
"Game yg sampai sekarang saya mainkan,,tidak bosan2",5
tolong min gabisa login hari inii,5
gamenya scrib jaringan enak malah error di gamenya,1
geme sangat baik tapi kurang var,5
Kenapa ga bisa masuk ya,3
min ini pes kenapa habis updet gua Uda donlod tapi di suru download terus jirr,5
knpa gk ada liga Champions Eropa gk ada piala asia dan piala AFF ya di aplikasi ini klu ada pasti lebih seru tolong dong di adakan bos 🙏🙏🙏,5
game ga jelasss ga se imbang gak adil game taikk,1
"ini game favorit dari dulu pertama keluar udah langsung main sampai skrg,, saran tolong tambahkan game BECOM legend dong biar lebih asik lagi",5
mantap sih game nyaa cuman jaringan nya yang agak leg,5
jaringan servernya masih rada ngelag,3
Keren game nya..,5
serasa main Ps lewat hp 😁,5
"Konami, I have topped up Rp. 100,000, but I didn't get an epic in the All Star event, please help me Konami, I lost, it said ghaca first 500 coins can get an epic",1
kualitas jaringan di tingkatkan lagi,1
buruk TK bisa berkembang mainnya terlalu banyak pengaturan skor .....kuharap semua bintang satu semua..... kursor GK jelas tendangan selalu kena lawan umpan selalu salah pdhl tanda arah udah jelas..... main ngebug terus .....ini bukan game tp nguji mental,1
setelah update susah sekali login,4
"tidak bisa terbuka, mentok logo",1
"sudah bagus, saran saya tambahkan liga indonesia dan liga jerman, kalau liga itu ditambahkan saya kasih bintang 5!!!!",4
update nya lama banget,1
Konami buat liga Indonesia nyah,5
kalau bisa liga ucl lah kak,5
"ahh gajelas update gede""an tapi Jersey pun ga sesuai",1
sinyal nya terlalu berat,4
"kenapa apk clone tidak bisa login ini,,,kecewa gua sama temen² gua nih!!!parah amat Konami... tolong di bantu",1
"Banyak script, harusnya bisa jadi gabisa gitu, statistik pemain gimik, masalah koneksi juga gak di benahi, yg harusnya lancar jadi lemot, cuman game ini yg ada isu kek gini, CUMA GAME INI!! WOI KONAMI, BENERIN NAPA, GADA GAME LAIN YANG ADA MASALAH KONEKSI KEK GINI!!",1
gamenya bagus sangking bagusnya saya harus kalah 107 kali hingga kini menang saya ya begitu bisa kalah bisa menang saya paling suka pake pemain yang bisa nendang bola bukan yang jugling kesana kesini ya biasa di tekel oh iya koin nya tolong bisain karna saya mau beli di toko beli paket bagus juga makanya download sekarang bukan kemarin,4
best game football,5
bagus aja,5
update nya ngabisin kuota,3
adain fitur liga indonesia liga 1BRI makin seru kek nya kalo ada liga 1bri,5
apaan si masa donload nge stuck mulu update kali ini,1
gem nya bagus tapi kalu bole pas update ram nya jangan terlalu besar,5
sangat menghibur,5
gamenya mntab sesuai kaya di PS grafiknya mantab mantab konami 👍👍👍,5
udah lama banget update dalm gamnya anjir,1
gabisa login ini,1
gem nya bagus bagi kami untuk pencinta olahraga,4
geme nya ga bisa masuk loading ga selesai selesai,1
"makin banyak update, makin banyak makan gb,makin nambah ruang penyimpanan",1
Tolong di upgrade dong untuk pemain pemain timnas yang baru biar lebih seru. sama tambah lagi liga 1 indonesia nya. biar main tambah seru,5
selamat tinggal konami..karna tidak bisa login mengunakan clone dan dual ..malas jadi maen efootball,1
𝒈𝒂𝒎𝒆 𝒏𝒚𝒂 𝒔𝒖𝒅𝒂𝒉 𝒃𝒂𝒈𝒖𝒔 𝒕𝒂𝒑𝒊 𝒔𝒂𝒓𝒂𝒏𝒈 𝒃𝒂𝒏𝒈 𝒌𝒂𝒍𝒂𝒖 𝒂𝒑𝒅𝒆𝒕 𝒍𝒂𝒈𝒊 𝒌𝒂𝒍𝒂𝒖 𝒃𝒊𝒔𝒂 𝒌𝒂𝒍𝒂𝒖 𝒈𝒂𝒏𝒕𝒊 𝒑𝒆𝒎𝒂𝒊𝒏 𝒍𝒊𝒂𝒕𝒊𝒏 𝒃𝒂𝒏𝒈 𝒔𝒂𝒎𝒂 𝒑𝒆𝒍𝒂𝒕𝒊𝒉 𝒏𝒚𝒂 𝒍𝒊𝒂𝒕𝒊𝒏 𝒋𝒈𝒂𝒌 𝒃𝒂𝒏𝒈 𝒌𝒂𝒚𝒂𝒌 𝒂𝒔𝒍𝒊 𝒏𝒚𝒂 𝒈𝒕𝒉𝒖𝒆 🙏🙏,2
sangat mudah digunakan dan praktis di main kan,5
abis update gak bisa login ini gimna ini mentok di uduhan selesai tapi 0% gimana ini depolover,2
"alhamdulillah sekarang udah normal sinyalnya,maksih konami makin sayang ajah🥰",5
lama banget pas update masuk nya,2
"konami, kenapa sekarang sudah gak bisa login pakai apk klon? tolonglah konami, kembalikan lagi seperti semula",1
is the best,5
permainan ini yang Kusuka. dan bagus.,5
"setiap perbaikan ada progres dan membaik, terimakasih",5
untuk match vs ai usahakan wasitnya netral dong jngn memihak ke botnya,5
"gameplay rusak banyak pengguna script penuh dengan cheater dan hacker sangat mengecewakan, rata2 banyak yang pakai game guardian, main pvp jadi menjengkelkan, pengembang masa bodoh",1
sukak kali aku sama gamenya,5
Karena download nya lama,5
sangat bagus,4
master league 🤣,3
"tidak semua akun timbunan itu hasil jual beli, ada yang bikin dari 0 dengan modal Top Up bisa jadi besar. lu dapat Uang kita terus lu buat sulit kita buat mainin game lu.",1
game dancok,1
sangat memuaskan,5
banyakan update nya padahal mah sama aja fitur nya gak ada yang beda,5
"gapernah dapat masalah delay maupun lag jika jaringan sedang bagus, agak heran sama komenan yang lain",5
lag terus,1
"Game nya udh bagus tapi sayang ga ada UEFA Champions league, bukan Championship 😂, tambahin dong ucl nya",5
"minus pembaruan harus lewat play store penyimpanan harus besar, tidak seperti game lain yang pembaruan di dalam game jadi tidak membutuhkan ruang yang besaf",1
game nya bagus tapi Indonesia nya harus update lagi,5
"Patah2 gamenya,di tambah lagi patah2.. Lawan com aja patah2 apalagi onlin. Pantesan kalah sama fifa,jadi tambah cacat pes.",1
"Smart asist membuat game ini menjadi sakit dan rusak,,, permainan tidak sehat,,,semua membosankan dengan berbagai update yang tidak jelas,,,game ini semakin kesini semakin tidak berkualitas!!!!!!😡",1
Sebenarnya nih game udah bagus masalah nya cuman dijaringan yg tiba tiba terputus saat main pvp jadi gak seru mainnya,4
mantabbbzzz,5
"game nya sudah bagus, tapi sayang club liga indonesia nya gak ada. yang ada cuma persib doang jadi kurang asik..",4
mantap efootball.,5
wowww,5
geme ini terbaik untuk gemplay nya enak banget,5
"kenapa update ini sprint league master nya gak bisa di mainin full pengguna,malah penggunanya mainya cuman pas laga² penting doang ,kami berharap ada fitur ini bisa di mainkan full oleh pengguna bukan bot yang mainin",5
g bisa di log in nin,1
upgrade nya GK masuk2 ini kenapa ??,3
no clone uninstall,1
tutorial nya ngeselin gk jelas,3
gaskeun,5
"gamenya bagus, pake komentator arab seru banget, jadi pengen maen trus. tapi malas sih harus diundah trus hampir setiap hari. saran bisa tampilkan pemain saat pergantian, biar lebih bagus.",1
kerenn polll wess gass banyakin fitur fitur lainnya,5
game sampah aplikasi pembaruan selalu sampah,1
bagus bnget,5
permainan nya bagus,2
"tidak bisa log in, game aneh",3
"UPDATE NYA SUSAH BANGET, UDAH NUNGGU SEHARIAN MASIH 3 PERSEN, TOLONG DI BENAHI",5
"setelah slesai update , kenapa ngga bisa dibuka ya , stuck di logo yamal aja , kenapa ini",4
game bola paling asikkk,5
tolong kostum yg kita beli bisa diperlihatkan ke semua pengguna dan logo tim juga diperbaiki,5
"MASTER LEGUE KOK TRIAL, SUDAH TRIAL DI BATASI PAKE KOIN NYAWA LAGI, GAME KIKIR MAKIN KIKIR PERMANENT KAN MASTER LEAGUE DAN JANGAN PAKE TOKEN SUUU",1
update nya Kok lama banget,5
gem buruk sinyal bagus tapi leg grafik jelek,1
game lemot banget,1
susah banget update udah 96 ko mulai dari awal lagi 🤦,1
kenapa Ngk Bisa Masuk Dalam Game Efootball Ini,5
"Please see Indonesia included in efootbal Because for me it is interesting for players in Indonesia, for Konami, please, what I suggest is in Kabul, thank you When will the Indonesian Super League be included?",5
aku suka dengan game ini,5
"tidak bisa login, malah stuck di pengunduhan selesai dan lama banget ga 100%",1
"kan ad update 1 billion, tapi mau login kagak bisa bisa ajim, udh 30 min nunggu masih 0% progres nya, jaringan lancar, hp apalagi, ntah apalah konami ini, udahlah kikir plenger lagi",1
Ga Suka Ga Usah Download 😜,5
bagus sekali rekomendasi pokonya,5
GAME mantul..,5
update rusak,2
masik ngeleg,3
ngenahen,5
"ya ,,,bagus sudah",4
"please remove league master immediately, because it is very bad and only burdens storage.. they don't need a league master like that konami",1
liga Super Malaysia? dia ga sadar bnyak player indo,1
buy,1
"update v5.4.0 makin riber banget, banyak akun pes yang gak bisa dibuka. siap2 sepi peminat aja 💩💩💩💩💩💩💩😡😡😡😡😡😡",1
"pembaruan sampai 2 GB, wala ini pembaruan atau download ulang, masih patah patah juga",2
enak banget di mainin tapi tolong tidak beri wifi masih bisa di mainin yah,5
kapan liga Indonesia ada udah gak sabar pengen duelin Persija vs Persib tapi juga ada kekurangan update lama,5
knp lama banget aplod nya,5
game ini sangat seru dan gak gampang bosen game sangat real tapi agak banyak bug,5
Game sampah server padat teruss,5
harus nya Jersey real Madrid di update,5
sangat sangat memuaskan,5
"Dari segi gameplay bagus dan enak, saran saya cuman banyakin event aja biar ga bosen",5
"Permainan gajles, sering delay terus",3
game ini sangat bagus sekali👍🏻,5
Good luck,5
ntar saya DM akun efotbal mau kasih saran dan masukan,5
diupdet kagak bisa padahal jaringan bagus,1
ada liga super bri Indonesia dong e football biar seru,5
selalu ngelag padahal sinyal lancar,1
Konami tolong kasih bansos yang banyak dan tolong tambah kan Volta didalam game nya event gakpapa deh nanti pasti rame gamenya,2
update nya bisa 2 jam gila bner game ini lama lama,1
master league apalah gajelas,1
woi setelah update malah ngebug ga bisa login cuma muncul pengunduhan selesai selama 1 ga login² gimana sih niat update ga,1
game ngelag samapah,1
semenjak pembaruan 9/4/2026 kenapa akun clone ngak bisa di buka njir. Kita ramein divisi eh malah ngebug anjir,1
Kren menyenangkn Buat hati,5
Electro Foot BAII.,5
ini kenapaa game nya kok gak bisa di,2
"minus,biaya download nya terlalu besar",4
konami tolong tambah liga 1 indonesia,5
mohon perbaiki soal sinyal terimakasih,4
Buruk,1
Bagus,4
senang sekali bisa bermain,5
"seru, tapi perbaiki sinyal nya",5
"Mantap, hiburan malam",5
Sinyal leg mulu lagi push divisi tiba tiba ngeleg,2
game kikir asw,1
njirr sekarang efootbal™ update yang lebih realistis tapi tolonglah sekarang jangan di kasih data pack soalnya nambah lama kalau nunggu 🙏🙏,5
setelah update sinyal sering ngelag😡,4
geme sangat bagus di main cuy download sekrng,5
game nya berat .. perbaruanya gk ngotak sampai 2B lebih,1
so good,5
server masih gk mumpuni,2
tiada tandingannya 👊,5
keren👍🏾,5
tolong Konami kalo bisa sesuai.kan lawan kalo d rank masa divisi 3 lawan divisi 1 gimana mau pada naik yang kartunya standar,5
gote...,5
Bagus banget game nya,5
game Ini Stu-satunya Game Sepak Bola terbaiklah Menurutku saran Dari Saya Untuk Jaringannya Tolong Segera di perbaiki terimakasih!!,4
makin jelek aja,1
tidak bisa clone lagi KLO bisa clon lagi aku kasih bintang 5,1
gem ini sangat bagus setiap hari Kamis pasti ada saja kejutan yang di beri oleh Konami,5
superl league indonesia di tambah,4
Tolong dong Konami tambahin animasi saat pergantian pemain 🙏,5
nih knapa unduhn dalam game nge stuck di 0% trus.. pdhal koneksi jringn gw bgus² aj tuh....,2
gem nya bagus gak kayak FC lebih bagus efootbal nya bagus,5
"game bagus nya kayak gini bilang tolol.tolol itu Lo gak bisa main bola gak usah sok"" lo",5
konami kasih hoki lah usn kepala_batu yg epic Ronaldinho sama totti,4
game nya bagus tapi cuma kurang di bangkan internet nya sring ngelak,5
sampah game,1
Konami tolong beri solusi untuk para pengguna clone yang akunya belum ditautkan,3
"game tolol, udh scam spin gak pernah dapat, di unduh udh smpe makan 5 gb gak jadi2 pdhal tiap kamis update tpi permasalahan dari dlu masi sama",3
saya memainkan lagi game ini di 2026 terakhir pembaruan di 2022 saya kurang suka tapi sekarang beda lagi tambah bagus grafiknya mantapp,5
tolong konami benerin server nya lag mulu... dan banned yang paket cheat.,4
masih oke sih,4
Game baguss mantaapppp,5
kenapa harus stuck login sih Konami komani,1
"update terbaru masak tidak bisa sih gimanaa info konami, tolong dong.",1
game assuuuuhhh,1
Tolong Update club liga 1 Indonesia,5
"Konami oh Konami Sampai kpn aq begini Gimana mo push divisi Tiap main pvp ketemu cheater lagi Kpn Konami mo basmi cheater ini Makin hari makin sulit dpt kan epic lg, Konami hanya pikirkan profit tak pikirkan gamer sprti aq ini. Knp skrg Konami pelit sekali...",4
skrg nggk bisa make apk cloning,1
kebiasaan habis update.. server busuk .pdhl pake wifi..,1
updet Lisensi barcelona dan Real Madrid ? @from Indonesia,3
MASTER LEAGUE tidaaa sesuai harapan,1
bagus... tapi sering pembaharuan sistem,4
sayang nya ga ada liga Indonesia,5
"tolong Persib Bandung , masukin ke liga lainya, agar bisa di mainin di liga",5
otw hapus terlalu banyak update pemilihan lawan PVP sangat tidak masuk akal. devisi 5 bisa dapat lawan devisi 2 dengan kekuatan 3200 game buruk,1
"Saran dari saya kalau bisa penyimpanan nya gak usah di tambah biar hp yang speknya rendah bisa mainin, dan tambahin lisensinya biar makin seru mainnya. Itu aja si saran ku, kalau selebihnya udah mantap👍",5
game nya bagus banget 🔥🔥👌🏻👌🏻,5
tolong perbaiki soal jaringanya kalo main divisi rasanya berat banget jaringanya kalo main laga cepat jaringannya normal,4
"spin terus,,epic nggak dapat,koin habis banyak,pelit",1
game teh Alus resep aslina kos PS lah.. Komo gambar klub na lamun asli mah.. jeng ayakenn liga Indonesia kudu Aya meh resep jelema na sarua keun Kabeh.. Ngan hanyakal na loba update wae jadi pusing Kana hp na kudu nga hapus Nn deui..tapi resep aslina game ieu,5
tambahkan double koneksi biar bisa pakai data dan wifi secara bersamaan,4
"game nya super bagus tapi tolong perhatikan lawan nya, KLO sinyal nya jelek selalu terganggu lawan musuh nya",5
gabisa buat clonee..no rekomendasi,1
"semakin kesini semakin keren sih, suka banget sama game bola ini cuma tolong dong fitur master league di terapkan biar persis seperti ps3🙏🙏",5
Di mohon Untuk menambah Mode Cup,5
"Good game but so hard to get iconic moment, how about give us 1 iconic moment for free everymonth ? add jaap stam, roy keane, ronaldo nazario, materazzi,zidane. add ball boy and coach at field",5
murah cuma 300 mb,5
tolong Konami gak bisa update ini,1
bagus banget sampe saya tidak mau keluar nih hehehe,5
update bukan nya bener malah tambah rusak otw pensi,1
"pusing2,selalu di upgrade,tapi makin lama makin gak enak di mainkan,buat emosi",1
"Tolong konami tambahin pemain pemain timnas Indonesia sama timnas Brazil dan Jersey terbaru timnas Indonesia,sudah itu aja tapi untuk lain bagus🙏🙏",5
👎👎,1
update lama gagal Mulu padahal penyimpanan kosong,1
"gamenya sdah bagus, mungkin ke depannya di tambahin juga liga Champions di even liganya, lebih keren lgi",4
tato n celebration player di up lbih real harusnya,3
file tambahanya tdk bisa di. donwload,1
gemya sanat bagus,5
game bikin ramah,5
Game kelas,5
ini kenapa abis banget update ga bisa² ya tolong dong konami,3
game keren kita merasakan nostalgia bersama dan yang terbaik lagi kasih aku kan epic ya di updetan terbaru ini terimakasih,5
"kalo update ngerepotin,segi gameplay pun berubah drastis apalagi disandingkan dengan jaman pes, berattt",1
bagus permainanya,5
konami munculin DAVID DE GEA base player kangen pakai de gea,5
hebat kamu konami,5
"kasih saya lawan yang kuat, bosan lawan pemain legenda menang terus, syaa pakai pemain dibawah standar bahkan E",5
game script,1
GAME KONTOLLLLLLLLLL,1
Pemainnya kurang bagus bagus,5
bagus!!!,5
"tolong, kenapa kalau setiap update besar servernya selalu buruk pas mau login ?? ini dari tadi pas mau login stuck di 0% ?? servernya makin kesini makin parah dan juga buat master league agak kecewa, gamplay di master league tdk sesuai expetasi",1
game taik,1
tolong untuk setelan dipengaturan konfigurasi tombol bisa diperbesar atau diperkecil,5
game bagus.. bisa minta tolong ga kak..tambahin piala Liga champion biar makin seru,5
secara gameplay udah baguss tapi coba tambah kan acara di liga saya tambah jadi liga ucl min,5
kenapa balik download lagi pdahal tadi udah 87%,5
seru ketika jenuh.,5
efooball bagus,5
"game yang sangat bagus untuk di mainkan,dan juga grafik sangat bagus, pemainnya bagus'",5
pemain geratis,5
g bisa update jd berat nih game,1
napa uda ga bisa login pdhl sama orng lain uda bisa!!,1
"game dengan grafik hd yang bagus tapi minim lisensi, bagus harapan saya kedepannya bisa lebih memperhatikan ha-hal kecil dengan detail",5
sekarang update nya ribet download nya makin susah udah 45% lalu kembali lagi ke nol,1
"kecewa sdh apdet malah di ulang lgi hilang kuota sya 2,5 gb sial",1
permainan yg sangat seru dan menarik,5
sangat menyenangkan memainkan game ini,5
"game bagus ini cuma ya itu 1 kurang nya bagi saya ketika main divisi, sistemnya jika 1 orang lag maka semua ikut lag itu aja kurangnya overall good game. note saya pemainnya bansos semua(⁠^⁠^⁠)",5
cukup bagus,4
server tolong di perbaiki,1
semenjak update tanggal 9 aprl ni makin gak enak dribell pemain jadi berat tolong konami balikin kek semula aja,1
keren sih walaupun di hp,5
makin parah ini game setelah update terasa berat apalagi server kalo kata gw mah ya mending urusin dulu tu server lemot parah,1
Sangat bagus sih untuk permainan ini saya bisa menikmatinya dengan nyaman,5
Game nya sekarang sering update terus Untuk pengunduhan update an yang baru super lemot..kezell bgt kecewa sama game yang kaya gini..,2
di tambah ada liga campions juga lebih kerennn pastii,1
"sekarang sudah mulai bagus dari sistem ada liga, hanya kurang liga champions, coba lebih di tambakan liga champions, eropa league, seperti real asli gitu jadinya",5
"habis update malah mentok dilogo doang,tulisannya unduhan selesai tapi ikon nya gk gerak²",1
setelah download ulang gak bisa login woy! download data stuck terus... padahal cuma punya 1 akun,1
kalo bisa MB nya di turun kan agar banyak orang yang bisa mainin game nya kalo bisaa terimakasih!,4
oke bgud,5
game koplok di update na gelo sugan tapi alus tapi koplok,1
"game bagus perpeack saran,pengen baju real madrid Normal jangan putih polos tolong min",5
seru tapi update mulu,4
Selesai update gak bisa login game bangke lah,3
setelah pembaruan smua akun clone tidak bisa dibuka,1
setelah di update kok ga bisa masuk malah stak di loading mulu HP iphone 16 pro,2
game stressssss,1
"Semenjak update kadang di full HD frez terus, padahal HP dh canggieh",1
mantap bagus cuman akun sayah kurang gacor,5
ko pas undah di update di ingame nya tinggal ngga bisa diunduh,2
makin ribet,1
"kenapa di update kali ini saya sulit sekali mengunduh data didalam game padahal sudah update di PlayStore, jaringan juga bagus dan tidak lelet, selalu stuck di pengunduhan 0% sehingga harus menghapus lalu mendownload ulang lagi",1
pas awal maen . agak ngeleg,5
"Tolong perbaiki untuk stabilisasi kualitas jaringannya, jaringan apapun baik wifi/data tetap gabisa stabil, bahkan lintas device baik Ipad/smartphone device lain juga sama, tolong bisa ditingkatkan lagi 🙏🏻",3
"next update ubah logo club clubnya doang seperti liverpool, real madrid, chelsea dan yang lainnya. dan tambahkan liga 1 indonesia",5
game kayak main pes,4
"updet 9 april 2026 adalah sebuah blunder Konami,bisa jadi awal kehancuran Konami..dan saya yakin pengguna game ini bakal berkurang secara signifikan 🫵 kita lihat saja.",1
game penuh dark sistem,1
gila update nya 2'5 GB udah kaya download dari awal males ah main game ini,1
"Dari zaman batu saya recommended perbaiki jaringannya pada acara PVP sampai sekarang masih saja sama, budek banget developer nya, nambah pas sudah update rambutnya pada hilang lagi di grafic mode medium 🗿",2
"server jelek, jaringan bagus tapi tetep patah saat pvp.",1
konami kasih gw yang bagus yaa,5
update terbaru ini besar banget jadi tambah berat,5
mohon maaf kenapa saat saya main di laga pvp kok stak di tiga batang nya sinyal nya padahal di game lain lancar lancar aja yang di permasalahkan operannya agak delay Ama saat be skill agak delay juga nya mohon di perbaiki nya🙏🙏🙏,5
game yang bagus dan seru sekali,5
game jelek,1
tambahkan liga indonesia min karena basis yg bermain efootball ini byk dari indonesia,1
kenapa ini ko ga bisa masuk mentok di lobi aja ga bisa percuma update kalo ga bisa di buka,1
mode master league nya kureng banget,5
tolong konimeo kasih pemain,3
gamenya bagus tpi sayang klo push devisi ngeleg²😌,5
GAME INI BAGUS HANYA RAMBUT PEMAIN NYA DI BUAT AGAR LEBIH PERSIS KAYA ASLI,5
"update ampas, gak bisa login",1
"Konami kenapa sering muter dah, ayo aku lancar game nya muter mulu mana lama banget ganggu banget soalnya",5
nambah seru.. PLEASE LIGA INDONESIA,5
Update 2022 malah jadi kek asu,5
Aku gk suka control yg sekarang balikin control pes 2021,5
menarik,5
"tolong hapus fitur smart asist nya, karena itu memperburuk game play orang lain, dan fitur itu tidak layak karena game 1vs1 harusnya mengandalkan skil bukan bantuan",1
lumayan bagus tpi agak ngelak2 sih game play nya,5
"jujur,update nya 2 GB gak tuh kalo hp kentang 🥔 auto gak kuat,jadi ringan kan dikit lah konamii😊😊",3
udah bagus yang kemarin ini game play nya jelek makin susah buat bek,1
hebat,5
lumayan bagus gamenya,5
tingkatkn lg fitur nya biar g monoton,5
"Makin keren,buatkan sistem transfer pemain dan pelatih yang nyata dong biar makin seru",5
game nya bagus cuman saran usul bisa pemain top score nya 10 besar jangan hanya tiga besar itu lebih asik .,5
"game keren, bisa ngalihin saya dari moba moonton ngeselin itu, tapi minusnya game ini susah dapet pemain bagus, mahal top up nya.",5
Makin Membaik nih game,5
game bola ⚽ ⚽ paling muantep,5
sangat memuaskan terutama di gameplay,5
Sangat Baguss,5
"Tolong dong min, waktu versus dgn pemain lain (online) sering terjadi ngeleg...",4
"serius ini update 2,5 gb?",2
"Tolong diupdate lagi utk AI nya, udah unggul lama tiba-tiba AI nyetak gol agak laen Konami terus lawan AI level pemain top mudah kebobolan, padahal pemain saya ratting nya 3070. Gak adil kalah lawan AI apa lagi sering kebobolan.",1
banyak bud di apilkasi ini,1
permainanya bagus cuma updatenya terlalu makan paket😁coba kalu bisa on cem bagus banget,5
"setelah update dah gk bisa login, knp ni min?",1
"Konami, please also hold an Indonesian league so that playing eFootball games will be fun.",5
game mantul grafik ok,5
yang bikin males main efootball adalah setiap update besar sering gonta ganti game play & harus adaptasi lagi. 👎🏽,1
Game paling uppp☺🤗 🧢🧢,5
"game nya bagus dan realistis tapi plis lah gj bet sekarang pas update atau pembaruan, udh gw tunggu buat update nya selesai, tapi ngulang lagi, jadi kgk selesai² nya update nya. tolongg dong konami🙏",3
harusnya aku kasih lima tapi karena banyak script saya kurangi satu bintang,4
game paporit aku ini. seru udah lama gak ngebosenin main game ini. tapi tolong dong ada in ajang champions nya biar lebih seru dan menarik.,5
permainan nya burik setelah apdet di hari Senin-Kamis dan agak membosankan permainnya..... banyak kekurangan nya..... !Tolong perbaiki piktur-piktur club nya dan pemain nya sangat kurang! contoh nya seragam club nya banyak yang polos jelek dan lambang club nya juga banyak kurang jelas...(tidak kayak aslinya... Tolong di respon pihak Konami...!!!!!!! Tolong pihak Konami Adakan Komentator Bahasa Indonesia dan Liga Indonesia dan Logo Club dan baju Club yang aslinya di seluruh liga.....!!!!! 😡😡😡,1
update Mulu...Tapi Tidak ada Perubahan..Game Ini Hanya Menghabiskan Kuota Saja...,1
gamenya sangat bagus,5
luar biasa kapan nih ada liga indonesia pasti pengguna bakalan naik,5
coba update liga indonesia selanjutnya,3
kedepannya jaringan di perbaiki dan fitur tidak terlalu berat atau besar untuk memperlancar jalannya pertandingan.,5
"game ini sangat bagus , tapi yg bikin kesal jaringan server yg ngelek",5
"kenapa Saya Susah Masuk,, Loadingnya PENGUNDUHAN SELESAI.. tpi Gak Masuk"" ... apakah ada Kendala",3
"diupdate malah batal mulu, makin kesini makin ga jelas ni game jaringan bagus penyimpanan banyak tapi gagal mulu hadehhh",2
yessss gooddd cuma agak leg dan terlalu besarrrrrrrrrrrrr,5
mau hp apa aja tetep lola,1
game yang sangat baguusss 👍👍👍,5
game ini sangat bagus,5
jangan update terus.. jangan tambah berat,5
Add free player indonesia 👍,5
cuman buat pemilihan lawan sering kasih yang diatas liga kita.,5
setiap main PvP masih ngeleg kurang responsive,4
"setelah update malah gajelas, mana gabisa nge clone juga",1
master league ..tidak sesuai harapan...👎👎,1
lumayan,4
Game keren,5
seru tapi wasit nya kaga pernah ganti,5
"Minus di sinyal aja, walaupun sudah 5g kadang suka masih ada lag di in game",4
dwnlod mulai dari awal terus,1
ini adalah salah satu game bola yang saya rasa paling keren dari semua game bola. 🔥 Efootball 🔥,5
lama update nya tolongg bgt plya store gk jelas kasih notif,5
lag parah bisa di perbaiki gaa siii,5
"pembaruan ini mengecewakan tidk bisa login pengunduhan stuck 0%, mohon solusi dong padahal akun real asli",5
game ini bagus,5
game paling bagus,5
sangat seru kalau bisa masukin hubner ke dalam tim nasional Indonesia,5
"update kali ini sangat aneh , banyak user susah login dan bahkan ada yg ga bisa login",1
"Tolong konami bisa in kita main offline, sama tolong ada kartu Lev Yashin, Puskas dll terima kasih",5
"bintang 1 sekarang ya mi, setelah update udh ga bisa pakai clone lagi ga seru ga asik lu KONAMI.",1
bagus g ngelag kayk game sebelah,2
saya suka,5
Gem nyh seru gearpic nyh hd,5
game seru,5
"update selalu gagal sudah 3kali percobaan,gjls!",1
asik main si sini,5
"kadang ngeselin kalo update, udah hbis 2 gb Mlah gagal dan balik makan kuota lagi, ga nyambun yg pas 90 %lgi merasa terugikan sebagai konsumen",5
"bagus sih ini game buat seru seruan aja, kalo buat serius kadang bikin kesel sendiri pas kena scriptnya, jadi ini buat have fun aja ya!! SELAMAT MENCOBA!!!",5
keren. biar pun level sya masih di visi 4 trus2 an tpi emng keren aplikasi ini,5
amazing,5
selesai update kok malah ga bisa login padahal hp saya mendukung banget ram 8+8 room 256 memang aplikasi sialan nyesel banget penanganan super lambat mending game sebelah,1
ada bug force close setelah update,5
balikin efotball seperti sebelum update,1
GRAFIK GAME NYA BAGUS,5
👍,4
"min, maaf nih kira kira liga Super League indonesia kapan ya... semoga aja cepat rilis ya min saya menanti banget liga itu semoga didengar 🥺🥺🥺",5
Kalau bisa ganti cuaca hujan atau salju jgn itu2 trus,1
karna kalok login lama masih pengunduhan aku nunggu dari maghrib sampek isya masih belum bisa mainnn gak serruuu😡😡😡,3
game agak lainn belum lamak update udahhh update aja lagi ngabisin paket aja kalau update tu minimal di kasih jarak yang agak panjang nggak dikit² update,2
gem ny KLO update datanya besar bgt sampe 5jam hp ku parah nih,2
game makin buruk apa karna kebanyakan ormas,1
my second account can't login at appclone,1
"game kntll ajgg, gbsa login gw",1
semenjak di update game semakin tidak masuk akal utk dimainkan. melawan AI seperti melawan kemustahilan.. game yg sangat buruk..,1
gak jadi bintang 1,5
"Tolong Konami, setiap update selalu ada masalah, padahal jaringan stabil tapi ketika masuk di 80% lansung terjadi masalah, apa masalahnya? jaringannya bagus aja tuh, jadi harus mulai dari 50% lagii udah berkali-kali kayak gitu",1
Gamenya bagus.. seru dan menurut saya game ini menarik.. krna saya suka bola tentunya..,5
susah amat di perbarui ktl,5
"game apa ini makin gede aja update nya , udh sinyal full masih aja tetap ga bisa update",1
game yg keren sebenarnya harusnya di tambah BRI super Liga Indonesia,5
jangan pelit yaa,5
Game nya mantap,5
game kontollll,1
Semakin kesini semakin tidak karuan dari game efootball ini. Konami dengan sengaja menjual kartu-kartu pemain yang overallnya bagus. Game ini sangat terasa ketimpangan antara pemain Pay To Win dan Free To Play,1
kurang baik aja pengalaman bermainnya,1
update ga kira² co,1
"setelah update malah stuck di loading screen, padahal bukan akun cloningan, udah nunggu lama tetep stuck di 0%",1
Kok update terbaru gx bisa di buka,2
Makin kesini makin parah ini game,5
permainan yang sangat bagus tapi lebih bagus lagi jika bertemu degan lawan online bisa saling mengobrol degan jarak jauh (voite note),4
"kenapa semakin diupdate malah makin jelek gamenya,jaringan bagus tapi permainannya delay bangat,padahal main game yang lain lancar",1
"dari sore tadi sampai jam 7 malam gak kelar kelar download nya,,udah lah maen nya sering nge lag waduh waduh macam mana lah ini",1
"event ML gk sesuai harapan, serta tambah lama tambah banyak kekurangannya. udh main mulai 2021, malah jadi game gk jelas",1
update terus payah,1
"gm. kurang apdet"" trus bgitu"" sja tdk ad perubahan",1
DAN... FIX INI GAME SETINGAN.. MASA DIKASI MENANG SEKALI KALAHNYA SAMAPAI 3/4 KALI😭😭😭😭😭😭😭😭😭😭,5
"yaallah Konami kok sekarang gini sih semenjak update, g bsa login Pdahal akun ku g pake clone, lalu sekarang akunku yang di clone g bsa kepake lagi ahhhh, mohon perbaiki lagi Konami agar kita dpt ambil akun kita di clone lagi banyak sekarang warga jb yang rugi ratusan atau bahkan jutaan semenjak update ini. jadi mohon perbaiki",1
menurut w sih game nya ok..cuma jaringan kadang tiba2 ngeleg sendri..dan untuk update ga usah lah tiap minggu minimal 2 mnggu sekali..masih bnyak lagi sbnr nya kritikan untuk konami..kalau tiap minggu update lama2 ngbosenin,2
busuk,1
balikin clone atau rating turun jadi bintang 2😝😋😣😢😋🗿,1
mantap pemain yg bintang mahal,5
busuk game jelek sekali update kali ini jelek,1
tolong tambah kan ragdoll physics dan tolong juga buat agar wasit tidak hanya si pria botak 🙏🏼,5
"Tolong tambah kan kompetisi lain di Liga saya seperti Liga Champions Europ, League^⁠_⁠^",5
"tolong dong d buat liga onlain biar bisa maen tanding onlain 3/4 orang, kayak d ps hehe",1
"walaupun kalah terus pas by one sama teman, tetap gas main. game ini bagus",5
updet lama anj,2
banyakin event .. banyakin lisensi agar experience nya lebih seru,5
"Lumayan buat hiburan di waktu luang. Tapi sayang game play semakin lama semakin berat. Permainan terasa lemot. Padahal sudah pakai HP yg lumayan spek nya RAM 8/256. Juga sinyal harus benar² bagus, padahal gak setiap saat kondisi sinyal itu bagus, efeknya permainan sering ngelag / patah². Saya kasih bintang 5 karena kasihan sama konami semakin lama ratingnya semakin menurun.",5
REALLY BAD UPDATE!!!,1
"no liga Indonesia, ligaa Malaysia fucek",1
the game can't log in and wait for the download to finish so yes 1 star,1
tidak ada Bayer Munich ga seru ahh kalau ada Bayer Munich baru bintang 5,2
pas uapted gabisa main,1
ini sudah bagus min😃😃,3
"dr dlu kerja sama sama PSSI sampe sekarang selesai belum ada liga 1 ,, dan tolong kallo laga PvP harus seimbang lah",2
MASIH AJA APA LAH INI GAME DARI DULU SELALU DELAY KALAU MAIN MULTIPLAYER SAMPAH!,1
👍👍👍👍👍👍manja jaringan,5
keren bamget,5
krennn min👍🏻👍🏻,5
game ini membuat saya stress tetapi overall ini game sangat bagus,5
rusak ini game,1
tambahin nama² yang gol in di hasil akhir pertandingan lebih bagus serta tolong untuk di bench bangku cadangan terutama staff kepelatihan gerak juga saat merayakan gol atau saat ada peluang gol,3
kebanyakan update .,3
"keren si, bisa nostalgia",5
"game berat banget, kembalikan versi 2020 lebih merakyat game nya",1
"bagus , tolong pemainnya di bikin tersenyum apa ketawa saat cetak goll .dan marah saat ada pelanggaran",5
makin kesini makin kacau nih game,1
"jangan download ini game cuman mau duit doang, kalu ketemu lawan yang ngk ada pelatihnya malah pemain kita yang ngk jelas larinya puki game puki lebih baik nonton BKP dari pada main game jorok ini",1
"😡😡😡😡konami tolong lah kenapa habis di upadet di v5.4.0 malah kagak bisa di pakek,in apk clone jgn salh usernya ya klou bakal uninstal game luu",4
"liga super Malaysia sudh rilis,kpn rilis BRI super league. padah yg main kbnykn dari Indonesia. mohon di rilis BRI super league. thks🙏",5
saya tidak dapet pemain yang bagus selalu jelek semua,3
"kecewa berat, masak saya download dari sore sampe malam ga selesai selesai, ada aja terus yang didownload",1
agak aneh aja sekarang.. agak berat,5
kanjut konami badag,5
nice gamee,5
semoga selebrasi ole romeny bisa seperti di 🇮🇩🇮🇩🇮🇩,4
game ini sangat keren (tapi bohong),1
adain liga 1 indonesia dong,5
"Permainan jelek, mau dapatin pemain epic atau show time aja winrate nya susah, gacha 2.000 gak dapat pemain epic atau show time. KONAMI pelit, giliran epic gratis dapat pemain skill anomali. Di tambah sinyal JELEK ngeleg, parah. gue saranin jangan pernah gacha di game ini karena winrate nya kecil susah dapatin pemain legendaris atau bintang.",1
"perbarui bnyak juga ni ya min,2 gb lebih untuk pemberbaruan nya 🤦‍♂️ tapi yaudalah tidak apa²,yang penting jaringan nya untuk di game nya di perbaiki lagi.terkadang suka delay .",1
"bikin turnamen liga indonesia nya dong,biar ngk bosen",4
woi konami ini ada apalagi sih cok kok gak bisa masuk² heran gua benerin lah cok,2
Saya berharap untuk permainan ( liga saya ) bisa bermain di liga champion seperti di efootball PlayStation. berdasarkan klasemen di liga. Dan Berharap nama nama club dan jersey segera seperti layak club betulan.,3
game yg menyenangkan tpi boong,5
"System gacha gak ngotak,dari jaman Romawi kuno sampai Romawi baru cuma bisa ngandalin pemain gratisan kasih pemain gacha bagus lah sad.",2
Untuk gamenya cukup menghibur di kala sedang bersantai... tetapi game ini membutuhkan jaringan yang sangat bgus... kalo jaringan jelek sedikit aja udah pasti lag...,5
bagus tapi saya minta Konami menambahkan liga indonesia kalo sudah ada baru saya kasih bintang 5,4
"udah update 2gb+ pas login di surug download lagi data, mana kaga kecil dowonload nya terus kaga kelar² lagi download data nya loading we terus berjam² padahal jaringan bagus",1
Skrng jadi gak asik nih permainanya,5
Overall gamenya bagus tpi sistem Konami ga begitu bagus khususnya di potw biru gw udh spen 300 point plus 1 gratis dari pas Vini sampe mbappe ga pernah dapet yg bagus,5
"gamenya bagus, grafiknya realistis, kontrolnya mudah, saya suka di bandingkan dengan game sebelah (FC mobile). rekomended untuk orang yang mau serius buat tim impian",5
update trus menerus hp jadi habis ramnya plis update tapi jangan nambah ruangannya,2
mintep,5
not good game,1
sering update tapi kurang lengkap gada liga Champions sama sama gada Bundes liga nya payah,3
Hobi,5
seru dan memuaskan,5
Game kikir. Gimik jualan kartu.,3
permainan bagus we Messi ko ke biak Papua sopaya ko bungkus di ambroben,5
game 👹👺👹👺,5
bosok habis 2 gb malah eror,1
update an terbaru . bagi saya yang paling buruk seburuk buruknya. game jadi gampang. terobosan sekali lolos udah gak bisa di imbangin lagi. fitur buruk,5
jelek gapernaa hoky,1
"update 1 jma lebih, hmpir 2 jam , dan tidak ada yang buat saya senang , sepin pemain 7 klai dapatnya pemain apa gk tau, yang bintanya 2,3, kirain bakal dapat ronaldinho atau ibra, udah berapa bulan lebih gk dapet pemain bagus",2
"min gue beneran kecewa karena aku dlu full ICONIC di 2021,tapi karena akun nya gak di login cuma 6 bulan,akun ku jadi hilang beneran kecewa aku min🥲🥲",4
"setelah update pada hari kamis, 9 april 2026, stuck di loading screen, padahal sudah ada tulisan pengunduhan selesai tapi tak terjadi apa², terus harus ngapain lagi? udah install ulang hasilnya sama aja",1
suka leg sendiri,1
kaga bisa di buka aplikasi nya,1
"The more updates there are, the less clear the intention is to create a game account or drain the player's money.",1
mantap banget konami,5
"gabisa login, mentok di pengunduhan selesai 0%",1
"makin memuaskan game efootball ini, dan tolong kasih tournament cup dong dalam mode AI",4
gamenya sangat bagus grafik yang oke lah,5
paling bagus,5
tim dan nama pelatih masih banyak yg tidak real,1
sering delay saat PvP,1
"mastee league tak jelas, apa bedanya dgn my league",1
Kalo pake gestur gak bisa full screen hadus pake tombol manual,5
GEME NYA BAGUS DAN GRAFIK JUGA BAGUS MINES NYA KALO NGELEK JARINGAN SUKA NGESTACK NGESTACK,5
gila update yg terbaru 2.4gb lama lama kaya pubg ni game berat nya,1
beri saya pemain epic,4
"updatenya jangan terlalu sering saya yang HP kentang jdi ga bisa main, gamenya udh bagus",3
game aneh update mulu,1
TOLONG PEMAIN YANG PAKE CHEAT DI BLOKIR AJA KASIAN YANG UDAH BERJUANG DARI NOL KALAH GARA GARA PEMAIN YANG PAKE CHEAT TOLONG DI CEK LAGI,5
ayolah bikin semua tim pubya logo resmi nya. jgn club itu2 aja yang punya logo resmi,2
"buatkan tolong dong developer, Buatkan ada Liga Indonesia sama Komentator Indonesia, tolong tambahin, semoga dibaca",4
"geme ini sering pembaharuan seminggu sekali, jadi bosan jadinya",1
"jualan kartu, gatcha free gk akan dapet",1
"tolong konami kok abis update tanggal 9 april gw ngga bisa login ya padahal jaringan lancar malah stak di loading skrin, perbaiki lah konami",2
terlalu banyak update,4
pliss Konami buat kan hanball,4
Segera tambahkan Pilihan stadion.. sepatu dan aksesoris. liga Jerman blom ada. liga indonesia blom ada,5
"saya punya 2 akun, saat login ke akun ke 2 dan mau login ulang ke akun ke 1 malah gabisa login, thx konamek auto uninstal",1
saya bermain game ini dari 2019 sampai sekarang udah banyak update dan vitur tebaru karena kami merindukan game real efottbal dan sudah saatnya saya kasih bintang 5 👍👍,5
gamenya bagus tapi bisa gak tambahin klub BRI super league atau klub liga 1 Indonesia biar makin seru,5
"kalau update niatan dikit lah, kebiasaan tau gak setiap update selalu nge stuk Mulu gabisa masuk, benci gua lama lama kalau begini terus, dari dulu tau gak, update di play store besar ujungnya dalam game tetep bug, capek banget ngeladenin lu kalau lama lama begini, tolong di dengerin biar game lu tuh banyak yang minat, #konami on ol",1
"emang gimenya keseluruhan bagus, tapi hanya saja saat onlin kita jaringan nggelek tlg tlg diperhatikan masukan para member ok",5
semakin membaik. mantap,5
Habis update struk di menu pengunduhan 0%. mohon bantuannya...,5
"sialan udah 4 kali di update udah 90 persen, di keluarin bentar dari PlayStore malah ngulang dahhh lah gk jlsss",2
"gamen nya bgus,cuman syangnya sring ngelek",4
kalau bisa ada liga champion,5
gamenya tambah lemot dan berat. jangan di update nnti nyesal,1
"sebenernya seru kalo hp kitanya bagus spek dewa sama jaringannya juga minimal 5G, tolong dibenerin juga kinerja wasitnya wahai konami",5
Semoga terus update untuk lebih baik,5
GAME KIKIR.,1
setiap di update lama banget download nya kadang kadang tiba tiba berhenti sendiri tolong perbaiki ya min,1
"update yang tidak memuaskan, masih bnyak bug yang belum di benahi",1
tolong tim dan liganya gak koml,5
makin update makin berat gimana si udh jaringan di Kaltim kurang bagus makin di up jadi makin berat,3
makin update makin sering ngelag...,1
update mengecewakan gua kira beneran master league ternyata cuma event dan minim konten hadeehh,1
susah kalau spin pemain legend gak pernah dapat jagan pelit2 kali lh,5
update tiap hari udh top up juga udh tapi kenapa ya dapetnya selalu gk sesuai harapan 😭,5
game gajelas udah update suruh update lagi tolol,1
Klrkan Ronaldo big time gratis😱😱😱😱,5
kasih saya pemain bagus,5
busuk apaan kaga bisa login clone apak ori pun kaga bisa... auto uninstall aja lah,1
udpate terbaru udah 100% kenapa jadi ngulang lagi ? udah 4x ngulang loh gua .. tolong di perbaiki,1
event Ronaldo kok susah amat hadir nya,3
"game ini bagus, hanya saja kurang lisensi dan event",5
Mantep,5
aku pengen Ronaldo sama Paulo Maldini terus 1 lagi Oliver Kahn,4
kenapa stuck file tambahannya,5
game bagus drafik bagus tampilan bagus cuma MB nya makin lama makin besar,5
MANTAPP,3
Efootball 2023 lebih bagus dari 2022 Even coin,4
"lola,lama,lemot, banyak unduh sana sini",1
Sudah mulai mengarah ke Scam ni Gamenya 🤣🤣🤣,5
"game yang sangat bagus, tapi apa bisa bikin puas playernya? tidak, karena selain clubnya yang itu itu saja bisa dikatakan tidak lengkap,juga tidak ada fitur cup/champions ,hanya menyediakan fitur ""liga saya"" itusangat membosankan",2
CLONE DI HAPUS,1
game bagus,4
semoga gk ngeleg2 lagi,5
"susah untuk mengunakan skills gocekan harus berhenti lalu ketuk 2 kali ribet. kenapa nggak tambah fitur skills gocekan. nanti bisa di pilih skills gocekan nanti tinggal geser tombol sprint ke atas bawah kanan kiri kan simpel dan mudah nanti kalau ada trik gocekan yang pemain nggak bisa nanti saat geser tombol sprint ke atas nggak muncul trik gocekan nya, kaya ada tanda panah kecil² kaya gini ^ saat pemain nggak punya trik gocekan nanti nggak muncul kaya di fc mobile sama kaya di game bola lain",5
bagusssd,4
update kali ini berat banget co,1
sangat luar biasa,5
gamenya keren,5
padahal aku udah punya racikan taktik keren tapi hm takdir berkata lain,5
saran dong adain club liga 1 Indonesia dong,4
gem bagus tapi ko tiap main udah menang tapi malah di kembaliin karna sinyal buruk padhal sinyal bagus bagus aja tolong lah KONAMI,4
Aslinya game bagus tapi karena lu punya striker rumeneige tinggal lu shot jauh trobos ke rume udah bisa capai divisi 1 sih gw yakin,5
"jarang buka gamenya, makasih udah kasih banyak gratisan pemain dengan rating tinggi",4
"after update 5.4.0 banyak bug, gagal transfer data akun utama gabisa login perkara reuninstall apk",1
knp pembaharuan instal lama bangat... 2 jam belum selesai,2
"bintang 1 dulu, benerin dulu web Konami gak bisa login. kalau udah fix bintang 6.",1
semogaa update sekarang dapet epic,5
"hey, if you want update your game pls learn from mistakes its halpfull because your game now cannot update in my device because your server suck to many Player accest dude. pls konami you are rich company i know you without Kojima sales are decreasing but please fix your server Thank you",1
tolong hapus smart assist nya,5
gem ya itu sagattttttttttttttt bagussssss,5
semoga d ubdetan yg skrg game ya tmbh bgu,5
KAMPANYE UNDUHAN UPDATE 2GB. 😂😂😂,5
"ini kenapa dah gabisa login gw, padahal udh update",1
Di pergerakan nya kurang maksimal dan koneksinya kurang bagus,5
"ini gmnaa sih updatan nya ko gagal teruss sayaa,,udah abis 7gb gagal mulu mentok di 75%,,, tolong dong konami",5
"abis update malah ga bisa download dalemnya stuck, langsung aja uninstal",1
kenapa habis update kok tambah gak bisa login,5
bagus sekali game play nya,5
"Saran untuk Konami tercinta, tolong hapus limit login bulanan agar kami bisa bebas ganti akun tanpa takut kehabisan jatah login yang sangat sedikit itu. Ingatlah sebelum kamu mendapat 1M download, ada kami player setia yang selalu menantikan update dan membakar uang dari hasil gaji UMR kabupaten, demi kartu epic terbaru keluaran anda! Please read my message, Arigatou and Onegai Konami chan ^_^",3
tolong konami .. blokir player yg suka mainin data atau pun buat kita tiba tiba kalah karna jaringan eror plis,3
mantappp,5
game aneh setelah upgrade makin ga jelas kyk kon,1
kenapa tidak bisa mengunduh data,5
game kikir gua dari dulu gacha gak pernah dapet epic gua Udah habis Berapa ribu koin tetep ga dapet emang game kikir,1
game sampah trash game,1
"dari tahun ke tahun ,saya tidak pernah kecewa dengan apk game ini. sangat nyaman dan menantang. terimakasih telah mengisi kekosongan waktu saya.",5
Semoga fitur ini semakin berkembang bisa ditambah liga Champions,5
kalau boleh di tambahkan untk pertandingan liga champion,4
"update sekarang kenapa gabisa make kloning dah, padahal kloningan gini bisa memperbanyak user sama penghasilan, aneh",2
game yang sangat bikin emosi tapi nagih,5
"Coba kalau lagi update besar data komentator ga usah kena update juga, ribet aja, mau main masih download data komentator, ga di download ga asik kalau ga ada komentatornya. wkwk",4
udah satu bulan game jadi parah leg terus padahal sinyal bagus tolong di perbaiki lagi.musuh terberat adalah signal liertrr,3
Setelah update hari ini saya kasih bintang 1 . login susah,1
seru mantap,5
Permainan yang bagus dan berkualitas,5
bikin mode Support gamepad dong,5
tolong konami aku engga bisa masuk ke game nya padahal sebelum nya bisa,1
kebijakan bodoh adalah tidak bisa untuk akun clone,1
"mantap, cuma harus update biar ada liga 1 Indonesia",5
"sudah bagus, apa lagi jika di tambahin seperti ada kompetisi champion league biar gak bosen mainnya",5
"game sudah sangat bagus tapi kalau bisa saat pergantian pemain, pemain yang masuk atau keluar agar di sorot kamera supaya lebih keren🙏",5
update kek tai,1
sangat bagus lah,4
W efotball🤍😉,5
"Sumpah akun gua sampah banget sejuta gaada harga diri nya gacha dapet ampas semua, saran gua mending gausah top up soalnya pelit banget jir",1
seharusnya ada liga Champions nya dan piala dunia biar tambah seru banget game football nya,5
hoo hoo gamee nyaa seruuu bangett gilakk semogaa di update kalii inii hp guaa masii kuatt🤲🏼,5
Selalu setia dari tahun 2018 good pokoknya,5
Dear KONAMI masalah jaringan laga online sangat buruk. Pembaruan paling brengsek. Laga online malah makin parah ngelag nya.,1
game ampas,1
tiap divisi 4 lemot nya parah banget padahal sinyal stabil tapi pas main bikin naik darah lemot parah...,1
koneksinya di perbaiki sering bug di cntrol juga,5
"TOLONG DI BUANG EVENT EVENT YG TIDAK BERMANFAAT, SEPERTI STADION DAN AKSESORIS STADIONNYA. AGAR TIDAK MEMAKAN BANYAK DATA !!!!! SEKARANG SUDAH 4,5GB SELANJUTNYA MAU BERAPA GB LAGI??",5
Great.. there's refree in the field,5
game ya ko ga bisa dimasuki login caranya macam mana aaa lama Bagar meases ya,1
josjis pokoke,5
tolong konami saya beri hoki saya sering spin tapi tidak dapat dapat tolong di baca,5
"gamen ini sering di update terus, sedangkan penyimpanan penuh GK bisa menginstal, harus diperbaiki gamen nya",1
kalo bisa tambah laga kayak liga champions vs AL kayaknya bakal lebih seru. .,5
GK ada liga Indonesia,3
terlalu jualan kartu mas,4
game sangat baik lebih ditingkatkan lagi,5
game ini bagus.,5
server benerin anj,1
asik tapi timnas Indonesia kurang hastin habner,5
"tolong di tampilin videonya kalau lagi pergantian pemain, maasa kalah tampilan sama DLS 2026",1
"Kalau HP Ram dibawah 8 Jangan Main Game ini, kalian akan kecewa",5
dialah yg menemani ku,5
coba ada mode menjer sama pasar kaya geme sebelah pasti lebih bagus,5
sangat menikmati,5
kok ngak bisa masuk si,1
game luar biasa bagus,5
please Konami add career mod,5
kurang liga indonesia aja sih,5
gem nya bagus apalgi kalo hp kita bagus pake grafik max,5
"tolong buat Konami mikir dikit yah, gw udh update udah 80% pas di liat lagi malah ke 3% maksudnya apa yah?. kuota gw habis cuma"" bukan nya ke update malah balik ke 3% pikir dikit lah",2
gamenya bagus tapi pemainny belum dapat pemain2 lengenda malah dapat pemain standar trus tiap di kolom kotak .,1
game pay to wi,1
susah dapat yg EPIC,5
Ga me sampahhhhhhh,1
"geme taikk, habis diUPDATE susah nya minta ampun, stamina cepat habis, masak duel satu lawan 1 kalah teruss",4
Kontrol tembaknya susah tolong di benahi lagi,5
permainan sangat okee dan baguss bgt,5
thank you for tresure link i got 4 epic card,1
Pake liga Champions dan Bundes liga dong dan grup yg belum di resensi tolong di resensiin dong.. jaringan makin gak enak ja ni,1
game monyettttttttt,1
kalo mau penggantian pemain itu haru ad orang nya dong,5
lumayan tapi sinyal masih buruk,3
Pemain nya tidak pernah bicara seperti game football pada umum nya,4
game KIKIRRRR,5
"UPDATE JUGA CRISTIANO RONALDO USIA MUDA, RONALDO BRAZIL, ALFREDO DI STEFANO (REAL MADRID) RAYMOND KOPA (REAL MADRID) PACO GENTO (REAL MADRID)",5
jing gak muat memori gua jing,5
gem ini sangat mudah untuk mencoba bermain,1
Tolong agar coin nya bisa makin banyak dapat nya,5
game ini sangat mantap saya sangat suka saya bermain game ini dari 2019 sampai sekarang saya sangat menyukainya,5
"game bagus, wajib dicoba",5
"Best Game, but gacha is hard. Please, make it easier to get my dream player. 😅🙏",5
"Sebagai alumni DLS, efootball perlu nambahin fitur edit stadion sih , tapi untuk sejauh ini untuk gameplay tolong tambahkan animasi pergantian pemain dan hadirkan pemain cadangan beserta staf kepelatihan di pinggir lapangan itu saja Konami .",4
banyak kali gb nya anj lagian ga bisa login pas pembaruan mohon diperbaiki dan setiap masuk game ngelagg jingg mohon diperbaiki kalau ga saya lapor ke jule,1
"Keren , sedikit saran saja untuk waktu pembuatan formasi saat match di persingkat cukup 1 menit saja, karena ada player-player norak yang suka buang waktu, hukuman credit score di tambah lagi untuk player yg sering meninggalkan match tiba-tiba sblm waktu normal berakhir, thanks :*",5
game gk jelas,1
update sampah download stuck aneh,3
min kayanya di tambah carrier mode banyak yg minat deh,5
"game nya sangat tidak menyenangkan, pemain terlalu di besar-besarkan, tololll",1
ga bisa login anjiing,5
"game apaan njir dah kikir,Ram gede dan kalo update ada aja gebrakanya",1
"untuk di liga saya , tolong adakan UCL atau eropa league biar tambah seru",4
Gamenya sangat baik dan seru untuk dimainkan saya suka sekali dengan game pes terbaru ini saya ingin memgucapkan terima kasih karena game ini telah menghibur saya dan saya sangat senang sekali,5
game dongo update gagal terus game makin berat ga mikirin player lain tolol,1
Game terbaik,5
makin seru,5
sangat seru ini ada timnas indonesia juga ada bersib bandung pokoknya ini seru gamenya tapi tolong harusnya ada persib ja juga lawannya terlalu gampang di sulitti dan jangan terlalu susah,5
"Game play parah tolol ,sementara main tiba2 gelak jaringan, padahal jaringan aman2",1
udah bisa pake stik semoga pembaruan hari ini laga online vs PVP bisa pake stik 🙏🙏🙏,5
"saya kasih bintang 5 kalau hoki. dapat pemain epic, lama bgt gak hoki, bikin kesal!!",1
"Good Game, please give more competition for this game & give more good player for make the game fantastic.",5
"saya udh lama main game ini, dari keseluruhan sebenarnya udh bagus tpi kenapa pas update makin kesini² makin nggk nyaman main nya, bek susah di arahin, ngoper bola jadi lambat",5
control delay,5
malas aja,2
banyak pembaruan,1
makin berat aja ini game,3
sering leg sama mainya berat,1
BRI LIGA 1 LAH MIN TOLONG,1
game ini luar biasa,5
tolong pemain yang punya tato atau pemain yang larinya cepat di buat dong masa pemain gak di kenal bisa kalahkan mbappe kalau Sprin dan juga buatin masuk stadion itu dan pemain yang di bens juga buatin buatin selengkapnya pokonya,3
clon aplikasi tidak mendukung,1
gk bisa login,1
"hapuskan silog atau bolehkan lagi clone, baru saya ubah bintang 5 lagi ...",1
Kecewa,5
game nya baguss banget,5
jangan dodlod aku sarankan permainan apa coba banyak pembaruannya,1
kurang var dan animasi pergantiannya hhh tapi mantap,5
susah dapet epic.. 🤡🤡🤡,5
smoga kedepannya ada menu replay agar bisa melihat pemain yg ingin kita liat sesuka hati kita,5
mntapp,5
huh masa harus ge dowload ulang parah... mana lama ge dowloadnya,3
game di mainin lama lama bikin naik darah.. di ajak satu sentuhan ga pernah mau klo di pvp. jaringan stabil sampah sllu di bersihin sebelum login masih aja ngebug gajelas..,2
sru banget game nya gelo,5
good job,5
"pembaruan trus tapi kualitas tetep sama ga jelas sama minimal kasih lah liga Jerman trus indo kalo ga bisa indo lengkapi liga"" eropa even itu"" aja bosen",1
jaringan sering tidak stabil,5
game jelek jangan download,1
"heh kanami baik hati lu klo update yg becus dong anak baik ,lu update game tapi pas di log ga bisa udh nunggu 4j+ masi g bisa login ditambah paketan ku yg nguras banyak bgt ampir 20gb dog ,perbaiki cepat anak baik ☺️",1
tolong icon gambar nya jangan messi terus bosan lihat muka messi terus selama ini,1
New updete jaringan,4
"makin lama makin GK jelas, percuma update tiap Minggu !!",1
sangat bagus bermain games ini...tapi tidak dengan jaringan sinyal disaat pvp sangat tidak setabil dan tidak nyaman untuk bermain,5
"The game is unclear, the second account can't log in during the update now, why??? Do you think the second account is wrong!!!!!!",1
game gajelas main dari lama malah stak di download selesai 0%,2
"For developers, this game is very good but for the game it is still not good because my signal is very good but the game is stuck",5
. habis di update malah nggak bisa di buka... Gimana ini solusi,5
update liga 1 Indonesia dong min pasti lebih keren lagi kalau di tambah liga 1 Indonesia,5
"saya sangat suka game ini tapi kalu bisa kak,semua team Argentina itu,orang nya tatoan semua kak,pasti lebih keren dan mantap itu kalu saran saya kak👍🏻",5
boleh tapi satu yang tidak cocok disini jarang sekali muncul Cristiano Ronaldo 🙏,4
sangat suka,5
gk hoki adalah obat judi 🗿,5
pemain gak bisa di gganti,5
"gameplay sih bagus , tapi Konami jangan terlalu menabakan GB yang nanti hp gak bisa nih",5
ok pokok nya,4
di tunggu liga Indonesia nya,5
kenapa hari ini habis update malah stack trus??,3
buset update nya gak main2 langsung 2GB 🤣🤣 Otw hapus 🤣🤣,1
grafik nya bagus banget,5
"game gak jelas udah tek update 2,5gb malah suruh update lagi game pemerasan",1
sertakan liga Champions dan liga Europa seperti ajang liga2 yg lain,4
di kasih hoki terus mantap,5
aku nak HAZARD CELSI,5
game bagus.tapi lemot banget.delay2 terus.topong di perbaiki dong,3
"game favorit saya, karena saya suka sepak bola",5
Ronaldinho,5
aplikasi josss markotopppp taktungtaktung hokyahokya,5
"suda 100% si gem ini cuman 1 realmadrid kenapa masi pake jersey jadul,masa raja champion ko jerseynya masi jadul sii ??",5
keren.. ok,5
bagus tapi download dan maen ny butuh GB yg banyak,4
"ini kenapa kok udh update 2,5 GB 2x tetep ga ke update sih",1
"hey konami ini jaringan di match pvp tolong diperbaiki sekarang kabener,ulah cicing teing ,ini mah akal-akalan konami",1
"NGELAG, KONTOOOOLLLLL",1
Tahun baru beban dan masalah baru,1
Script KONTOLLLL,1
makin update server nya makin parah. pemain2 epik tapi kalau musuh bisa delay. perbaiki dong min servernya,2
"makin gajelas setelah update apk tidak bisa login stuck di menu awal bertuliskan ""pengunduhan selesai""",1
top bgt,5
tolong berikan komentator bh indonesia! dan mic agar kita bisa ngobrol sm lawan atau minmal chetan aja kalau gak bisa mic,1
game bagus tapi kadang jaringan kurang stabil,5
baik,2
ini gimana kok aku sudah download tapi ada tulisan pengunduhan selesai,5
setelah update malah akun yg di clone gak bisa di buka...parah kali konami ni,1
ni games apaan si ko akun gede Saya ga bisa masuk mala daftar ulang lagi seperti awal nambah kacau ja,3
jaringan suka eror walaupun sinyal bagus,5
kurang tampilan pergantian pemain,5
Yah gitu kalo dipres kadang lambat😃😃😃,5
"masalah nya pvp atau vs teman ngeleg padahal smart asis mati,tolong berbenah konami, selebihnya oke",5
dondlod muter Mulu gajelas pahal udah pke data,2
Mimin Ter kece terbaik tolong tambahin super league Indonesia min 🙏🏼,5
"pembaruan kali ini sangat memuaskan, event yang gak pernah bosan dan main gamenya gak bosan bosan.. bnyak gratis buat pemula sangat bagus.. terimakasih Konami event kali ini bener bner wow bagus bangettt😘😘😍😍😍",5
Tolong liga Indonesia dan club Indonesia nya tambahin biar semangat terus,5
gajelasss,1
"update per tanggal 9 April 2026 terlalu besar,gak terpikir dengan otak",1
lebih dibanyakin lagi gratisan nya min lopyu,5
sayang nya kalau buat main harus sinyal bagus,3
mantappp bangett,5
"Kenapa Tidak bisa mendownload game ini di hp redmi 9c, pliss kasih saran aku ingin main",5
kenapa eror gini lawan ai dianggap ga bisa ganti tim kok aneh sii,1
sumpah ni game lama pengunduhan pas login semoga game ini sepi,1
"secara keseluruhan, gamenya bagus sih. Dan sering update. hanya kurang di performa jaringan, kadang koneksi jaringan sering turun parah. juga dari pemilahan Lawan yang seringnya lambat juga ga seimbang saat main PvP, kadang lawan terlalu jago/kadang kita terlalu jago. Tapi untuk keseluruhan, bagus. tinggal nunggu Liga Indonesia yang akan ditambahkan dan sudah dijanjikan itu😅",4
lama lama membosankan semakin gk menarik pemain masih itu itu aja yang d kasih pembaharuan nyah ngerampok,1
"pensi lh, game bngstttt",1
game nya bagus ada Indonesia,5
gimana nih min udah update berulang kali sampai ngahabisin kuota 5 GB kok di ulang terus padahal keterangan nya cuma 2GB,1
Bikin bisa komunikasi dong saat lawan pemain di pvp nya biar gereget,5
Game sudah bagus...tapi suka lag saat di depan gawang lawan,5
bagus baget GM nah,5
bagus saya gak perlu komen panjang panjang,5
lisensi kalah dari fifa,5
mantap 🤣,4
jaringanya tolol down sendiri najis,1
jadi konami fitur bertahan di saat kita di serang itu cara saya bertahan menggunakan fitur tekan analog bersamaan membayangi jadi pas saya tekan keduanya secara bersamaan pemain akan otomatis membayangi lawan.namun setelah update kamis ini fitur tersebut kenapa di hilangkan. jadi saya gak bisa memakai fitur itu lagi jadi susah membayangi pemain lawan.dan kenapa di hilangkan fitur itu. kenapa gk smart assis aja di hilangkan. jadi saya memohon kepada konami tolong di kembalikan fitur membayangi.,1
"kalau secara tim bagusan fc,grafik efootball,tapi masih bagusan fc karena enteng mainnya",4
GAME SAMPAHHH,1
"overall gamenya masih aneh, masa tiba tiba pas main pvp online jaringan gua stabill tiba tiba laganya dihitung kalah pas musuhnya yang lag, padahal pas main di game online lain ga pernah delay",1
"setiap ada event gratis spin gak pernah dapat pemain bagus, kenapa konami? niat gak kasih hadiah. seburuk itukah akun ini hmm",1
seru tapi saya agak g terlalu suka karena hp saya kentang g cocok karena nge lag,4
"semangat terus Konami,,",4
tolong sinyal nya ni diperbaiki min,5
bad update,1
apa sih anjirrr... memaksakan setiap Kamis pembaharuan,2
unistal aja tod,1
update terlalu sering dengan data yang lumayan besar gameplay sering lag patah patah,3
"game ini beraffiliate dngn iblis, hanya segelintir orang waras yg tidak bermain game ini, tidak ramah untuk kesehatan mental jika ingin gacha pemain langka",5
game tolol gw main kalah terus kapan menangnya,1
Konami please give big time Cristiano Ronaldo 2008 undapte effotball 2026 please🙏🙏 pepe epic,1
good game 👍,5
"Mei 2022 aku main PES sdh mencapai level 91 pada kampanye, hampir level 92, niat sih sampe 100 mndadak jadi efootball 2023. Heran bgmn bisa bola yg dioper/tendang k depan eh malah k samping/k blkg... suekkk, trus yg dibri umpan bukannya ngambil bola malah lari ninggalin bola. Thapan step buka game trlalu bnyk, brtele2, lambat bikin tdk asyik, game jadi mnyebalkan, hhhhh, membosankan update mulu. Knp yg di divisi atas turun lagi tiap ada pmbaruan. ditekl dr blkg di ktk pnalti lwn knp tdk dihukum",3
"bagus, cuma event nya terlalu dikit hampir tiap kamis event nya ya cuma liga Inggris/Spanyol/italia, untuk liga pvp berikan fitur seperti akumulasi kartu, biar tambah keren",5
Coba sekali-sekali update dengan liga champion,5
game ampas hilang akun saya,1
klu boleh hilangkan smart assit. biar kebiasaan buruk ini ngak sampai tua😀,5
"konami babi knapa pelit sekali ama pleyer lama, pdhal kta yng meramaikan saat masih spi",5
"mengapa punya saya sudah habis download, trus mau download file tambahan lama betul, tdak dapat lgi",4
sangat bagus gerafiknya tapi jaringan jadi ngelek parah dan juga gemplay nya sangat bagus tolong di rendahin iy efootball biar yg hp nya ram nya kecil biar ngerasain juga tolong iy efootball 🙏🙏🙏🙏🙏🙏🙏,3
bagus tapi update nya gak ngotak GB main nya,5
"ini kenapa sih udh 2 kali update besar tapi ga jalan2 loading nya bgst,game banyak script+pay to win+banyak bug+banyak masalah",1
saya sih ada keluhan tapi saya kasih bintang 5 kenapa?? gini ya pas waktu update ngulang teruss tolong ya lancar kan soalnya jaringan lancarr hp lancar semua tolong ni untuk Konami segitu keluhan dari saya🙏🙏,5
kolo bola keluar/out kasi bisa gerak ke kiri atau ke kanan orangnya supaya enak oper bolanya.,5
kaga bisa di clone lagi 😌,1
pelit,2
"update mulu, mana maintenance setiap kamis",1
Game paling Pelit banget spin kg pernah dapet,1
"sinyalnya buruk banget, tolong di perbaiki",5
"seharus nya anda punya cara yang lebih bijak supaya game ini level kesulitan nya berbeda-beda! jangan level lebih tinggi di batasi jaringan nya! jadi banyak nge-leg yang ngak masuk di akal, pemain jadi susah di kontrol gerakan nya! JUST BE A SMART DEVELOVER",1
"bagus , tapi kadang ngelek, trus tolong upgrade selebrasi gol dong, bosan , cuman gitu2 aja dari dulu....",3
game nya asik +,5
"knpa ya kalau main game ini cepet panas ke hpnya tapi main ml biasa aja,tolong perbaiki",2
tidak bisa di update,1
tambahkan komentator indonesia dong min🙏🏻🙏🏻,5
game ini sudah bagus. tapi sayang tidak ada liga Champions. uel. piala dunia antar club. jadi membosankan. main liga liga lokal,4
Server tdk setabil sulit jmpa lawan,5
tolong di benahi AI defence,5
gime sangat bagus GB,5
seru maen game Effotball,4
"Udah bagus, cuma ada fitur setelah pertandingan itu rating pemain. Cuma ratingnya aja, dulu ada statistik lengkap jumalah operan tendangan segala macem di tiap pemain nya... sekarang diilangin.",5
tambahin liga 1 Indonesia,5
"aku kasih rating 5 supaya kebaca komen gua,hei effotbal,analog nye kenapa bego,gajelas ni game,analog sering ga kepencet pdhl dah di pencet,ternyata hape gua nya samsung j2 prime🥲🥲",5
Please strengthen the server when playing PVP because it interferes with winning the match. di-update makin lama dan makin banyak memakai kapasitas ram ponsel,3
koneksi selalu tidak stabil,5
"update busuk, di update gbisa, download ulg pun gabisa, padahal device bagus, jaringan ok, ahh",5
kenapa gk bisa masuk ya padahal udah ku update tapi tulisanya unduhan selesai tapi gk bisa masuk,1
Smart Assist dihilangkan aja kocak,1
gemes tolol,5
"add carrier mode there will definitely be more people playing this game, but if not, it doesn't matter if you want more people to play this game, just add a career mode, overall it's a good update now starting from gameplay and others, it's just that there is no career mode, if there was one it would probably be more interesting, that's all, thank you.",5
"barusan di update ke versi terbaru malah didalam aplikasinya disuruh download lagi, pas ditungguin malah gak gerak persenan nya. gue hapus, niatnya buat restart pas udah ke instal game nya, disuruh download file tambahan lagi. mana file nya download lewat google play store pula. kalo jaringan hilang gak muncul lagi persenan download file tambahan nya. yang muncul cuma tombol uninstall sama mainkan. update yang mengecewakan, player nya juga mungkin setuju sama pendapat gue",1
min kok lama download nya,4
woi konami gua nunggu pengunduhan gak nambah nambah ngunduhnya secuil pun gak nambah buat nunggu lama ayo konami padahal saya pake wifi loh,1
selain liga saya tambahkan juga ajang seperti liga Champions nya atau liga uropaleague,4
lumayan aja buat nemenin kalo begadang,4
liga indo sekalian min,5
"perbaiki game nya, lag pas lawan bawak bola sudah goal malah bagus lagi dia, SA D ban aja akun nya",1
seru folllll,5
Game seru,5
"game nya bagus,, tolong masuk kan liga indonesia... era galatama seperti psis",5
game ini sebenernya bagus tapi setiap update besar besaran besar banget mbnya malah sampe gb jadi ga cocok buat hp kentang,4
tambahin liga Indonesia seru tuh,5
alhamdulillah,5
Game mantaappp,5
game nya oke banyak pemain bansos juga Oke lah,4
Gem nya bagus kok. tapi tolong tambahin logo klub biar nggak bosen,5
makin kesini makin buruk nih game mana akun yg nyangkut gak bisa di maini suuu,1
ga usah bikin event master liga klo ga niat masa tambahan energi nyampe satu jam lebih kocak bgt,1
bagus banget terus karakter nya kaya nyata,5
game bagus enak buat mengisi waktu luang dan buat ngontet di aplikasi² lain rekomen nih game no2 menurut gua setelah game yang gua suka😁,5
coba buat liga Champions dong biar makin seru,3
"konami knp saya tidak bisa login ke game,padahal (download selesai)",5
"gamenya sudah ok,cuma ada ngelegnya pas tanding di divisi, pemain yang kita punya lumayan lambat di banding lawannya.pemain sangat berat di segala bidang.",5
Game nya bagus tolong min kasih Liga 1 indonesia biar makin seru,4
mantap sangat menikmati game nya tolong lh gratis koin kuning nya banyak,5
woyyy pembaruan teros nyg datane ilang,1
"mkin aneh gameplaynya, pemain ska plonga plongo, enak main di AI ajj akl ol dahlah kek mikul beras",1
"woi konamex , tolong perbaiki lah make apk clone kasian yang punya akun kecil sampe 2 akun sekaligus masa tega bener gabisa update di apk clone versi playstore / bawaan hp , tolong segara di perbaiki untuk masalah ini!!!",1
makin parah aje,1
"game bagus, sitem nya bagus ga kaya game sebelah, udah ga kaya dulu lagi, makasih dah konamiii😘❤️❤️❤️❤️💖💝💝💝",5
"di offline nya dong bisa gonta ganti stadion, walopun stadion belum mewah.",5
gm ny พนำยำ,5
game hiburan sehabis pulang kerja. bagus,5
sangat mantap gamenya 🤟,5
setelah update makin gajelas,1
ini knp ya sy gak bisa update dari tadi ya? gimana ini sy mau mainin,2
ok grafis bagus cuman format liga eropanya ngk lengkap,5
"over all game play sudah lumayan bagus. mohon usahakan lisensi UEFA Champion. Club seperti Manchester City, Liverpool, Bayern münchen, AS Roma, Napoli, Juventus, Real Madrid juga kalo bisa usahakan kontrak kerjasam lagi.",5
semoga gameplay semakin lancar walaupun jaringan lemot 😁,5
saya sangat suka dengan game ini sejak usia dini saya berharap game ini jangan terlalu banyak GIGA BANK nya,5
tidak seru,1
Game nya makin banyak update makin ngelag spek hp saya jelas udah bagus tapi heran kok ngelag mulu,1
"ini game kenapa lagi dah,, udah update 2,5GB gak bisa login anjer,, malah rusak nih game",2
"efootbal main online rusak, banyak main jaringan",1
mantap sudah pembaruan,5
"baiklah,secara keseluruhan bagus banget ,saya suka 😇",5
nunggu liga indonesia si,5
masukan juga voice pada saat pertandingan dong supaya lebih seru ini sudah berapa tahun nga update voicenya supaya bisa bicara langsung dengan lawan. saya kasih bintang 3 dulu nanti klo sudah update voice baru kasih bintang 5,3
ga jelas akun clone ga bisa dibuka stuck di 0% update ga jelas monyet,1
"ni kenapa di update kagak bisa malah stuck 3 persen Mulu,kocak",1
lebih seru lagi bisa edit logo sama Jersey,5
"games that i like,my suggestions,it would be more interesting and exciting if Indonesian language commentators were added",5
Konami tolong dong pemain kartu legend pink mohon ditingkatkan lagi karena itu koleksi paling bagus,4
update lebih bagus,5
biarkan bintang yang berbicara,5
sangat 👍,5
bagusan fc mobile,4
"bagus ini game , semoga selalu di tingkatkan ya game nya untuk Jersey mungkin club"" besar blum pas untuk Jersey , cobalah Jersey yang aslilah",4
Game play nya bagus mantap tapi aku cari Bayer ga ada ya ada yang tau ga nyari nya dmna?,4
"baru download lagi eh pas mau masuk di suruh update,kenapa GK tdi aja sekalian versi terbaru nya kocak malah harus download 2 kali",1
sangat menyenangkan bermain saat di waktu senggang..,5
offline dong,5
mantap josss,5
game terbaik sepanjang masa,5
"tolong jangan terlalu sering di apdet, di apdetnya seperti donlod game baru lagi lamanya minta ampun, abis di apdet malah semakin berat",5
update terlalu besar anjg,1
lemot........ kalau vs lawan bukan komputer/AI,1
kapan support gamepad controller?,5
"Konami ini kenapa ya efootball ku ga bisa login ada tulisan pengunduhan selesai tp 0% Mulu dah habis update ini,saya kasih bintang 5 tp tolong direspon yaa 🙏🙏",5
update C Ronaldo in MU and madrid,5
"secara gameplay, grafik dan komentator nya sudah bagus banget. cuma tolong admin lebih rendah hati lagi ya, jangan kikir dong atmin, dan tambahin selebrasi lainnya yang lebih keren ya",5
GAME KESAYANGAN KITA MWUAHH,5
gameplay bagus hd dan bisa untuk semua kalangan,5
kapan nih mau ada liga Indonesia nya,4
"knp kalo udah waktunya habis terus di lanjut sampai musuh nya menang,gak adil banget",5
Bagus banget,5
"bikin dong liga champion, jngn cuma liga",4
masa kiper saya golnya 0 sihh😡😡,5
"lemot selalu lag. pakai Wi-Fi lag pakai data lag, ini game maksudnya apa",1
makin kerennn,5
"tolong developer, untuk jersey tim nya di perbaruin dong",4
pay to win,1
cukup mengrawrrrrr kann😮‍💨,4
coba game ini bisa onmic bisa + seru,5
"grafik oke,sayang gak bisa main pakai stik ps3 ketika main lawan pengguna lain,masih banyak kekurangan efootball ini",2
gamenya keren. bantu supaya mudah mendapatkan pemain epic. karna akun saya tidak pernah dapet pemain epic.,5
"lama banget, tambahin satu pemain baru dong namanya panjul pepsodent",5
gemnya enak tapi kalok asal main lawan PVP keluar sama kalok spin udah ada bacaan short time bala yg keluar pemain setandar dan asal main ngelek² dan percuma ada pemain bansos tapi di spin tidak dapet dan keluar asal mau dapet dan akhirnya tidak dapet deh aduh konami²😭,2
■ Pembaruan dan Penambahan ・ Menambahkan berbagai jenis data baru untuk Liga Super Malaysia. ・ Lisensi diperbarui. ・ Memperbarui beragam data dalam game. ■ Perbaikan dan Penyesuaian Gameplay ・ Beragam penyesuaian gameplay diimplementasikan. Perbaikan untuk masalah-masalah lain juga diterapkan dalam pembaruan ini. Lihat bagian Berita dalam permainan untuk informasi selengkapnya.,5
Gema nya bagus,5
"Harapan Saya Untuk Bisa Ada Master Lga,, Mode ini menghadirkan pengalaman manajer klasik, lengkap dengan UEFA Champions League dan Europa League, serta dukungan mod untuk memperbarui pemain dan stadion.",4
mantap sih,4
lebih hd mirip ps3,5
di playstore udah di unduh..bagin login na ..harus ada yang di unduh lagi ..malah jdi lama bangggeeeeeet ngunduh nya🤦🤦🤦🤦🤦🤦🤦,1
idola batul,5
"cba adain turnamen kayak yg sebelumnya,pemain yg udah d mainkan gak bisa d pake lagi,seru tuh jdi pake pemain seadanya",5
game nya bagus soalnya soalnya saya gak main game lain selain game ini,5
udah ada perubahan yg cukup oke👌,4
masih kurang maksimal di saat main onlnie sering kendala di jaringan masih kurang puas,3
"kenapa tiap gatcha selalu dapat ampas ? lagian aneh banget ngeluari pemain bagus buat gatcha tapi perbandingan gak makesense bgt, masa 1 : 150, ampaaasss bgt, gajeee",2
sudah 90%updata malah mengulang lagi.. dasar tolol,1
tolong tambahkan liga Indonesia,5
"tolong setvernya yang diindonesia dibenetin, percuma update banyak tapi jaringan selalu terputus sinyal bagus gak jaminan",1
Lebih bagus daripada FC mobile / Better than FC mobile,5
sangat memuaskan tapi kadang setelah apdet kontrol nya suka gak stabil..,5
update 2 GB lebih ga kelar² udah 2 jam gila padahal sinyal bagus 5G loh,3
"game paling baik untuk yang punyak uang, bagi yang belum punyak uang hanyalah penumpang",5
tolong tambahkan mode career,5
Selama hampir 2 tahun game ini menjadi hiburan bagi saya,5
Gamenya bagus Grafiknya bagus Tapi saya mohon tambahkan Pemain pinjaman nya seperti Terstegen Dan lain lain nya,5
seru banget permainan bola ini,5
kenapa clone dihapus kami memainkan 2 akun berbeda setiap biak gak bosan tolong konami,1
"SERU , BAGUS , MENARIK , MENYENANGKAN . TAPI MENURUT SAYA HARUS LEBIH DIMIRIPKAN LAGI PEMAIN NYA BIAR LEBIH SERU TAPI RUGI KALO GAK DOWNLOADS. DAN DIBERI KOMENTAR BAHASA INDONESIA, SUPAYA LEBIH NYAMAN BERMAINNYA BAGI YANG TIDAK TAHU BAHASA INGGRIS. 🙏🙏",5
pembaruanya wooowww,4
woylah konami,1
"Saya tidak bisa masuk ke dalam game, apakah ini bug atau bukan? tolong segera diperbaiki, jika masalahnya karena Master League lebih baik hilangkan saja. Jangan sampai player berhenti bermain karena mereka tidak bisa membuka efootball lagi.",1
akun clone gak bisa,1
"bagus permainannya, tapi kenapa pas main sering nge leg",5
game yang buat kita nostalgia masa kecil,5
skrip💔💔💔,5
"game tololl, di update malah tertunda mulu ngtd",2
bagus untuk main game ini,5
"cacat , skemmm sistem ampasaa",5
Good job,5
cukup bagus sekali,5
ini game sudah bagus tapi tolonglah musuhnya yang agak seimbang ovr nya,3
sangat menarik,5
makin hari makin jelek permainan dan saat mencari lawan tidak jelas,1
event nya bagus sama pemain nya gacor,5
okee,5
"Saran dari gua nih jangan update tiap Minggu,emg ga bosen,guanya jadi males klo tiap Minggu update terus,apalah pemeliharaan server Mulu tiap Minggu,bikin jadi males main",1
tolong kenapa tidak bisa di update pas di dalam game?,4
"update nya gede banget sampe 2,4GB lama lgi update",1
jossss bro,5
"liga jadi lebih sulit, kendala sinyah kurang stabil",2
"Game dengan System algoritma TERBURUK. lu main sudah pasti 100% di script ama konamek, siap2 aja bakalan nemu hal-hal yg gak masuk akal di in game. karna sistem nya emang berdasarkan script, bukan apa adanya. kalo ada bintang Nol, saya kasih 0. Pemeliharaan terus menerus, tapi pas main selalu ngelag dan respon nya lambat.",5
"Gamenya mantaf, tapi ketika main dgn lawan yg di atas lepel kita, suka ngelek..",5
ini game yang paling mantap saya rasa.tapi di bagian gacha nya akun saya ampas terus😭,5
gamenya bagus mulai dari fitur serta tampilannya. tapi sering macet ketika jaringan bermasalah.,3
"gak bisa login setelah update terbaru, update uda selesai di play store pas masuk malah suruh download lagi dan stuck di 0% gak nambah² uda di tungguin aneh",1
lama lama game ini nggk lay kalo makin lag dan update terus,1
udah toplah diperbanyak lagi aja event nya soalnya itu yang bikin sebuah game jadi menarik😁,5
liga Indonesia tidak ada,2
"gamenya udah sangat bagus salah 1 game yg buat saya pribadi hampir lupa kalau masih ada game lain seperti mobile legends dan pubg, tapi tolong konami mohon di perbaiki lagi sistem bug dan servernya kalau untuk lisensi ya sudah bisa di maklumi ajah terimakasih konami 🙏🙏",5
gak ngotak banget pas pembaruan/update.,1
muantapp 🔥🔥🔥😱😱😱😱,5
untuk jersey tim tim yang lain mohon di asli kan biar lebih seru dan stadiun nya ditambah klo bs atdiun asli para tim sepak bola nya,5
"ini udah bagus semuanya tapi cuma kurang nya di update nya wkwkwkwk, banyak banget yang harus di update tapi udah oke semuanya",5
kenapa untuk download updatenya malah stack di 3%?,1
"Game gajelas, jaringan bagus tiba tiba lag, soal grafik pemain dan penjualan pemain no 1, tapi soal bug jaringan gapernah di perbaiki",3
"game bagus, tapi sering delay.... padahal signal full.... janganbdibikin sama² gangguan dong min.",5
game nya bagus tapi tolong kasih liga indonesia juga ya,5
"gak jelas update terus, dan sekai update menghabiskan kuota",1
"please lah min diperbaiki perihal koneksi nya padahal ni ye koneksi kita bagus tapi kok bisa ngelag😭 jadi terganggu mainnya buat emosi apalagi lawannya PVP aduh hanjur x satu lagi tolong diefesienin data nya min hp kita gak semua bagus"" ada jadi terganggu banget dengan data penyimpanan yang besar 🙏 agak di dengar dulu yahhhhh",2
wow pokonyamah kalo sinyal lancar,5
apdet nya ga ngotak su,5
udah di update malah gak bisa login malah nge stuck di pengunduhan di dalam game,1
update lwt hp malah habis 10 GB blm selesai.. game apaan,2
lama loading download data nya,1
"cara downloadnya makin ribet, ngapain harus download data in game?",2
"ada liga super malaysia kenapa liga super INDONESIA belum ada admin. kamu pikih kasih,padahal player dai INDONESIA sangat banyak",2
sangat bagus sekali itu aja,5
update bulan lalu selalu minus di pemain belakang.CB nya suka bengong,5
aplikasi ORI gak bisa login gimana nih konami,1
saya kecewa terhadap Update kali ini karena penggunaan aplikasi ganda atau clon sudah tidak bisa digunakan. tidak semua orang bisa beli smartphone lebih dari satu. padahal penggunaan APL cloner ga merugikan karena karena konami ID bisa bergatian untuk dipakai di aplikasi aslinya. menyesal saya kemarin melakukan pembelian di aplikasi ini,1
semakin bagus update terbaru,5
Hmm parah,4
Bagusssnyooo,5
kok update saya nggak bisa masuk,5
games bagus cuman logo club nya versi jadul separo,5
kok ngga bisa masuk sih pas pembaharuan dah kelar,1
"setiap update selalu besar, tapi isinya gitu gitu aja",2
makin kesini makin gk enak updatenya lama bnget,1
semoga menjadi lebih baik,5
bagus cuma. KLO update suka kesel ke cancel Mulu,5
Setelah uotade nambah g jelas nih game,5
ga di hina memang sudah hina,1
update gamenya yang gk ngotak hmpir 3gb,3
"pengalaman baru,seru untuk mengisi waktu luang.",5
TERBAIK,5
tolong kalau ngasih lawan jangan yang terlalu sulit..,4
fix lag and bug in online match and people using cheat,1
mudah2an setelah di update jadi bagus lagi untuk efootball,5
"pertandingan divisi vs ai, lawannya di luar logika gak masuk akal dan perbaiki jaringan server",1
bagus tapi kalo update gk ada fitur baru cmn nambah ngelag,4
"minusnya di nge lag tiba2, tiba2 nge lag",4
woy kenapa abis update malah nggak bisa login,2
gmn stuck 0 persen ga bisa d unduh,1
update yang sangat gila sampai 2.5gb,1
kalahnya cuman di maslh jaringan sih jaringan jelek dikit pasti lag ayolah konami di tambah perbaiki lagi gameplaynya,4
godd,5
Game nya bagus,5
"game aneh + lemot padahal saya udah update eh gabisa login, ""pengunduhan 0"" terus hdh banyakin benerin bug",1
"kenapa saya gak bisa update, di update sekarang, stuck di 3%, plis konami kasih solusinya",3
gp bisa digunakan untuk buka pack,3
terlalu banyak update,1
paytowin banget skrg,1
"Proses update sudah 70%+ ditungguin hampir 1,5 jam ech tiba2 ngulang lagi dari awal.. Apa yang terjadi..??",1
semoga hoki akun ku,5
"Game bagus, tapi terkadang ngasih umpan malah lngsung tes ke gawang,, upgreat nya telalu bnyk makan data",4
"delay ga jelas, padahal paketan baru beli, pake wifi juga gitu, jelek banget.",1
"sekali update aplikasi sampe 2,4gb 😵‍💫 please ini bukan download ulang kok besar² amat.",3
game bagus. tpi,4
tambah liga indonesia min tolong,5
coba yg VS Ai selain acara bertema dan liga saya di adakan format seperti liga Champions semakin banyak pilihan lebih seru,4
game paling bagus ini menurut aku,5
"dari segi gameplay udah bagus, tapi tolong coba di liga saya di buat timnya main di kompetisi benua antar club atau tim nasional dan di buat player bisa mengoleksi tropi club maupun timnas",5
Tidak Di Sarankan Buat Yang F2P,2
"adain liga Champions min pasti seru, semoga saran ku di dengar biar tambah keren terus pas tembakan bebas balikin ke semula min jangan yang sekarang kalo ada tambahin paket tim min misal manchester united 2008 atau manchester united 1999 full skuat",5
the best lah,5
koneksi internet bagus tapi saat laga online ngelag. tolong di perbaiki,1
"efootbal memang sangat menyenangkan tapi masih ada yang kurang yaitu klub"" besar sebagain tidak ada tolong lengkapi semua klub"" eropa maupun asia",3
kenapa ngk bisa loginnn euyyy,1
"lagi menang push, tiba2 kalah. benerin bag nya Konami",3
kurang seru kalau GK ada liga Indonesia nya jadi untuk para pecinta game khusus nya warga Indonesia gak bisa bawa logo club kesayangan mereka yg berasal dari daerah nya masing2,2
kipernya biar bisa di kendalikan dong..pas bola tanggung kipernya ga bisa maju..cuma bisa pasrah saja 😀🤭🤦🤦🤦 Tayangan ulangnya dong biar bisa di kontrol biar sampe selesai..🙏,5
tolong dong kalo main divisi skripnya jangan parah2 kali,4
game berat update lama,1
tambahkan liga Indonesia atau ACL yg bisa di pakai,5
kenapa stack di tampilan utama gak bisa lanjut download nya,1
"menurut saya game ini sangat bagus untuk hp ram 4 6 8 ya,dan jika grafik nya tinggi tuhh apalagi,behh.... gila",5
sangattttt enakkkk di mainkan yng kurang hnyaaa grafik jringan nya agak ngelag,5
too many CHEAT is allowed at efootball ... they (cheater opponent) can make a : - Lag Network ... so Wen we attack / defend our player is FREEZE - Out of Network Game ... so we look like quit/abandon the Game... but WE DON'T - WIN without Fairplay ... the Top Rank efootball ...is ALL CHEATER,5
sinyal bagus tapi datanya gak maju maju gue udah ngulang 4-5 kali. gue habis 16 gb cuma download doang sampe sekarang gak bisa bisa,1
klo bisa di bikin liga Champions juga booquu,1
tolong dong logo real Madrid nya di ganti yang asli sama kostum nya,5
setelah update kenapa akun akun di aplikasi clone tidak bisa di buka atau tidak bisa di jalankan,1
"Bagus Semakin elit gamenya. Pengen juga Ronaldo Legend MU, Atau Madrid",5
"Signal signal signal dari dulu signal masalahnya, disini udah bagus kenapa di efootbal jadi gajelas",5
Tolong kalo bisa tampilkan kembali statistik pemain setelah match seperti dulu,3
karena game inì sangat bagus,5
game babi,1
gamenya bagus😃,5
bagus cuman kadang agak kikir,4
siap update kenapa semua clone tidak bisa dibuka parah ini game,1
Bagus kyak nyTa tpi tolong donk diksih kyak liga champion,5
update install 2x lama dan gagal terus,1
please add mode cup vs AI or PLAYER,1
Bintang satu karena tidak bisa dibuka lewat aplikasi clone,1
wasit nya kalau bisa diganti lah jgn itu terus 😄,5
saya ga pernah dikasih hoki kalo lagi spin🙏🏻,1
update nya lama,1
bagus sekaliii,5
apa si gak selesai selesai dowload,1
gabut,5
"sangat baik lagi game ini,apa bila dibuat bisa berbicara degan lawan nya",5
club Masi bnyak yg kaga ada,3
"INI KNP KONAMI KOK LEPAS LOGIN KEK GEM TIBA ADA TULISAN PENGUDUHAN SELESAI TAPI TIDAK"" JALAN"" DAN STACK DI 0%",1
tambahan liga indonesia min sama custom stadion,5
banyakin lisensi min hehe,5
game yg sangat seru banget,5
"oke semua sudah bagus tapi ada satu min,tolong dong servernya diperbaiki secara detail pas main masa tiba tiba keluar dan servernya terputus padahal jaringan bagus aja🙏",5
game cuan,4
"dari sekian banyak game cuma ini game doang yg banyak penyakitnya. update versi 2,4GB, pas di 60% tiba2 gagal download, udah 2x malahan. lalu ketika berhasil di update, buka menu utama efootball tulisan ""pengunduhan selesai"" tapi ngga jalan2 udah 1 jam lebih nunggu. dah cukup sampe sini aja main ini game, kedepannya ngga bakal main nih game lagi.",1
2GB tapi grafik PS,5
game nya bagus dan seru,5
tolong ditambahkan mode transfer pemain dari akun teman,4
game nya seru sih tapi update nya terlalu banyak gb yg dikeluarkan,5
game bola terkeren yang pernah ada,5
"sangat puas,",5
Game kikir masa clone gk bisa lagi,1
game yang sangat keren luar biasa,5
saya kecewa,1
lag koneksi tiba tiba terputus,1
"update besar hampir 3gb ,master league nya ternyata tidak seru sama sekali, sangat kecewa",3
liga Indonesia nya kapan di adakan min,5
"KEMARIN TOP UP 280RB/310 RB TOTAL, ADA BUKTI PEMBAYARAN, KENAPA MASIH BELUM MASUK KOINNYA? NIPU KAH??, TAU GINI MENDING FREEPLAY",5
•tolong buatkan liga divisi (versi duo) •and we need 11 vs 11,2
kenapa di region indo serba ampas dan serba mahal makin ga word it nih game,1
kenapa setelah update ga bisa masuk ke e football ya?,2
yang saya tidak suka di game ini ya itu foto profil nya...,3
Wow The Best 👍🏻,5
"mohon perbaiki bug ya pas main sama teman, gelek Mulu padahal jaringan bagus tapi masih gelek² aj ,",2
"abis update hari ini malah ngebug ngga bisa masuk"" hadehhhhhhhhhhhhhhh, terpaksa ngasih B3 dulu kalo udah bener bug nya baru ngasih B5 dah",3
"game nya udah bagus,cuman sedikit kadang kadang sinyal nya ngleg",5
ini kenapa dari tadi gur update nggak bisa bisa kuota terkuras sampai habis tapi tidak selesai selesai,3
gem ini bagus sekali,5
analog tolol,1
kapan ada Liga 1 Indonesia ?,5
bagus cuma banyak scripp jdi kaya game sampah,4
Liga Indonesia kenapa belum ada? Kapan Liga Indonesia ditambahkan? Apakah fitur cup bisa ditambahkan?,5
Aku suka,5
update seperti instal ulang gilaa update apa ini konami seperti baru download Tooooooloong kalo update itu pembenahan bukan nya tambah error server akses jaringan tolong di perbaiki sebaik mungkin jangan bikin tambah susah .,5
tolong perbaiki lagi koneksi internetnya udah itu aja,5
"saran, tolong rating pemain dibuat seperti di aplikasi fotmob begitu kelihatan pemain dan rating nya. Bagus sekali itu kalau ditambahkan, dan kenapa akun saya gak pernah hokiii😭😭😭😭😭😭😭😭😭",4
mantapp script 🫸,5
コナミのために。ゲームの動作が軽くなるようにアクセス権を付与してください。また、アカウントを5台のデバイスで利用できるようにしてください。アカウントの移行や新しい携帯電話への機種変更には手間がかかるためです。本当にありがとうございます🙏🏼,5
Best game football mobile ever..please add VAR teknologi and hands ball please.. and can chat friend in game lobi before 1 vs 1,5
the best game,5
"masa gw jd 2x ngupdate ga bisa""udh banyak 8.5 gb padahal disitu cuma 2.7 gb doang",1
peningkatan lebih baik,4
"Tolong kalau pergantian pemain ditampilkan dilayar, Jangan hanya ada nama nya aja..",3
Setiap selsai update ada aja masalahnya,1
semua tampilan sudah bagus . cuma kendala disinyal selalu lag,5
gede amat nih update njir,3
STOB SABOTAGING MY ACCOUNT,1
sangat baik bikin ketagihan,5
seru seru seru seru seru,5
". pemain sepid 99 kalah ama seped 70🤦. dapat geratisan sampah🤦🤮🤮🤮🤮🤮🤮🤮🤮🤮🤮kirain dapat epic,ternyatapemain setandar mulu.. 🤯🤯",1
saya harap jaringan nya di perbaiki semoga di baca makasih,5
"gamenya seru cuma kadang sinyalnya down sendiri padahal wifi full bikin main jadi ngendat""",5
game ini sangat seru sampai saya lupa kalo belum sholat,5
mantep,5
game bagus grafik bagus tapi kalo wifi suka ngeleg ngeleg nya tapi sudah bagus juga game nya,5
"gua udh update tapi batal sendiri maksudnya gimna ya,terus ada kiriman harus pakai orang tua gimna ya maksudnya???",2
"woi Konami sinyal gue bagus knpa keluar sendiri terus, kamu kalah koneksi mu buruk , padahal gue udh menang 4-0 , 3-0 tiba tiba kelurahan kamu kalah hadehh , gmna mau naik divisi klo tiba tiba kalah",5
geme bagus,5
gamenya mantppp gas truss updatenya,5
"Gak bisa di update!!!!!!!!!!!!!!!!!!!!!!!!!!!!!!!!!!!!!!!!!!!!!!!!!!!!!!!!!!!!!!!!!!!!!!!!!!!!!!!!!!!!!!!!!!!!!!!!!!!!!!!!!!!!!!!!!!!!!!!!!!!!!!!!!!!!!!!!!!!!!!!!!!!!!!!!!!!!!!!!!!!!!!!!!!!!!!! !!!!!!!!!!!!!!!!!!!!!!!!!!!!!!!!!!!!!!!!!!!!!!!!!!!!!!!!!!!!!!!!!!!!!!!!!!!!!!!!!!!!!!!!!!!!!!!!!!!!!!!!!!!!!!!!!!!!!!!!!!!!!!!!!!!!!!!!!!!!!!!!!!!!!!!!!!!!!!!!!!!!!!!!!!!!!!!!!!!!!!!!!!!!!!!!!!!!!!!!!!!!!!!!!!!!!!!!!!!!!!!!!!!!!!!!!!!!!!!!!!!!!!!!!!!!!!!!!!!!!!!!!!!!!!!!!!!!!!!!!!!""keesokan harinya bisa""",5
update teruss padahal tidak ada yang berubah sama sekali apanya yang update,3
mantap suka dengan gema nya,5
Pay to Win kalo mau push divisi... Lag nya makin parah bukan cuma PvP tapi VSAI pun sering lag... Parah,1
"coba ada menu edit, untuk racikan pemain",5
ini permainan bola yang paling bagus,5
mantab. Asyik. cuma sulit ingin punya pemain favorit.,5
sangat memuaskan kalau bisa tambahkan transfer pemain ke teman agar bisa saling transfer pemain,5
saran dari saya kalo bisa liga indonesia di adakan biar tambah seru permainanya. dan satu lagi kenapa kalo lagi main online selalu ngeleg sebaiknya di segera di perbaiki lagi soal jaringanya,3
dikit2 update mulu mana gede2 lg filenya. maen jg sering ngelag,3
Ruwet,4
"Menurut saya eFootball adalah game sepak bola mobile paling realistis. Dari pergerakan pemain, strategi, sampai animasi sangat detail. Developer juga rutin update, jadi game terasa hidup. Semoga ke depan server makin stabil",5
game tai gacha ampass,1
tambakan pemain epik,5
terlalu sering update tidak penting,1
"Jujur ini game emang game paling aku suka di banding game lain,, hanya saja minusnya tiap update itu sekali seminggu, dan update pun harus download lagi, boleh ga ya kalo update itu ada hal baru di tambahin, contoh champhions UCL bolehlah tuh, pokoknya turnamen lain CWC, CDR, atau lain nya lagi, tapi saya lihat update terus tapi perubahan juga gitu"" doang, Bahkan beli Pemain pun harus nunggu koin Gold nya banyak, dan itu susah kali di dapat, kan ga ekspect",1
BETTER FIFA,1
"update terus lama iya ,tapi buruk",1
jarang dapat pemain epic... sungguh game mengandung perjudian,5
ini kok makin lama makin banyak ya penyimpanan nya pusing gw,4
"untuk gacha nya terlalu susah parah, sisanya sih oke semua aman aman aja.",5
efootball always the best game,5
Gem sangat bagus sekali tambah liga Indonesia,5
hampir semua game bola di playstore aku mainkan cuman efootball ini yg bagus aku main kan!,5
ngasi lawan yang imbang la . jangan ovr 3200 lawan ovr 3100,5
udah 78% malah ngulang dari 0%,1
ga bisa login stack logo,2
intinya kacamata yang baca kaya monyet,5
kenapa dari tadi sitem updatenya ngulang lagi pas di kem baliin dari play stor,1
Nambah hancur,5
"Game selalu aja berat dari pemain lalu server yang tidak beraturan, coinami selalu mengeluarkan kartu terbaru namun tidak pernah memperbaiki servernya dan gameplay nya yang selalu memberikan pengalaman buruk. para pemain selalu diharuskan top up untuk bersaing dasar game kikir!",1
semakin keren game nya,5
best of football games,5
ngak bisa masuk setelah di update,2
kurang menyukai yang gratisan,1
please my APK STUCK in loading screen!,5
sangat Bagus,5
game nya keren dan gaya gerak juga jernih meskipun sering nge ngelage tapi sensasihya enak dan kayak main di PS 3👍👍👍,5
game di saat gabut...,5
game sudah bagus tolong tambahkan Cek VAR,5
Apakah hari ini di update kok gak bisa login,5
update mulu kan jadi berat,1
"bagus, cuma kadang online suka tiba tiba keluar padahal cuma ngelag dikit",5
makin parah g bisa login akun clone,1
Konami minimal kalau update jgn buat sensara Napa pake download file segala,5
"Gem penyakitan masa stuk login mulu, update tiap minggu baru bug, gk bisa selesai in",3
efootbal bagus real litis mantap,5
"tolong adakan mode knock out atau play off sistem gugur biar ga bosen main liga saya terus, dan perbanyak lisensi, kalau itu semua sudah di wujudkan ini game akan menjadi yang terbaik",3
pemain statistik CF sped 100 kalah dengan bek yang punya sped 80 an,5
makin gak jelas ajh ni game masak iya ada penambahan iklan nya bukan nya nambah turnamen lain nya lama2 peminat berkurang ni game pembaruan terus apa2ann game ini bikin berat makin berat ajh ehhh,1
overal pes semakin di depan. real game,5
"dahlah capek,game nya udah mulai rusak🙂🥲",1
Kenapa tidak bisa update ya,5
"as game no. 1 on my cellphone, and as a loyal efootball player I ask for the efootball party to change the contract extension was done using GP because I really had a hard time extending the player's contract and made me rarely play efootball because the player ran out of contract please accept it 🙏🙏",5
MASUKIN DATA LIGA KONOHA MIN,5
game tolol saran mending hapus aja jatah login ga perlu kasih jatah,1
bagus sekali game nya,5
gacha busuk terus,5
"gameplay bagus, pemain gratis op tapi masalah utamanya servernya suka ngelag",3
"busettt dah, skali update ngerampokk",4
"kalau bisa, tolong tambahkan untuk mengedit baju sendiri",5
game bagus tp kapasitas terlalu besar.. jadi tidak semua orang bisa main,2
tidak ada liga 1 Indonesia,2
bagus tapi terlalu sering update,3
game tambah besar tambah lemot,1
saya sangat suka bermain game ini tetapi perangkat saya tidak mendukung dikarena ukuran game yg cukup besar,3
game macam apa ini,1
Ok lah,2
bagusssss,5
sangat asik dan bisa main dengan teman dan kerabat,5
"di update terus bukannya tambah bagus malah tambah buruk aja nih game play nya, mana ngeleg lagi kalau main pvp, mending saran nih buat Konami buatin game play nya yg bagusan dikit lah biar nyaman buat kita para player",2
baru download kemaren balik dari semula,5
ga bisa masuk aneh Konami Konami,2
mantepp bangettt ni gamee,5
tolong hapus smart asis meresahkan sekali,1
Update 2.5 gb apaaan!!!!!,1
seru apalagi kalau ada format liga Champions nya,5
"kritik sedikit hanya jaringan nya aja yg harus nya di permantap, dan pemain bolanya harusnya bisa membuka mulut atau setidaknya nya bercakap",5
"aduh udah makin berat aja, ga dari aplnya dari sistem gachanya juga",3
"Game nya bagus,tapi kalau masalah gacha agak susah untuk mendapatkan pemain yg bagus",4
"Untuk segi permainan udah lumayan bagus, cuman kalo bisa request pengen ada fitur selesai permainan ada wawancara untuk pemain man of the match, dan juga di tampilkan untuk pergantian pemain selebihnya udah lumayan cukup bagus, semoga request tadi tersampaikan dan di terapkan di efootball",5
analog nya kadang tidak bisa di click,1
"Makin sini makin berat ajah ini game, hp udah ga kuat",4
"Oy konami,susah bnget njir mau main dari tadi,kalau main susah terhubung atau server di batasi,mending jangan di buka dulu game nya,biarin pemeliharaan dulu,kayak gini nggak nyaman jadi nya",5
game bola terbagus yang pernah saya mainin,5
makin kesini makin banyak banget iklan nya payah makan waktu lama untuk main nya juga,4
tara game nya,5
"udah sering selesasi pertandingan tiba2 muncul icon loading, trus tiba2 dinyatakan kalah karna jaringan. padahal selama pertandingan jaringan lancar, bahkan sampai selesai pun aman. lucu y game nya tolong diperbaiki",1
lama update nya,4
masih sering lag padahal ruang penyimpanan masih cukup dan sinyal bagus,3
"update terus,kacau mana makin kesini makin loading nya lama bet",3
game nya bagus banget tapi.penyimpanan nya agak di kurangi kalau nggak pemain EFOOTBALL yang HP kentang bakal uninstall,5
tolong perbaiki dari segi jaringan,5
update 2gb kaya download ulang,2
sangat bagus dan banyak update,5
dowlod nya sampai 3.8 gb,1
"Kalau bisa ditambah ""Master League"" pasti lebih seru, semoga terwujud",5
saya no coment.. yg jelas gem ne buat hari2 saya tak kosong.,5
"gw kasih bintng 5, bismillah pemain epic.",5
tolong nama dan foto klup real madrid di ganti,5
Mohon beri saya pemain yang bagus min susah banget gacha gratisan,5
kalok update gak usah banyak kali lah Konami abis data awak,4
game laknat,2
bagus gak kaya FC 🗿🗿🗿🗿🗿🗿🗿🗿🧢🧢,5
"dari segi gameplay dan yg lainnya dah oke,tapi pas masok ke match malah patah² + ngeframe biasanya aku main gk pernah ngalamin,tolong lh dioptimalkan",5
"gameplay bagus tpi main liga teman jaringan suka jelek, patah patah bngt tolong diperbaiki update makin besar , hp ram kecil lama kelamaan ga bisa main. yg ram tinggi aja suka patah patah",4
untuk update jearsy kurang lengkap dan untuk mendapatkan pemain sangat susah,4
brisuperliga di adain dong,1
"setelah vakum sejak 2022, terus install lagi ternyata gamenya masih sama ngelag kalo lawan PvP.. masih banyak yg main jaringan dan gameplay berat 😅😅",1
level makin tinggi bukannya permainannya makin bagus eh malah wasitnya makin buta+kalah stamina padahal pemain bagusan sini gk jelas banget game nih,1
banyak bug nya apalagi klo abis update game taii,5
"uninstall dl dah,gila updatenya nanti download lagi kalo hp nya udah kuat",5
game p2w saya GK dikasi hoki 😶‍🌫️,3
kurangin data game nya dong,4
seruuu bangetttttttttttt wajib donlod pokonyaaaaaaaaaaaaa mantap emang efootball iniii 👑👑👑,5
gem bola palingg the bestt,5
"geme nya makin bagus, klu bisa tim² lain bisa gabung liga yg berbeda",5
"Tolong tambahkan liga indonesia, karena orang indonesia yang paling banyak memainkan game ini",5
tolong hilangkan scrip,5
Konami coba dong kasih ada liga Indonesia kalau bisa juga komentator plis semoga di baca,5
tolong adain handbol dan pemain cedera pasti lebih seru,5
"Udaah madep, cuman gabisa turnamen liga kaya dulu",5
Mau ngasih kritik aja nih - wasitnya yg jelas2 aj...pelanggarannya di liatin masa udh main tiba2 langsung kena kartu -klo bisa wasitnya ikutan main supaya kayak asli -donload nya jgn mahal2 lah...klo game nya murah pasti banyak yg mau donwload -klo bisa pergantian pemain di nampain biar kyk asli -club nya ditambahin... -LIGA INDONESIA DITAMBAHIN #AS ADIL,3
game nya sudah oke baik mumpuni tinggal kurang VAR,5
jirr lah masak kouta banyak 5GB'an tapi sinyal nya patah² tolong di perbaiki ya konami (inpo bewan efootball),4
bug tk bisa nginstal,1
game jelek dah itu aja,4
R. I. P clone,1
remove smart asist,1
bikin muak. slalu Upgrade . membosankan...,2
anywhere anytime ❤️,5
"Mantap lah, sok tingkatkeun deui👍",5
"bagus nya gol siaran ulang pertama jangan bisa di skip, karna semua orang pengen melihat nya",4
terbaik sangat,5
koneksi servernya parah cik,3
"why can't I open the game?, I'm not using a clone app or anything in similar, this new update is really that bad?, can you work on this quickly?, I bet I'm not the only one who struggle through this problem",1
Yg mau stres Silahkan Download Game ini...yg cuma utamakan Cuan aja.......Mending Hapus aja...,5
1 juta unduhan cuma ngasih free gacha 23x itupun isinya 250 pemain?GAME KIKIR TOLOL,1
game mantap polllll,5
game yaa sangat bagus,5
gameplaynya sudah cukup baik cuma mungkin utk lisensi dan logo clubnya hrs di perbarui supaya lebih banyak pilihan teamnya dan penih asik bermainnya,4
setiap update gede bgt kapasitasnya hampir 3GB,1
game gajelas makin kesni mmakin berat ada aja pembaruan sama unduh data trus jaringan bagus jga main patah patah,1
"gameplay mulus banget, trs overallnya tinggi tinggi",5
"good game, but why i feel like the Ai so good like prime Barcelona",5
Konamekk taeee......perbaiki wasit nya konamekkk,1
gamenya bagus enk di maininn,5
sangat memuaskan game ini,5
"saya suka sama game ini , cuman kadang lagi enak"" nya main sinyal hilang sendiri..... SMG makin menarik dan lebih berkembang lagi. seumpama ada komentator dr Indonesia pasti seru ...",5
Game yg bagus semoga semakin kedepan semakin bagus perbaruan yg bagus,4
Top daaah pokoknya,4
"dari dulu juga kendalanya jaringan,jadi tidak sepenuhnya tahu kualitas game ini,terimakasih KONAMI",5
game aneh,5
sehabis update ini saya tidak bisa main Konami bagaimana agar sya bisa main lagi,2
"saya tidak bisa login ke akun saya setelah update, padahal saya menggunakan aplikasi original",1
"kendalanya cman satu di jaringan apalagi maen di divisi, klok soal fitur yg mantap",4
vamosss,5
tidak bisa login hapus saja,1
game nya seru grafik nya bagus dan enak dimainkan,5
Sangat bagus,5
"gajelas game, tekan terobosan oper tekan umpan malah tembakan, bujang enam",1
Enak bisa main di manapun,5
kenapa game nya jadi berat,1
"Main dari jaman Majapahit masih aja jarang dapet Legend, padahal jarang gaca, apa harus top up dulu biar lebih mudah? Lama lama pay to win dong",4
ak memainkan game ini dari 2019 .dan sampe sekarang ak sangat menyukainya 🥰,5
sring ngelag,4
gem nya bagus dan gerafik nya bagus dan mirip PS4 dan saya mau game ini ada mode carirnya semoga di baca🥲🥲,5
"update sampe 2 gb lebih . apakah semakin baik atau semakin buruk JARINGAN,,,JARINGAN,,,JARINGAN,,,JARINGAN DONGO TOLOL BEGOOO .. pembaruan terus menerus ? tapi tidak berupaya untuk memperbaiki jaringan . BERMASALAH JARINGAN LAG DIKIT KELUAR LAGA GAK NYAMAN BER GAME PLAY PVP BIKIN SAKIT MATA , BAGUSAN SINYAL FIFA . PERBAIKILAH !!! BUAT PENGGUNA EFOOTBALL NYAMAN taiii lah jaringannya. jaringan woiiii yg harus di update!!!",1
Saya suka geme ini,5
"event sekarang mengecewakan, masak iyaa kitaa spiin pemain Ronaldinho misi kontrak ny ngk bisa di selesaiin lagi",1
game yg mantaffff,5
tolong adakan voice note di dalam game🙏🏻🙏🏻🙏🏻🙏🏻,5
"mohon maaf ni, cuma ngomong kalo nyariin musuh pas main divisi yang adil dong, setara lah jangan ga setara, kesel gua",2
game ini sangat amat baguss...cumaa buat user hp spek sedang ga direkomendasikan..,2
"Game yang sangat bagus,tapi kalah di sinyal doang",5
"Jelek banget sinyalnya, padahal sinyal saya kenceng, pengen pake wifi atau data sama aja lemot",5
makin ke sini makin ngaco perasaan masa udah match menang trus pas selesai match muter terus malah koneksi yang jelek padahal sinyal bagus tolong di perbaiki lagi sering di rugikan di divisi harus nya tambah point malah turun selalu di rugikan sama jaringan padahal sinyal bagus,4
tempek,5
lumayan,5
"masih banyak liga"" yg belum lengkap.. sinyal suka ngelag pas main di divisi.. telat setting pemain lngsung dinyatakan kalah...",4
enak permainan nya yaudeh saya makan [🍚🍚🍚🍚🍚🍚],5
"konami aneh... login satu hari bisa... login lain hari lagi ada keterangan Data tidak dapat di Transfer "" Game Gak Jelasss",3
konami doooog,1
game terburuk yang pernah saya mainkan,1
game sangat menghilangkan stres 🥰 dan juga elu kalo udah terkenal jangan kikir 😡,5
server tolong diperbaiki jaringan saya bagus tapi ping digame tidak stabil,5
Update nya ga ngotak jir,2
Stupid server,1
good games,5
gem ini sangat bagus,5
suka ngeleg dc gak jelas,4
"gak bisa login, padahal gak pake akun clone",3
game payah,1
"gane qntl setelah, gameplaynya jadi lelet anj gabisa satset. pemain belakang pun jadi gebleq plonga plonga, tombol membayangi lu apain kocak bukan malah fun malah bikin sakit kepala, konami kocak😤",5
aplikasi jelek,1
padahal udah mau selesai pengupdatetan tapi bisa bisanya malah ngulang dari awal mana udah habis 4 GB karena ngulang 2 kali.,1
niat bikin game gal ani,1
enaken pokonamah,5
"apaan dah masa update uda sampe 100 gagal, gajelas banget apk nya",1
kenapa habis update ini tepatnya tanggal 9 april 2026 nge stuck di 0% padahal yang lain bisa?,1
"Good game, selalu menghadirkan legenda sepak bola epic. kekuatan sinyal harus bagus..",5
makin kesini ukura updatenya ngak ngotak,3
susah mendapatkan pemain legenda nya,5
"Game burik, pemain epik sama standar gk ada bedanya, jualan kartu doang, nyesel main ini game,, game bola terbusuk yang saya mainin ya efotball",1
sama sama kikir,1
bikin kompetisi seperti turnamen antar negara juga dong,1
mainnya hebat,5
gacorrr keren,5
jos game nya ...,5
Sliding nya aja nih masih telat banget,5
"kacau gak bisa ganti region, saya saranin mending global aja gak sih, di sama ratakan, mana koin gak bisa buat beli apa apa lagi di region tertentu",5
KONAMI BAIK,3
"game bagus, tambahkan liga champions dong min",5
"setelah update stuk , ga bisa login",1
"seru dan keren ,semoga abis upgrade ini makin mantap permainan nya",5
GAME BAGUS CUMA KENAPA PAS GW DONLOD NGULANG TERUS,5
karena game bagus tapi kalau ram nya kecil jangan di paksa Konami keluarin gk lah aku mau soalnya gk ku pemain standar,5
"perbaiki pertandingan pvp jangan ada skrip lagi dan divisi buat gak bisa gunakan smart assist konami tolong ini, ngepus divisi tiap hari jumpa smart assist, meresahkan udah di bantu bikin ngeleg lagi. izin konami di perbaiku masukan yg saya berikan.",5
kenapa ngga bisa mengupdate tolong dong kenapa,1
Sorry bintang 1 soalnya gak bisa login lewat app clone. Akun saya banyak jadi mau gak mau harus login lewat clone. Mainin 1 akun aja di app ori kurang seru.,1
"Susah banget dpt pemain epic nya, apalagi yg namanya gacha pemain epic dan Showtime, susah banget",1
"padahal saya ini di tengah kampung jaringan itu kadang ada kadang hilang, untuk tower di Kalimantan tengah ih terutama di daerah perkampungan masih belum merata, padahal suka banget sama gameini",4
gambar ini menjadi ada apa-apanya menjadi ada apa-apanya menjadi ada apa-apanya menjadi ada apa-apanya menjadi ada apa-apanya menjadi ada apa-apanya menjadi ada apa-apanya menjadi lapangan tarkam ini menjadi lapangan tarkam ini adalah untuk kemenangan di kandang sendiri yang udah pernah liat aja di sini untuk kemenangan di kandang sendiri dan,4
aku terlalu fokus di efootbaal samapai aku lupa aku dlu player ff,5
"jaringan selalu tidak stabil, padahal menggunakan wifi 5g.",1
kenapa di my liga cuma liga aja gk ada liga champione ny a,3
Skripnya semakin menjijikkan.. game of script.. kualitas AI sudah bagus.. tp tolong tak perlu script yg berlebihan..,2
game ini sangat bagus mulai dari grafik nya pemainnya dll,5
kapan liga indonesianya rilis,4
makasih selama ini udh nemenin🙏,1
"game nyaa sangat bagus, cocok untuk yg darah tinggi",5
RIP clone app RIP Konami,1
lag lag terus parah,1
game ini penuh script,5
overall bagus. cuman kalau kata saya ditambah kan beberapa fitur 1.ada animasi pas mau ganti pemain 2.penonton nya agak di realitas in 3. ada fitur kalau pemain cedera ditandu keluar 4. tambahkan selebrasi nya lebih banyak dan terakhir pemain nya agak di hd in oh ya nama nama klub nya juga tolong dibenerin,4
aduh ini ko gak bisa login beres update ini pake clone,1
Konami Babiii . akun clone ngk bisa di buka mending hapus aja nih game,1
tolong biar bisa login di apk clone,1
"saran saya untuk keahlian tambahan bisa bebas pilih, seperti memilih booster pemain, game sudah bagus hanya saja sinyal nya sih, kalau memakai sinyal seluler pasti bakalan ngelek dan ada di jam tertentu aja sinyalnya bakalan stabil seperti tengah malam keatas hingga pagi hari sih biasanya lumayan stabil. Dan bar sinyalnya pun selama saya memakai sinyal seluler paling mentok 4 baris",5
masa tidak bisa d update game apa ini,1
Game anj***,4
udah divisi 3 setelah pembaruan malah balik divisi 5,3
konami tolong dong tambahi superlig Indonesia 👏👏,4
silver busuk,1
mantap bosku,5
saya tidak bisa pake apk clone,1
my favorit game,5
"Tambah juga dong liga indonesia nya,jangan cuman liga malaysia",5
jaringanya usahakan kembangkan lagi masih sering ngeleg walaupun jariNgn udah bagus.. doble jaringan kaya mlbb dan pubg supya mkin banyk peminatnya,5
good markotop bpa gde konami,5
"game nya bagus,tapi tolong hilangkan fitur bantuan cerdas ( smarts asis )",5
semakin terbaikkk👍,5
game habisin duit dan buang2 waktu,5
lama download nya,1
jelek update,1
kenapa aplikasi eFootbal di saat update/di perbaruan malah tidak bisa.... harus di ulangi lagi sampai 3x baru bisa kenapanya ada kendala apa atau masalah apa ......................................................................................................................................................................................................................................................................................................................................................,1
Ada in champions league,4
Blm bs dikatakan game bagus,1
"kurang di jaringan aja sih, suka ngelag,kalo lagi main PVP itu aja yang perlu di update",4
game nya seru sekali grafik nya bagus 👍,5
ini gimana ngestak di loby ga bisa main,2
"game kebanyakan scipt, sinyal dah penuh masih aja delay",3
I can't use the clone app. It's a damn game. I hope you'll consider using the clone app so you can play on two accounts.,1
kenapa tidak berjalan untuk download datanya?🤨,1
Makin rusak ni game,5
"Game nya bagus,cuma minus di sinyal aja",5
tidak bisa login ke game setelah maintenance.,1
bagus jancoes,5
sangat bagus sekali geme in,5
konami tolong kalau untuk laga kawan tolng dong buatin chatingan atau vois note..dan kdang player terlalu lama untuk pergantian pemain..ada yg sengaja di bikin lama lama..,5
please bring in Indonesian League 1,5
Gak bisa dpakai turnamen,4
aplikasi terbaik cuman sering pencarian lawan tidak stabil,5
sangat membantu,5
semakin update semakin ga jelas even e football 2026,1
game nya sangat baguussss sekali tapi sayang nya bikin emosi,5
gak bisa dibuka yg clone,1
"Bertanya Ini kenapa kok gamenya pas PVP ngeframe banget ya,padahal kalo main Mobile Legend lancar jaya?",5
"This is Expensive Game if you are poor, just use a free player and enjoy the game.",5
"gak bisa mengunduh di dalam game. selalu 0 % gak pernah gerak, padalah pake wifi lancar. setelah update ini gak bagus, jelek",1
suka banget Ama ini gem,5
kontrol gak akurat selalu dileiy ketika ketemu club sultan. inti nx pay to win.,1
game bagus bgt top dah pokok nyaaa...,5
mantap apa lagi kalo ada liga championnya,5
"tolonglah kalau pinalti agak disusahkan kiper nepis bola kalau satu Arah aja ngak enak adu penaltinya kiper ,,kiper tidak gerak gerak .kalau nendang kiper kalau udah kebaca lansung ditepis ngak enak kayak gitu",5
untuk dalam game saya lihat pas game play disinyal saya bagus musuh Ndak bagus saya kesusahan untuk bermain dan disaat saya menyerang sinyal saya langsung hilang padahal saya pake data dan wifi tetap sama,5
bagus si cuman kurang dari pergantian pemain sih,5
update stug in 3%,5
sangat bagus tapi sayang nya ram saya penuh terus tiap Minggu updete terus longlah admin efootbal kalo mau update jangan gede'ram nya sekian terimakasih dari saya semoga di baca,5
game bola paling realistis .. good,5
tambahkan liga indonesia dan setelah liga lanjutkan ke fase liga UCL dan angkat piala min,5
hidup clone😹😹😹😹,5
sangat cocok untuk di gunakan dan sangat menarik game ini.,5
update besar besaran tapi sma aja gmeplayny,4
game nya burik jelek,5
game yng sangat bagus,5
"Tidak bisa bermain di aplikasi clone membuat akun pribadi saya yang belum saya takutkan hilang, sangat merugikan.",1
"game bgs bgt cuma, minta tolong di tambahkan pemain liga dn liga indonesia jg..thanks",5
"semoga kayak di PS..ada league nya,ada champions,atau eropa,bisa transfer"" pemain..jadi gk cuman liga ada piala domestiknya juga",5
kenapa loading stuck di 0% tolong perbaikan,1
ngk asik,1
"comeback setelah lama ga main e football, sekarang mulai adaptasi lagi dengan gameplay-nya, season kemarin cuma bisa mentok di divisi 2 karena ngandelin pemain lama dan beberapa pemain bansos dari Konami🙏🙏",5
ayo lah kasih aku pemain icon yang enak,5
game bola android terbaik,5
geme nya bagus tapi sayang gak offeln,5
Semuanya bagus. Tolong tetap aktifkan komentar walaupun di grafik terendah (memprioritaskan main).,4
saya sangat suka,3
loh pemaen yg pernah mampir d divisi atas 1 ampe 3 knapa ? suka di adu ama pemaen seperti saya? babak belur nih bos,5
"bagus banget playgame nya, cuman game nya ngelage terus di sangka lawan nya main data",5
ramah bagi player f2p. tapi untuk mendapatkan level up pemain susah. kembalikan sistem perolehan exp pemain yang lama saat 2020,5
kurang stabil jaringan,4
"masalah nomor 1 d jaringan,klau main sering delay",3
"game emang bagus, tapi game gak merusak citra kenyamanan pengguna yang sudah bertahun tahun memainkan game ini dari era PES sampai berubah menjadi efootball",1
bagusin lagi dong jaringan servernya,3
konami tolong di buatkan event pelatih gratissan,5
delay nya ganggu banget,2
game bola paling keren njirrr,5
game gk jlas di bela belain donwload langsung abis updet malah gk dpet pamain epiknnya mending main ML moba ..,1
gabisa login apk ori maupun clone setelah update,1
mantapnya,5
jaringan bagus kok jadi lemot main pvp,1
Kalo bisa tambahin replay ulang saat main liga saya,5
"min bikinin turnamen liga champion lawan nya AI dan publik ,piala dunia lawan nya AI dan publik, dan liga indonesia dan bikin club-club Indonesia nya juga min 😁",5
Tolong dong Konami event ya coba lebih menarik kayak manager nya sir alex ferguson dan Zidene zidane gitu sama collab aja gitu sama Ronaldo jangan messi mulu,5
probabilitas nya terlalu kecil untuk gacha gratis,5
Lebih enak yang 2021 dari yang sekarang,4
game bagus hanya orang gak bisa bilang game jelek,5
semua bagus.. tapi mengapa sering ngelag ini.. jadi malas mainnya.. tolong diperhatikan ini.. terimakasih,5
bagus banget grafik nya konami,5
semakin sampah Game ini. Setelah update besar dan MT hari ini. Akun yg di clone tidak bisa di buka. Game Sampah.,1
"PvP, ooohh PvP.. 💢 Update juga terlalu besar. lawannya juga gak ngotak 🤦🏻💢 selebihnya 👌🏻👍🏻",3
"wahhh kacau updetan hari ini, mohon konami dibenerin noj apk nya, biar kayak yang sebelum updet",1
please add Indonesian League 1,5
bagus cuman tiap dapet pemain menang mulu yg jelek,5
"game kikir, nabung coin berbulan bulan giliran pas gacha gapernah hoki",1
Lamine Yamal ngk di gratis,2
"update apa 2.5 GB, gamenya jadi shaolin soccer, yang ngotak jadi pengembang kalo mau update data yang lama jangan ditimpa. ganti aja apa yang mau diganti jangan nambah event cuma 1 harus donwload 2.5 GB",1
"mantap pisan game na, walopun membagongkan",5
Mayan lah,3
gem bola terharam update gajelas,1
lebih di tingkatkan lagi mode controller kalau bisa larinya seperti dulu R1,5
Sisa liganya yg nggak ada!!!!👎,5
"di timnas indinesia, komentator cuma tqu jordi amad dan apa komentar kita di baca min?? muka beckham putra kok maksa banget😄",2
jaringan dong tolong di perbaiki,4
udh oke & hampir realistis aman aja yg ngerasa berat berarti blm pernah main bola rasain sendiri sensasi lu mainn dikira murah muter badan trs lari dll,5
plis KONAMI adain komentator indo sama liga indo plisss,4
"Makin di update bukannya tambah bagus, malah tambah jelek Otw pindah ke FIFA aja",3
"uninstal aja game gajelas udah update di play store 2,7gb udah selesai, pas giliran di buka ga bisa suruh download tapi ga jalan game gaje, bikin bangkrut user.",1
🔥🔥🔥,5
geme sangat bagusss grafik oke permainan sangat menyenangkan,5
gara2 update gini. kenapa saya tidak bisa login di apk clone ya. jadi malas main. hilang dah akun saya.,1
game burik ga bisa login ke akun yg lain,1
habis update malah gak bisa masuk ini gimana si konami,1
Stelah di update malah stuck ga bisa masuk,1
"I am confused about your direction. You keep releasing player cards to encourage spending, and many players, including me, have spent significant amounts. However, in matches, opponents with weaker or free cards often gain advantages while our teams feel unfairly weakened. I understand balancing for free players, but what about fairness for paying players? We invest time and money into this game. Please reconsider this system, as it feels excessive and unreasonable.",1
kenapa harus update setiap hari kamis ??,1
ada lah pokoknya,1
"Dari segi grafik udah keren, dan juga tolong lahh bisa bikin karir mod sama logo logo team di bikin logo yang mirip lahh",5
tolong dong untuk sinyal nya bermasalah banget,3
gak kok grafik bagus gemplay ya bagus juga jg jaringan gawang ya juga bagus gak ada yang jelek,5
"update tiap Minggu gada perubahan gtu"" aja",2
kuota sy ilang 2 GB..gra gara uptude...tp tidak bsa update,1
tambahin liga Indonesia nya dong,4
"I can't say anything, the game is really fun. Greetings from Indonesia",5
Not Bad Experience while i'm finished with the gameplay of Konami🥱😔,3
udahh bagus dan pliss konami kasih aku epic aku akan main dengan rajin,5
cuma gak ada liga Champions nya,5
"update parah, kontrol jadi susah",5
saya sebenernya Main game ini. hanya untuk mengobati rasa sakit hati saya karena akun FC mobile saya hilang terimakasih Konami,5
lumayan keren,4
game nya bagus terhibur sekali,5
bagus sj!??,5
WASITNYA GOBLO.,5
"Adain mode liga champion seru min hadiahnya koin, pendaftaran make koin",5
knpp ga bisa clonee,1
saya sangat senang dengan game' ini,5
"update apa sàmpai 2,7 gb min gila sih",5
"ketika lawan PvP ngelag emang tau, tapi lawan ai pun juga..., terimakasih konamik",4
"game nya bagus,tapi jaringan nya ya ampun,apa lagi pemain nya setatistik nya bagus pas maen ancur ancuran aduh",1
"walaupun hp ram besar , game ini EMG udh gak sebagus dulu , pemain terasa berat dan sering lag sendiri",3
Hopefully the server has been fixed,5
konami makin kesini update nya ga jelas gede² Mulu update nya,2
ah dongo bet sih masa gua udah cape cape update lama lama abis di mau download datanya malah ngestuck 0% tolong diperbaiki bikin player nya males main aja,1
kurang royal,1
paling malas tiap update harus dd data komentar lagi,3
tolong kari nya buat lebih hd,5
kurang cara pergantian pemain,4
Tambah bagus....Tolong di perbaiki masalah jaringan saat PvP...,5
game nya ya baguss sih cuman pengguna mobile untuk penontonnya masih pake template sih itu doang,5
pemainnya jangan itu² Mulu lah,4
bagus bgt ini real,5
lawa nya terlalu gampang,5
bagus sih cuman gaada Bayern Munchen,4
Not bed,1
game buruk,5
"setres uda update, malah gagal harus ulang dari awal kaciwww",1
いいね👍,5
bagus banget tapi kadang suka eror,5
napa update gua ga jalan cok,1
kedepanya coba kasih open mick biar lebih seru lagi,4
jadi pengisi ruang kosong... 👍👍,5
"ramah buat free player, cocok untuk menghabiskan waktu luang",5
Kenapa sekarang agak delay ya,1
recommend game dengan tampilan terbaik ☝🏻,4
GK bisa masuk,3
konani,5
"SISTEM POIN DIVISI 1 SAMPAI 3 PERBAIKI DONG, GAK ADIL, TERUTAMA HASIL PERTANDINGAN DRAW!!!!",5
Susah banget dapet epic player nya.,1
terimakasih telah menemani saya,5
game yang sangat seruu dan sangat berpotensi,5
game burik masa update trssss gilaa,1
"game nya udah bagus sih,tpi kalo di tambah komentator bahasa Indonesia lebih keren",5
gak bisa masuk,1
Manatp !!,5
"bagus.., tolong perbaiki masalah jaringan, dan gameplay-nya.",5
bagus permainan aku suka permainannya,5
clone app gabisa,1
cobak ada mode carier nya lebih mantep,5
game kikir 🤮,1
tolong kalau devisi smart asis nya di matiin gak enak seni bermain,2
"saya tidak bisa masuk akun saya yang saya clone, saya clone dengan tujuan memainkan akun yg berbeda setiap hari hanya saja anda membatasi dengan silog yg ada buat, kalo memang tidak bisa setidaknya hikangkan sikog/kembalikan seperti semula",1
emblem liga Inggris belum diperbarui,3
udah di update tapi g bisa login ngabisin kuota doang game ngentod kikir,1
kpn ada liga 1 indonesia,5
"buat iseng2, kalo proplayer pasti mengerutu pas main.",3
game kebanyakan abdet,1
"GAME PLAY NYA SANGAT JELEK DI HP GUA MIN, MASAK IYA JARINGAN GUA STABIL KOK BISA2 NYA NGE LAG, UDAH GITU TIBA2 SERING PUTUS KONEKSI,PAS DI IN GAME TERUTAMA PUSH DIVISI TIBA2 BERAT MAU PASSING AJA SUSAH, MESKIPUN PAKAI PEMAIN DENGAN RATTING TINGGI NGAK GUNA JUGA. TAMPILAN SANGAT BAGUS TETAPI DI IN GAME NYA PAS WAKTU GAME PLAY SANGAT2 TIDAK MEMUASKAN , APALAGI UDAH MASUK KE DIVIS 1 WADUH ITU LEBIH PARAH LAGI LAH. MAAF SAYA KASI BINTANG 1 AJA TIDAK MEMUASKAN,",5
"Apa penyebab sinyal terputus dari server, ketika pertandingan sudah berakhir. Akibatnya, kondisi hasil akhir menang, jadi kalah karena dianggap meninggalkan pertandingan. Tolong perbaiki ini.",1
game nya sangat bagus saya suka tapi kuragin longor nya masa lawan musuh ngopor nya lama kali,5
knpa efootball jaringan nya jlk bnget si udahh saya hapus aj ni game buruk jaringan nya,1
Kapan Liga Super Indonesia ditampilkan?,5
kasih tim liga indonesia,5
terbaik sejauh ini,5
tambahan lisensi liga indo dong konami,5
"updete 2,4gb ngapainn anjerr lol",1
tolong KONAMI MASTER LEAGUE NYA DI PERMANENKAN JANGAN HANYA EVENT SEMENTARA,5
banyak bgt upgrade nya sih game udah kadang juga g enak,5
"game tolol, smart assist cuma rusak doang, hapus aja smart assistnya",1
game nya seru,4
game kikir wajib di uninstall,5
Game idiott,1
parahhh sekarang kacauuuuuu,1
"kenapa cuma liga malaysia yg di tambahkan,ini server indo harusnya liga Indonesia yg di tambahkan",2
tambahin laga turnamen buat mabar bareng teman min biar bisa main lebih 2 orang kayaknya seru banget,5
"jangan munculkan epic gratis kalau hanya sekedar jadikan pajangan,""tidak di berikan pada player gamenya"" pilihan pemain epic gratis hanya sekedar hiburan gaca² tapi tidak untuk di berikan pada player pengguna game ini....",1
"yang bilang ini game pay2win brrti dia gk paham cara main gamenya, ini game yg benar2 scara segala sisi udh real life banget dan mnrt ku ini lebih baik dari fc mobile karena trlalu gampang. gw gak pernah top up tapi rata2 menang mulu gw manajer standar Cristo Valbuena dari dulu ampe sekarang divisi 1",5
habis updete gabisa pake apk ganda gak mikirin player yg udh abis banyak ya wkwkwk aneh kalian,1
game tai gw update nyampe 3x,1
bagus bangett minusss nya jaringan,5
"Pengguna udah hampir 40% menggunakan cheat, ini sangat merugikan pemain yg main sportif.. kami harap segera diperbaiki. Ketika lawan pengguna yg online, sering ngeleg2/ macet2.. pas hilang macet, kebobolan.. harap segera diperbaiki.. kalau yg lainnya semua udah ok kurasa.. Jadi, aku kasih bintang 4 aja dulu ya.. Kalu udah diperbaiki, baru saya update bintang 5 lagi..👍👍",4
"game tolol, setelah update malah nge bug",1
"Konami anj, semenjak update kenapa gue jadi gabisa main",2
baguss,4
"Susah utk kotrolnya ,kembalikan ke kontrol awal saja ,,, mohon maaf bintang 1,sangat tidak suka",5
"min saya menghapus akun konami id yang terhubung ke efootbal karena batasan umur untuk membeli pemain, saya bikin baru tidak bisa ditautkan lagi ke akun efootbal itu gimana cara benerin nya, tolong min soalanya jadi ga bisa pakai poin efootbal",5
jos angele oleh legend,5
min bagi ronaldo epic dong,5
game terbaik untuk pecinta football😉🫵,4
Kok komentator nya gak bisa nyebut nama pemain indonesia ya??. update komentator penyebutan nama pemain Indonesia dink.,3
gamenya seru gk bosenin,5
keren keren banget dah pokonya,4
"game bagus, tapi kenapa hanya di game ini jarimgan lag, gamelain aman",1
game yang sangat menyenangkan,3
aku kasih 5,5
"mobile legend aja ngasih skin gratisan minimal master, masak ini minimal 1jt player,, minimal divisi 3 lah supaya yang dapat pemain bansos itu bukan yang tim sudah bagus, tim pemula justru sangat butuh pemain bansos",4
Keren,5
Juventus please !!,5
kenapa update terbaru susah amat min,1
game kikirnya kebangetan anj,1
sangat bagus 🙏🤝👍,5
"serius ini update 2.44gb? apk nya aja 2.7 , sma kya download dri awal",4
"Game ini bagus, tapi pembaruanya terlalu lama, karena mencapai 6 jam, kemudian fitur edit statistik pemainya sebaiknya dibuat terpisah satu per satu, seperti kesadaran kiper, tangkapan kiper, refleks kiper dan jangkauan kiper. Pengurangan poin dan penambahan point di divisi mohon diperhatikan, karena tidak balance antara menang dan kalah.",5
Beli pemain nama satu pemain bisa didapatkan lebih dari satu kali. Padahal belinya bukan diDraw box. Tolong dong kalau sudah dibeli jangan muncul lagi. Bintang sampai 2.000 dapatnya pemain itu² lagi,4
"tolong perbaiki jeda untuk mengumpan ke pemain tidak terlalu terlama supaya tidak mudah direbut lawan , tolong konami perbaiki, selebihnya sudah bagus",3
give back clone app,1
Game nya bagus !!!!!!!!!!!!!!!!!!!!!!!!!!!!!!!!!!!!!!!!!!!!!!!!!!!!!!!!!!!!!!!!!!!!!!!!!!!!!!!!!!!!!!!!!!!!!!!!!!!!!!!!!!!!!!!!!!!!!!!!!!!!!!!!!!!!!!!!!!!!!!!!!!!!!!!!!!!!!!!!!!!!!!!!!!!!!!!!!!!!!!!!!!!!!!!!!!!!!!!!!!!!!!!!!!!!!!!!!!!!!!!!!!!!!!!!!!!!!!!!!!!!!!!!!!!!!!!!!!!!!!!!!!!!!!!!!!!!!!!!!!!!!!!!!!!!!!!!!!!!!!!!banget,5
bikin stres,5
sesuai keinginan saya memuaskan game ini,5
"game tolol kenapa ngestuck gini, padahal apk ori bukan clone",1
semoga konami tidak pelit ngasih kartu epik yaa...,3
sangat bagus 👍👍👍,5
gem nya enak untuk kita yang kesepian tapi aku push divisi 3 gak pernah tembus ke Divisi 1 dan yang bikin saya agak kecewa iyalah masalah jaringan apalagi pas push divisi 😭😭,5
disarankan di adakan liga Indonesia biar makin seru,5
tolong konami update terus stiap minggu tapi masalah jaringan klo maen sama player berat padahal ram hp saya masih sanggup dan menggunakan data.,2
can't login to the game. still stuck in loading screen with 0% downloading. pls fix it,1
adain ligaa indonesia woy,2
Coba dulu,4
game nya bagus selebrasi dan tampilan nya keren cocok buat orang yg suka game bola dijamin nostalgia kalo udah main konami ★★★★★ sekian terimalasih😁,5
kapan liga indonesia,4
"update apa download ulang, kok sizenya sama dengan ukuran asli",5
udah bagus geme nya..tapi tolong adakan liga indonesia,5
okelah,3
update sampah,1
Gg Gamenya Kalo Lu Kasih Gua Hoki,5
"masak iya dalam satu klub ada 2 penain yang sama dengan beda level,please deh ah.... main sama klub lain dengan pemain yang sama saja sudah pengen ketawa ini malah satu klub 2 pemain yang sama cuman beda level 😓😓😓",2
"berikan saya kartu epic lah jangan pelit"" apalah",5
pagimana abis di update buka lama,5
"kurang di jaringan, untuk gameplay bagus mungkin nanti saya kasih 5bintang",4
"tolong di fitur liga saya... tambahkan kompetisi domestik lainnya. seperti copa del rey, FA cup terus tambah liga champions league dan europa league dan sama kan pialanya seperti kompetisi liga"" eropa ketika juara",5
game stres banyak bug gajelas server penuh kadang pas main koneksi terputus jadi kalah pdhl jaringan bagus intinya game gajelas GAJELAS BANGET,1
lumayan lah,4
bagus kayak main di pertandingan asli,5
"Tingkatkan server nya main divisi ngelag ngelag terus, main game sebelah sangat lancar ping tidak seperti efootball sangat lag",4
"tiap season ranting dan posisi turun, ada tambahan iklan2 yg bikin jadi menggangu",4
"-_-ngejar cuan aja, masalah server gak pernah dibenerin kasih lah opsi data+wifi mungkin bisa membantu ngatasi masalah sinyal, udah medit kikir sinyal kek ampas pula",5
Rate 8,5
"perbaiki servernya woyy main divisi lag banget mau compe jadi males, ini gua lawan orang atau jaringan",1
"game bukan buat kaum mendang mending. pemain tumpuk"" gila",1
game josss,5
mayan dah,4
banyak coin yg sudah saya buang untuk spin tapih tak prnh di kasih,1
Tidak bisa masuk padahal pengunduhan sudah selesai 100%.,1
makin kesini statistik makin kerasa sih di gameplay,3
Nda pernah hoki gacha,1
"great football game but, still needs for the SA to be out from the division.",5
"segi gameplay,game ini jelas menang,namun perbanyak event atau acara di gamenya,terutama tambahkan card nya menjadi jauh lebih menarik selain itu bagus semua,terimakasih developer",5
jangan besar' kalo update,3
"Mantap eFootball ,, udah update v. 5.4 koq ga bsa login lgoin yah",5
"Mantap, Seharusnya liga saya terdapat liga champions dan atau Master League, bakal lebih keren jika ciptakan patch kesebelasan terbaik dunia era Ronaldo, Messi, Neymar, Ozil, Ramos, Buffon, dani alves, marcelo.",5
"gelo updatenya 2,44gb",5
"woii kenapa pas udah update gak bisa loginn layar hitamm sama kalau habis update lama,sekarang masih sama aj",2
jangan kikir ya konami,1
"game sudah sangat bagus cuma ada beberapa yg harus ditambah. 1.untuk jaringan memang harus ditingkatkan 2.untuk liga saya hadiah nya ditambah dgn coin biar lebih seru 3. jenis liga nya juga seperti liga sesungguhnya, bisa masuk ucl.",3
"saran, harusnya internet yang buruk langsung kalah saat tanding di liga efootball. karena ngeruguin banget. internet yang buruk tapi dia yang menang",4
game seru banyak gratisan,5
gemnya aneh opernaya tidak bisa akurat padahal analok sudah di arahin lu tolong di perbaiki,3
low connections... 😠,3
gooooo!!!,5
tolong tambahin liga Indonesia Konami tolong plis🙏🙏🙏,5
"KLW bisa ligany kayak real gitu ,misalnya ada lolos ucl dan piala cupnya",5
"Udah bagus gamenya, grafiknya cuman kebanyakan update, hampir tiap minggu update",1
walaupun sering ngelag gp game nya cukup menghibur,5
clone woi,1
"tolong pas updet lihatan pemain di bangku cadangan & dan pas cedera/ gantian pemain nya ditampilkan ,tolong lh Konami dari dulu gue main blum jugak di ubah2",4
"lumayan, lumayan rusak gemnya.",5
Gua kesel ama gullit,5
Game kikir konrol,3
"update buruk ,, clone ga bisa di buka",1
Tolong tampilkan pemain nya saat pergantian pemain,5
sepelit pelit nya game 😂,3
semu@ nya bagus,5
aplikasi terworth it tapi divisi nya kurang ajar,5
kenapa gak bisa di update padahal aku ram 6,5
Tolong perbaiki kendala jaringan tidak stabil pada saat match PvP.,3
perbaiki bug nya perbanyak lisensi masalah gamplay udah oke banget,4
"semoga kedepan ada pebaikan jaringan,karena terlalu sering ngelak kalau memainkan lawan teman",5
Best game,5
gema selalu hoki,1
🅑🅐🅖🅤🅢,5
minus sinyal aja,5
"lagi menang 3 - 1 tiba-tiba keluar, koneksi terputus. Ini sering terjadi, bukan sama saya doang. Tolonglah, diperbaiki lagi kestabilan gamenya. Buat sekarang bintang 2 dulu, nanti kalo sudah perbaikan balik lagi.",5
GG mu,5
gacor,5
tolong trus di update data pemain terbaru,5
ini game paling aku sukai bukan dari apanya tapi dari pemain nya yang mirip kayak aslinyaa iyaaa itu saja,5
Mengecewakan grafik elite kontrol sulit,3
amazing game,5
fitur smart Asist meresahkan jadi leg dll game rusak,3
game strategi terbaik,5
game yang sangat seru,5
gak pernah jelas kalau update sering stack,1
"bagus banget game ini, apalagi ada fitur on mik",5
Game sangat baik dan menyenangkan,5
adakan diskon koin setiap awal bulan,3
gameplaynya mantep,5
"Tolong perbaiki kualitas jaringannya, 7x menang tapi di nyatakan kalah karena koneksi, selebihnya game ini bagus",4
"sebenarnya sih gamenya menyenangkan, tapi sering lemot entah fiturnya atau kapasitas gamenya yang terlalu tinggi",4
KUNAMI KOK JEMBOETTT!!!,1
kikir jelek bau gajelas ngeleg ngeleg pas bawa bola kalo bisa bintang 0 saya kasih bintang 0,2
"Good for pc or ps3/4 but for mobile? Fifa better lol Edit: now.. edit: efootball getting better. Good job for developer. I play since 2k18. edit: now efootball > fifa 🤣 niceeeeee.. i uninstall fifa since 2 years ago. 2026 i hope getting better and more realistic, not only selling card.. remaining for developer this is football game, not card game 🤘🙏✌️ thanks for hearing us. 👌",5
hapus fitur smart assist konami,3
"Gamenya bagus dan grafiknya juga makin bagus cuma yang saya masalahkan Ini ngelag atau gangguan jaringan itu gegara apa ya? soalnya kalo persoalan wifi atau jaringan saya juga dipake yang lainnya biasa aja, tapi kalo main Efootball pasti tiba tiba lag sndiri dan sangat sangat merugikan",2
saran buat liganya di Adain Champions league biar tambah seru,5
main game ni tak bosan 😁,4
ngeleg,1
game bola terbaik,5
di update malah ga bisa masuk,1
Tambahin match mode master dong 🙏🏽,4
gua udah update kuota udah ke sedot malah balikan lagi update nya gmna ni sistem,1
"game nya lumayan bagus,tapi masih banyak yg perlu diperbaharui dan diperhatikan. kekurangan dalam game ini: perlu ada top skor dan top asist, timer pencetak gol nya juga tidak ada, jadinya kurang seru. buatkan pencetak gol dan timer pencetak gol nya agar lebih menambah seperti real ada nya",1
masih banyak game guardian berkeliaran,4
jangan pelit kasih pemain epic dong😏,5
kalau udah di perbarui suka balik lagi ke leve 6..susah payah mau. ke leve 3,4
game gokil,5
tambahin fitur bikin club sendiri dong seperti bikin pemain sendiri seperti di PS,5
"Hello, how is this Konami? I've updated my data, but why can't I log in and it keeps getting stuck like this?",1
football game nomber one of the world,5
pas sudah di update malah stuck gak mau masuk ke dalam game nya,3
"Konami stress, Baru juga devisi 3 setiap main selalu di sandingkan dengan devisi 1 & 2. Selain itu kondisi signal bagus tapi main selalu nge Lag",1
"UPDATE MACAM APA INI 2,4GB??????",1
"jujur udah mulai bosen card dengan pemain yang itu itu aja terus hanya di tambahkan beberapa keahlian dan statnya ,tidak ada mode career gameplay terus saja begitu benar benar membosankan tolong segera upgrade dengan lebih banyak lisensi dan mode mode lainnya seperti Master League , tidak apa apa jika size nya jauh lebih besar toh kebanyakan game sekarang sudah pada besar size nya diatas 10gb",3
game nya seru ga bosen terus perkembangan kan lagi tambahkan lisensi Indonesia,5
geafiknya gila keren banget,5
sebenernya udah bagus cuman masalah lag padahal sinyal full masih sering terjadi sedangkan dipake di apk lain aman aman aja sinyalnya,3
"Game nya cukup bagus,.. seandainya ada liga CHAMPIONS psti bagus bngt.",5
"kalau ada pembaruan gini minimal ada perubahan lah, ini malah pembaruan tapi tidak ada perubahan, lek parah pemain kadang lambat gerakannya, parah sih ini",2
mohon untuk di fitur liga saya terdapat kompetisi liga champion liga ueropa dan liga konference,5
"game ini sangat bagus, bismillah semoga selalu hoki saat gacha karena udah kasih bintang lima😊🙏",5
positif di upgrade tros. di stabilkan lah pemain nya.,5
seharusnya ada liga Indonesia dan var,4
gila pembaruanya 2.44gb,2
game ini sangat bagus untuk orang pencinta sepak bola,5
masih sering ngebug,3
Susah mencari lawan dan sudah banyak chet membuat pemain tidak berfungsi..,3
Game medit gak pernah dpt gw gacha masak harus all in terus,5
"tolong di perbaiki servernya,jaringan bagus tapi in game lag parah,",2
bagus cuman Krang ivenya,5
Game ini asik juga sih bikin semua kata yang ada di mulut keluar semua,5
keseringan update untuk developer tolong jangan sering sering update kurang in semisal se reset divisi sekali,3
tidak ada liga champion nya apa ini,4
game toxic,1
ga bisa apdet,1
susah dapat pemain epic,1
luar biasa bagus grafik nya,5
"Nice bintang 5 nunggu ada team liga dari Indonesia,🙏🙏🙏",4
"konami tolong saya setiap main DIVISI selalu Nemu bug jaringan, padahal jaringan saya bagus tolong di perbaiki itu sangat merugikan player Divisi!!",1
"gem seru, buat mengisi waktu luang 👍",5
"overall bagus tapi ada yg membuat saya sedikit kecewa karena adannya buff, seperti pemain kita yg lembek tiba² padahal full epic dan bigtime dan pemain lawan justru normal mohon developer efootball agar bisa di perbaiki.",5
Gokil + Update timnas indonesia lagi plus liga Indonesia,5
"Login ke akun lama ribet bnget, login lewat google play tdk bisa, login lewat konami tdk bisa juga, aplikasi tanga nassa anu dompala teamako bayu i punna tanga ngisseko",5
ukuran terlalu besar,5
sangat memuaskan banget,5
ukuran terlalu besar,1
dapat bigtime dan epiknya susah.. pelit,1
"game babi, mau update aj susah dan lama",1
terus aja pembaruan anji jaringan sulit,1
"game paling saya gemari,tapi sinyal jadi kendala,kapasitas nya terlalu besar",1
sangatlah menyenangkan🤩,5
bikin server yang bagus kocak,1
"kualitas bagus, banyak pemain gratis, emang top dah",5
game ini sangat luar biasa game ini bisa mendapatkan pemain gratis download sekarang. yuk main,5
selalu layar pata¹ pada saat masuk game ini padahal jaringan stabil,1
Kasih potw mbappe aja konami aku seneng kok gapapa❤️,5
geamnya seru sih,5
game nya sangat bagus tapi menurut saya sinyal internet nya harus di perbaiki untuk kenyamanan saat game di main kan,4
"# aku kesal, Admin Konami sering membantu tim lawan jadi aku kalah di laga penting.",5
"makin ga jelas, bek ga bisa lari, defend susah",5
minta tolong donk untuk game PVP nya lebih di okein lgi lah untuk jaringan nya,5
mode bisa pake stik nya segera di luncurkan min maen pake layar sentuh susah euy,5
seandainya ga ada iklan,5
"Paraahhhhh pisannn geus diupdate teh ,, malah jadi lemottt.. kebanyakan ngelag nya",1
perlancar main dengan pvp seperti main dengan ai,3
"game gajelas, massa gw main divisi 4 ai musuhnya kaya setan semua, bela"" in ga tidur cuma buat push doang sattt ..... rate ulang yaa itu posisi lagi lose streak wkwk gw kasi bintang 5 lagii",5
"yaa menurut gw sih game nya bagus, tapi script ny ngerendahin bet coo",5
"overall bagus.cuma niat dikit dah kalo balikin mode master lig, masa gitu doang pake coin komanek. misal di suruh bayar gapapa dah asal modee nya sama kaya di pes21, gapapa banget sih",3
"Baiklah! untuk updatenya saya suka, ngomong-ngomong karena saya dari Indonesia mohon Tambahkan Komentator Bahasa Indonesia, Jangan Kalah dong Sama game sebelah yang sudah ada Komentator Bahasa Indonesia",5
kenapa GK bisa di update,5
"Semenjak update ke Efo 2025 gameplay PVP sering terjadi bug, yaitu terdapat delay dalam melakukan umpan ataupun Shooting, bahkan delaynya bisa sampai 3-5 detik, dan itu sangat sangat merugikan, awalnya saya kira itu adalah ulah cheater, tapi karena terlalu sering terjadi dengan kasus yang sama, sepertinya ini bukan sebab cheat, melainkan bug dalam game ini sendiri. Segera perbaikilah supaya rating game ini kembali bagus. Segera perbaiki, delay ini benar benar sangat menggangu.",5
mantapp,5
"logo real madrid dibenerin konami, harus fear jadi orang, meskipun anda fans barcelona",5
gamee gilakk,5
harusnya hadiah pemain nggak di buat kusus reting 1jt harusnya di buat kusus mencapai divisi 2,1
Game nya bagus di download nya lama sama sinyal nya jelek mantap dah pokoknya jadi banyak tantangan nya,5
"minus ""tidak ada liga indonesia""",3
download udah 73% eh tiba² gak konek,3
game nya bagus tapi yang bikin kesel pas aku 1 bay 1 sering ngelek,4
min buat animasi pemain datang ke stadion dan penonton diluar stadion minn,5
"bagus sekali,mainnya bagus sekali",5
game bola terbaik sihh ini,5
server sinyal perbaiki anj,1
"Awalnya sy komen : Trafik mulu, servernya gedein dong Skarang : Udh mendingan banyak peningkatan dan perbaikan",5
keren elegan,5
ya dari saya bagus cuma Adain dong liga indonesia nya semoga kedepannya pas update ada liga indonesia nya,4
"banyak mt, tapi gk ada perubahan",1
"konami licik, ada update pemain gratis epic mulai jam 9 pagi, eh pas ditunggu jam 9 pagi ternyata sedang pemeliharaan server.",5
Ukuran update sama download sama aja.. e buset..,5
coba yg juara liga saya ada sistem lolos liga champion dan ada cupnya jg.,2
games nya sangat terhibur tapi usahakan tidak perlu tambahan2 template yg memicu kesan kurang original jatuhnya ky games para bocil sebab pengguna games ini bukan cuman kalangan anak2 tapi iang dewasa juga sala satu peminat paling banyak untuk games ini,5
"sistem nya perbaiki , terutama sinyal,lag, itu sangat terganggu saat bermain.",3
setelah update jaringan jadi susah log in,5
"sekarang saya akui kontrolnya sudah bagus dan kembali seperti pes yg dulu, dan akhirnya saya tambah bintangnya, cuma yg bikin sawa benci adalah system gaca yg algoritma nya terlalu sulit harusnya kemungkinan pemain tidak lebih dari 100, 250 terlalu sulit dan membuat players kecewa sekarang sudah lebih baik tp tolong jangan terlalu banyak dan lama update.. sekarang zaman ai kan bisa lebih cepat",2
efootball memang terbaik gak kayak sebelah🫷,5
lumayan cukup bagus dari segi grafik,4
updatenya bug PP lah,2
"Kalau vs orang (lawan) delay bgt, pergerakan lemot, patah², atau malah terlalu cepat ga beraturan. Klau setting kesulitan paling tinggi/legend, umpan sering salah padahal sudah diarahkan benar, sedangkan musuh jarang salah, sulit direbut dg pergerakan yg sering ga masuk akal Fungsi wasit dimaksimalkan. Musuh tackle keras tp ga di stop, ga ada yang dikeluarkan, sedangkan kita senggol dikit sudah sering pelanggaran Pencetak gol baiknya dimunculkan di akhir pertandingan. Lapangan salju jelek !!!",3
gamenya bagus banget,5
min tolong kasih percakapan pesan saat laga teman,5
"dikit dikit update doank , tapi hasil sma aja , update biar ada liga championnya donk",3
komentar nama-nama pemain Indonesia nye hadirkan 🙏,5
game yatim tolol gak jelas,5
ngeleg parah bayak bug,3
overall bagus hanya saja developer terlalu kikir,4
konami anda sangat pelit Dangan aku saya,2
"Padahal selalu Effort top up, tapi kgk pernah dikasih Pemain Epic / Showtime Booster, giliran yg gratisan malah dikasih Pemain Epic/Showtime Booster, serasa gak adil",5
seru bgt sih menurutku karena grafiknya itu bagus banget,4
kalo bisa tambahkan fitur transfer pemain,5
sangat bagus fitur didalamnya,5
"Mesut Ozil epik, lets gooo",5
grapik mantap,5
gg game bagus,5
sering keluar saat laga vs player..dan sangat merugikan saat sudah posisi menang.. tolong developer.. diperbaiki bug ini...,5
seruuu bangettt gilaaaa pass mainnn mantappp bangett tapi minus nyaaa pass gacha ga pernaaa dapettt bagusss,5
gokil mana gokil,5
gem ini bagus tapi sayang nya gak ada mic nya seperti gem lain,5
game ini cukup bagus tapi tolong hilangkan scrip Konami,3
perubahan yg dilakukan sangat berguna...nice,5
game lumayan enak yang kurang enak saat main divisi atau mabar sama teman jaringan kdng gak stabil,5
😘,5
game bagus tapi susah banget buat dapet epik lewat gaca..,5
"Kenapa sekarang main vs ai segal pake nge lag, dan macet tiba-tiba keluar? Makan parah sih",5
game parah,3
perbaruannya makan ruang hede banget bang. ampe 2 gb lebih,2
Jersey Timnas Indonesia tidak sesuai sama Jersey yang baru dari merek Kelme jauhhh beda,2
Terima kasih,1
terbaikkkkk😁,5
game bagus banget apalagi grafik pemain nya,5
dipermudah dapat pemain boleh,5
"kenanyakan scrip, sinyal susah suka ilang padahal bagus, event monoton dam ""pay to win""",1
makin lama makin pelit,3
masih ok buat hiburan hari hari ini,5
Game e football nya seru banget ada timnas indonesia aku Menang terus game nya realistik banget kapan perbarui nya,5
game bola emng ini yg paling enak gameplay nya,5
mantaap,5
Bola bagu,5
Kasih lah epik Konami,5
sesekali kena scipt,4
keren kayak game bola diversi konsol,5
tolong di update bisa melihat peringkat devisi terbaru teman juga,4
Tolong perbaiki server PVP Online sering lag.,1
very good game,5
"game nya sangat menarik dan menyenangkan, cuman sayang klo main PvP sering ngelag padahal jaringan bagus",5
mau berapapun koinnya dapetnya pemain ampas.boleh lah kasih pemain kayak El haji diouf setiap ada acara.biar pemain pemula bisa bersaing dengan yg sudah lama,2
Game terbaik dari zaman hp java sampai era android dan ios.,5
plis kasih yang bagus jangan ampas mulu,5
untuk game sebenarnya bagus. tapi sering kali di curangi di signal. contoh signal kita penuh dan lawan signalnya 1-3 bar tapi saat main seperti kita yang signalnya jelek dan kalau tiba-tiba keluar sering kali kita yang di buat kalah padahal signal kita penuh. saran aja semoga segera di perbaiki. sehingga menjadi lebih baik.,1
"apaan lah habis updet malah eroro gak bisa login,.",2
game bagus banyak bansos lumayan lah,5
game bagong,5
game berat update ngabisin paket aj,1
bagus tapi tolong Brayen Munchen kembali,4
udah bagus banyak peningkatan cuman saran untuk sentuh jentik lebih di entengin lagi....karna serasa delay....sering telat untuk pasing dan dribble.....karna saya user sentuh jentik,5
hilangin scrip nya,5
"efotball game yang selalu merugikan member belii coin juta,an dapetnya ampas muluk",1
tambahin Liga Indonesia lah,1
game paling bagus diantar game sepakbola yang lainnya,5
Tambahin card bansos nya dong min,5
"b aja sih, main juga klo gabut",5
habis update kiper nya ga jls,5
"update apaan ini 2,45GB pdhal gamplay gitu"" aj",1
lebih bagus PES 2012.sekarang mainya ngaco,1
MIN KO GA ADA KOMENTATOR BAHASA INDONESIA YA GIMANA .,5
"pergerakan ai nya terlalu cepat dan mengetahui posisi umpan pemain,kontrol para pemain terlalu bergantung kepada player dasar game aneh",1
game favorit nih,5
tidak ada cek var,2
"Bintang 5 Pokok nya the best, cuman sayang belum ada liga 1 Indonesia:')",5
game nya bagus cuman aneh padahal jaringan bagus tapi patah patah,1
"peningkatan liga saya, mohon di buat ada liga champion y dan liga eropa lain biar makin betah main y, dan jaringan y lelet banget",2
💯,5
"GAMEE BAIKK BANYAK BANSOS, SEHAT SEHATT KONAMI",5
ini game mantul bangettttt gooooooooooddddd cuma jaringan ajj kurang,5
Tambah bagus 👍👍👍👍,5
bagus geme ya,5
Server matching nya terlalu berat,4
bagus banget game nya usahakan lebih banyak pemain gratis,5
saya marah tapi ya sudahlah😁,5
bagus banget smpe grafik nya👌👌,5
Gamenya Seru,5
Knp ini baru updet mlh ga bisa login,1
tambahin liga super league Indonesia min,5
tolong grafik nya jgn bgus bgus hp ku Ketang,5
gak bisa berkata² soal nya gem nya luar biasah banget,5
game pelit susah dapet pemain bagus,1
gamenya bagus menarik saya suka 👍👍👍👍👍,5
"Seru sih game ini, tapi krang wort it karena ada fitur smart assist di PVP jadi buat lag bagi yang tidak menggunakan",5
angger hpne panas ngo main ngeleg cuk,5
Seru bangett,5
hoki,5
yg punya game gak nitral lagi nya kek game burik receh,2
woy min jadi jadi lah tiap kamis update makin besar aja mkin gk telap hp,1
Baguss,5
game nya bagus tapi sayang club nya masih banyak yg kurang dari bundesliga dan jersey nya tolong di upgrade lagi untuk tim real madrid jersey ny sama kn dengan jersey original nya..,5
gemnya bagus kren banget,5
game bagus tapi setiap main suka lemot padahal jaringan sudah bagus tolong perbaiki.,5
"mantap, selebihnya ada in mode master league versi AI juga",5
"anyieunnnnnggg sakali na update 2,7 gb. ko na mi tollllilllkl",1
terlalu banyak update gk jelas,2
why i never get free epic even though i have fought is there any cheat in the game This,5
"ini game apaan update sampai 2,4g.hp saya kentang lama2 hancur ram ini.game g guna.",1
membaik,5
game favorit saya sejauh ini.,5
lebih ditingkatkan lagi performa pemain nya dan perbanyak kartu gacha epic seperti C.Ronaldo MU dan John Cruyff,5
not bad,3
"q pengen dpt pemain epik susah bgt,mlh dpt pemain teri Mulu,tolong d mudahkan donk udh hbis gde koin mlh dpt pemain teri,",1
konami baik hati gak pelit yang pelit game sebelah,5
konami pelit sering gagal kl gacha...,5
"Servernya bapuk, gameplay nya okelah",1
seru dtail,5
"pvp selalu hilang sinyal, padahal udh di bawah rooter wifi🤣",5
jaringan nya perbaiki anj,1
"game sgt bagus tapi , perbaiki min lawan divisi harus sesuai sama kita lah min, haama",5
pembaruan terus tapi kenapa main PVP selalu malam gak bisa siang,1
GB nya kebesaran Saya pernah main tapi tolong Saya sampe tidak bisa update Tolong ya konami,5
msh jadi game mobile bola terbaik untuk saat ini tq Konami,5
sangat bagus saya merasa game ini terus berkembang dan konsisten karena saya main dari 2022 sampai sekarang tidak ada masalah,5
tidak ada liga Indonesia tapi ada liga Malaysia,5
sangat bagus 😍😍😍,5
game jumpboat,5
minus di jaringan and refere/wasit,4
is the best game football👍👍,5
buat jaringan permainan jadi lebih enjoyy dong biar kasih bintang 5,3
"Game Bagong, Aya Ken mah liga Indonesia atuh euy lain liga Malaysia koplok",1
"game bola terbaik yang perna saya main, tapi tolong memperbanyak koin nya",5
plis dong tambah super league Indonesia dongg,5
"patch terbaru tembakan langsung sekarang malah melenceng, padahal di note patch terbarunya tertulis tembakan langsung diperbaiki agar tidak melenceng. saya merasakan gameplay yang kurang di pembaruan kali ini.",3
"game bola terbaik sepanjang sejarah, dari segi card player, gameplay, fitur dalam lapangan sepakbola keren bgt,cuman minus lisensi doang",5
kok aku update Angka 3 Mulu,5
Mantap,3
"Bagusan sblm di perbarui, sulit di kontrol",5
oke lah pokoknya 👍👍👍,5
Di kasih hoki mulu coy coba main pasti hoki tapi beberapa event ga hoki woilah,5
For the whole it is very good but please add players on the bench and animation of player alternation and VAR referee so it is better and add a coach who directs players and also add UEFA CHAMPIONS LEAGUE competition and other prestigious competitions for twins the trial is great for konami please add all these features Thank you,4
makin lama makin gede tpi presentase gacha nya malah nurun woakaoaka,5
"menurut gw ni game udah bagus, cuma jaringan nya aj yg sering ilang ilangan KLO maen PVP. Ama satu lagi tolong buat Gonta ganti akun Jan dibatas i lah buat ap coba",4
😎,5
game boring,1
game nya bagus saya download dri jaman pes sampe skrng ga pernah saya hapus,5
Tidak sama kek dlu lagi YGY,5
game ini bagus banget,5
"Apakah online divisi udah bisa pake gamepad, lebih baik di perbaiki sekarang oh iya larinya pake r1 aja jangan pake r2 udah kayak fc aja, soalnya kami sudah terbiasa bermain pes.",5
"efootball™ 26 udah bagus sih,dari segi grafik tapi coba bajunya bisa kotor kalok pemain nya jatuh !",5
asekk banget nih games,5
Pengen dapet Epic dong ya Konami udh di rate 5 nih,5
PLEASE REMOVE SMART ASSIST FOR MATCH PVP,5
lain kali benerin server,3
コナミはなぜインドネシアリーグ1をリリースしないのか? アップグレード中も時間がかかります,1
"grafik udah okelah tapi saat bermain laga pvp kenapa pemain kita jadi berat walau rating pemain nya tinggi,terus sinyal juga suka lag padahal jaringan lancar"" aja",3
terlalu lama menunggu kalau setiap kali upgrade,1
Gamenya bagus tapi jaringan servernya yang tidak bagus karena tidak semua player tidak menggunakan Wifi,5
untuk sekarang udah jos jis.. cuma kebanyakan ampas gacha,4
game bgus sih cuman update mulu,2
"pemeliharaan terus, konyol",1
apk tolol setiap kamis lama Mulu baru bisa di buka,1
love you pkonya buat konami,5
kenapa jadi sering update dah,5
"Game rusak, makin hari bukanya makin baik malah makin rusak, masa menit 60+ oper sampe 3 detik padahal jaringan aman2 aja, musuh juga ga delay samasekali, perbaikin lah konamtod, niat bikin game ga siehh, jadi males main ini game, #gamerusak",1
GAME BOLA HP TERBAIK DIDUNIA,5
SeMakin ancur...,5
Semoga di update berikut adanya lisensi untuk Real Madrid CF,5
bagus mantap tiap hari main,5
klo ga top up ga bisa dapet epic st,5
jelek sekali,1
ini gamenya bagus ya tapi tolong semua pemain memiliki emote yang lain lain juga Bakan hanya sutu tolong dibaca,4
konami kok aku loading terus bagaimana padahal penyimpanan hpku masih banyak tolong dong🙏🙏🙏,5
game yang sangat buruk,1
"pemeliharaan seminggu sekali tapi kalau main online lag terus, itu pemeliharaan cuma buat update kartu doang apa gimana dasar game judi berkedok game bola",1
"ini game sih kalo gk kikir aja banyak yg main tapi kami mohon lah Konami masak nyepin epic harus ngeluarkan 10.000 koin, kan gk masuk akal",5
agak di permudah dapat pemaen yg bagus,5
keren banyak bansos😋,5
game yang bagus hd dan bener bener realistis,5
"konami, tolong adain gacha pemain atau free pemain kiper legend Timnas Indonesia yaitu kurnia meiga Hermansyah.",5
semoga di updatean sekarang ngga makin berat,4
banyak bug aneh,3
update aja lama,1
seharusnya liga Indonesia harus ad masa liga Malaysia aj yg di masuk,4
bagus 👍 realistis,5
UPDATE BESAR²AN KAYAK GINI HARUSNYA JAUH LEBIH BAIK LAGI.. KITA LIHAT ADA PERUBAHAN APA SAJA,4
tolong card chelsea FC di banyakin kemunculannya,5
"mendapatkan pemain bagus jadi terlalu mahal, coinami",1
bagus sekali game nya grafik nya juga jadi nyaman mainnya kalo grafiknya gini gk bakal pindah nih,5
usahakan maintenance nya 1x sehari dengan durasi 23.55 jam,5
"game jualan kartu, game play lama lama berat, statistik cuma pajangan.",4
mantap gameplaynya cuman minusnya ngaruh bgt ke jaringan,5
EFOTBAL SANGAT MEMUASKAN 🥳,5
game buruk yang gua mainin,5
Sering delay saat mau ngambil bola dari lawan padahal jaringan bagus!,5
sangat pantas untuk menggeser FC mobile,5
game ini sangat bagus dan banyak bansos nya keren keren sekarang aku sangat menyukai game ini,5
semua bagus gameplay bagus cuman ada satu kadang saya main pvp pakai wifi tidak bisa tolong di perbaiki lagi supaya bisa,5
"bagus bgt game nya semoga aku dikasih hoki terus ya dapat card"" epic showtime bigtime ya konami love you....",5
game kntol,1
Sekarang Lebih sering delay pas main laga online PvP,5
"Game eFootball punya gameplay yang realistis dengan kontrol yang halus, jadi seru buat dimainkan apalagi kalau suka strategi sepak bola. Pergerakan pemain juga terasa cukup natural dan enak dinikmati saat main online. Namun, game ini kadang terasa agak kikir, terutama dalam hal reward dan progres pemain yang cukup lambat kalau tanpa top up. Selain itu, server juga kadang kurang stabil. Secara keseluruhan, game ini masih layak mendapat 4 bintang karena gameplay-nya tetap solid dan menyenangkan.",4
lumayan nostalgia doang,3
gem nya bagus,5
woy jangan paksa kami jadi fans messi lah banyak orang ngeluh tentang hal ini,4
biarkan bintang yang bicara,5
Udah makin bagus nih game gk kayak kmarin 😊🥰🥰🥰,5
"game ini bagus untuk dimainkan, tapi tambahin super league Indonesia biar tambah bagus dan banyak yang mau main game ini",4
"sistem gacha yang sangat buruk, cobalah tambahkan sistem pity timer untuk gacha nya",3
pemeliharaan sistem selalu lama masih banyak player curang menggunakan script membuat sinyal lawan jadi lag,2
game tai,3
"cuaca, stadion, hujan / cerah . tidak bisa di pilih,, agak lain",1
sering gangguan dan lama,1
terlalu pay to win,3
updatenya lama tapi hasilnya gitu' aja,3
Saya sangat menyukai game ini karena grafik dan gameplay nya sangat bagus,5
perbaiki server lu... banyak cheater sinyal....,3
mentingin material dr PD game play,1
GK salah nihh update ampe 2.45 GB..,4
game kkr,1
"yang benar aja uptade 2,5gb tapi Kouta kesedot 6gb , yang benar aja",1
Defense in efootball is very difficult now. I hope that standard style defense can be made easier again.,5
game bola yg menyenangkan,5
baru mau nyoba malah. mentenicce,4
"Server jelek, koneksi sudah stabil tapi tetep delay dan lag",1
"untuk game plan sudah bagus, tapi kalu bisa visual player lebih dsempurnakan lagi karena main d mobile semua visualnya sama,dan untuk penonton harap di adakan karna main gak ada penonton gak seru",5
like,4
"rekomendasinya kalo bisa tolong buat pemain kita vs lawan di laga online juga, semisal kita yang jadi manajer nya nanti yang maen itu cuman pemain kita aja,ke kita sebagai manajer cuman ngatur strategi aja sisah yang maen cuma pemain kita,dan maen kalo bisa lawan player lain gitu.semoga paham apa yang saya maksud🙏🏻🙏🏻 sekian dari saya",5
Joss jiss,5
bagus bngt asalkan ga ngelag,5
bagus banget seru hd juga grafiknya ga ngebosesin,5
Game mantap,5
server benerin lah,2
Match dengan teman terlalu lama loadingnya,5
sangat baik dan berikanlah saya card epic atau big time,5
"""Grafik dan gameplay sebenarnya sudah oke, tapi tolong diperhatikan sistem gachanya. Rasio dapet pemain unggulan (Epic/Big Time) makin ke sini makin nggak masuk akal, terasa cuma buat yang 'pay to win'. Selain itu, event-nya sangat membosankan, cuma muter-muter di situ saja (PvP/AI) tanpa ada inovasi baru. Tolong perbaiki supaya user lama nggak jenuh!""",5
Game taik! Lagi menang di 3-0 di match liga tiba² dapat notif kalah karena jaringan buruk. Padahal lawannya yg CLOSED MATCH!!!,1
sanagat jelek,1
Developer KONAMI update sepak bola tolong Developer KONAMI Bang Mod SUPER LEAGUE Liga Indonesia update sepak bola,5
kon servernya dong Kon benerin,5
lumayan bagus💯💯❤️❤️💯💯❤️❤️,5
"Udah lumayan ada peningkatan.. hanya saja di pVp susah bet kdang berat pemain nya ,kontrol susah banget semoga di perbaiki terus",5
"Pekerjaan bagus konami 👍👍👍. Tapi tolong adakan pilihan bola warna Oren, dikarenakan kalau main salju pake bola warna Kuning tetap menyerupai salju, dan juga tolong adakan fitur hidup/mati lingkaran yang ada dibawah kaki pemain, itu mengganggu atau mengurangi keindahan dibawah kaki si pemain tersebut, Terima kasih 🙏.",5
Taik gratis akhir tahun diluar ekspektasi,5
semoga updet kali ini lebih bagus.,2
Bentar lagi bangkrut ni game...,1
"setiap main lawan tim power kolektif jauh diatas kita, saat posisi menang match selesai tiba² ngeloading ""sinyal buruk anda kalah"" sering banget kyak gitu jdi bikin males maennya.",2
tolong ya tambahin BRI liga 1 indonesia min,5
"server sulit, gacha pelit",1
gamenya bagus kali aku kasih Bintang 5 deh biar yang punya gamenya senang,5
"P2W is real,",3
game terbaik gacha hoki bgt,4
oi konami kalo pemelihara server jangan lama² dong gw peng main loh,4
remove smart asist from divisi,1
Update mulu busuk !!!,1
"walaupun bagus secara grafik dan gameplay,tolong bug di dalam game di fix kan. Contohnya saya tekan tombol umpan terobosan malah buang bola. Dan tambahkan juga lisensi indonesia super league",4
"gem aneh .masa tam bahan waktu 0 bisa lajut terus sampe musuh menang ,tolong lah konami yang bener Jagan aneh -aneh ,masa gempley ancur ,baru menang sekali ,main lagi posisi meng ko musuh bisa -bisanya jadi unggul dah larinya pada cepet -cepet padahal pemain asetandar .jadi tolong lh konami yg serius setiap pembaruan jangan ada yg aneh -aneh ,percuma kalo setiap hari kamis pembaruan masih ada yg aneh .masa kalh sama gem sebelah sih",2
game ini sangat seru,5
Perbanyak lisensi,5
saya main dari tahun 2017 tapi baru kali ini merasakan buruk nya pes. padahal tahun 2018 yang lalu mesih enak dimainin tapi sekarang bikin kecewa,5
mantap perbaiki ngelagnya,5
GAME PAY TO WIN,1
tolong lambang tim nya di update,5
"For depolovers, we are users from Indonesia, please provide the Indonesian Super League so that many users from Indonesia will play this game, thank you 🙏",5
tiap update ga ngebug lagi,4
tolong hilangkan smart assist di laga PVP atau divisi,5
bagus tapi perbaiki lagi grafiknya,4
pendapatan udah banyak tapi tetep aja pelit jir.terus juga kalok bisa pemain potw jangan cuman bisa 4 tambahin lagi lah.jangan kikir kikir gitu,4
game yang sangat bagus dan realistis,5
banyakin hadiahnya dan mudahkan saya dapat epic,5
"mungkin dari segi lapangan di update lagi agar lebih menarik, dan untuk bagian pemain cadangan bisa di perlihatkan masing"" kemampuan untuk penonton juga di saat tidak gol di buat dduk tidak berdiri itu saja saran saya harap langsung di respon pihak Konami terimakasih",5
Game menjengkelkan 😀,4
"Bagus game nya , tapi saat saya gacha Selalu tidak dapat. Nickname : RiszNokecot",5
Jika nanti update lagi saya mohon bisa Gonta ganti stadium/renovasi stadium agar gak itu itu aja stadiumnya,2
Llisensi nya bgus banget sumpah gak ada obat,5
please add Bundesliga license,4
"game nya sudah bagus,tapi sinyalnya wajib di perbaiki",4
MAKIN UPDATE MAKIN BANYAK SCRIP CHEETER NYA GAME GAK BERKEMBANG,4
saya suka game ini saya udah main 1 tahun gameplaynya mulus buat tim impianmuu,5
keren gamenya,5
eFootball > Fc Mobile,5
"saran saya pisahkan player manual dan smart assist biar ada pembeda, asli gak asik klo di gabungkan tolong ya Konami",4
game nya bagus grafik nya pun bagus👍,5
game yg nyaman di mainkan dri konami dlu sampai saat ini,5
besar bngt update yang sekarang bjir,5
tolong di tambah cek var nya!!!,4
min tlong buat liga Indonesia min ya,5
server nya perbaiki ya kongnaim,5
Memuaskan,5
"smart assist sangat mengganggu permainan tim sekarang bukan lagi permainan PVP,tapi AI vs AI",5
Gamenya bagus terbaik dari yg sebelah😁😁😁,4
- lisensi - pertemanan/mabar +gameplay +fitur +update,5
liga Indonesia?,1
"kembangin gameplay dan event in game aja sih, buat hal lain kayak card pemain, sistem gacha, udah bagus",5
"game baik, suka berbagi, dan tidak ngelag",5
"kekurangan game ini cuman satu jaringan saja,Sanya sudah make wife dengan kecepatan 200 Mbps tapi tetap lag,hp juga lebih dari kata mendukung padahal",5
banyakin pemain gratisan nya di region Indonesia . soalnya saya player bansos .. 😂😂😂 dan tambahin slot taktik team yg awalnya 10 jadi 20 agar build up tim bisa sebanyak2 nya ..,4
nambah 1 lagi kalo di kasih big time,4
"update terkeren sepanjang masa, game sepak bola lainya ampas, konami terken btw Tolong Lisensei diperbarui klub"" Terkenal lah seperti king madrid dan liga 1 indo biar mantap dan makin rame🔥😎. tambahain fitur pergantian pemain dgn pilihan sendiri secara otomatis jgn random🙏🏼. min tolong setingan ya bikin tanpa penonton tapi ada komentatornya",5
b aja,4
smart assist tolol hapus aja,1
"kasihlah indonesia ini server sendiri, kalain kerja sama pssi tapi bikin server di malaysia bukan di indonesia itu sangat konyol",5
Tambahkan liga indonesia terimaksih.,5
Minus sinyal,1
GAME YANG SANGAT BERKUALITAS BANGI ANAK BANGSA,5
"kalo mau nyantai jangan main game kaya ginian,udahlah sistem gacha ampas,wasit kadang berat sebelah ga boong.pay to winn... ooo pasti kalo ngeliat card sekarang aja gimana,ketemu player double booster ga mungkin ga kalah udah mah kartu nya bagus wasit nya berat sebelah ga rekomend efootball sekarang buat dimainin,soalnya bener bener disuruh beli card epic bagus buat menang ,buat yang ngomong ah kartu apapun tergantung pilot taii,mana ada main sana PVP ketemu squad full epic+bigtime,kalah? pastii",5
tolong di perbaiki lagi masalah gameplay nya dan masalah sinyal,5
Game play yg buruk,4
"Tolong dong, radek vitek dari Bristol City dibuat real face🙏🏻🙏🏻🙏🏻",5
game keren tolong beri saya hoki,5
"kocak, master league malah jadi event dan downgrade parah dari master league sebelum nya, padahal jadi dlc berbayar pun tidak masalah",3
menang grafik saja. Gameplay terlalu banyak script dan manipulasi,1
lumayan lahh buat isi waktu luang,5
"bagus , cuma pemeliharaan server terlalu lama bisa sampai 5 jam dan terlalu sering",4
"YOU PAY, YOU WIN, APLIKASI JUALAN KARTU",1
alhamdulillah update lagi lagi,5
"game mantap, minus sering menyelam saat gacha",5
ps dalam genggaman.. seru,5
"tolong perbaiki bola yang terpantul dari tubuh pemain yang terkesan berlebihan, Terkadang kondisi ini menguntungkan namun juga bisa merugikan.",5
kenapa gak ada lisensi liga indonesia padhal udah kerja sama dengan indonesia padahal ranting tertinggi pemain adalah indonesia,5
bug masih ada,5
@konami tolong dong smart asist di hilangin aja .. semua pemain juga jadi pro lah kalau di bantu komputer.. harusnya gak usah di kasih SMART ASIST segala biar main pake skill player masing2,2
Konami kapan liga Indonesia ada di efootball? tolonglah player efootball di Indonesia sudah sangat ambisius menunggu lisensi liga 1,5
game yang sangat detail bagus hoki juge hehe,5
"TOLONG KONAMI LEBIH PERBAIKI SERVER NYA, JARINGAN SELALU NGELAG DAN PUTUS, PADAHAL JARINGAN NYA MENDUKUNG, KALAU MAU MAJU HARAP DIBENAHI LAGI MASALAH SERVER JARINGAN.",2
"game bagus cuma kurang di lisensi, event, dan rawan untuk kecurangan, sekalipun ada laporan tapi gak ada hasilnya",3
"dari segi grafik udah paling baguslah,tergantung hp kalian juga itu,cuma bug nya tolong di benerin lah,gua main divisi pvp,sinyalnya down bgt dah,udah gitu macet² sering for close juga pdhl hp gw bagus",3
Game yang sangat bagus. Script dimana mana. Sangat memuaskan penggunanya.,1
GAME TOLOL,5
sinyal lemot pahadal sinyal normal tapi pas main berat banget,1
"ADD LIGA SUPER INDONESIA PLEASE , kamis depan 🙏",5
Game dajjal,5
"kalau bisa pengaturan team dasarnya ubah jadi kayak dulu, yg sekarang repot karena harus balik ke menu utama dulu baru bisa ganti",5
Sejak jaman saya dulu bermain pes 2018 sampai sekarang ga pernah bosen sama gameplaynya seru bangett,5
game baik,5
Kontrol jd ga karuan...,5
kikir banget wok,5
saya suka maen efootball tapi update nya jangan lah sampai 2GB plis,4
"agar lebih realistis lagi, tambahkan scene pergantian pemain",5
tambahkan fitur master league mantab,5
gimanan yah,4
efootball Update 9 April Live? You want me to get YouTube..,5
"game nya sih udah mantep cmn masih kurang,karena animasi selebrasi nyaa itu itu ajaa bikin ngebosenin,terus juga tambahin liga 1 indonesia dong sama komentator bahasa indonesia,jangan luar negeri mulu,terus juga wasit nya di ubah dong jangn yg botak terus,terus juga animasi pelatih nya adain dong,sama ada gaji pemain nya,terus juga tambahin animasi di wawancarai sama reporter dong,makasih🙏",4
maaf min sebelumnya kok saya nyari tim Bayern Munchen kok skrng gak ada tolong Adain min,5
"saya main grafis rendah jadi gk ada komentator, tolong dong next update walaupun grafik rendah bisa pake komentator",3
game mantapp,5
good gamee,5
perawatan terus lama2 kayak kambing,1
"gem g jelas, analog tiba tiba lepas, pasing g kearah, lucu ni gem",3
game bagus semoga kedepannya nambah lisensi,5
"game bagus cuma sayang banget pvp kalo gak lag ya delay minta ampun, ini pake jaringan wifi kenceng padahal, lawak memang, udah dicoba grafik pake yg paling rendah pun gak ngaruh padahal spek hp sangat sangat cukup.",4
di bagus,1
jaringan nya kwn,1
lebih perbaiki ke persoalan gameplay,4
game udah bagus tapi tolong dong hapus smart asis nya konami,5
parah gacha terus terusan dari tahun 2023 sekarang 2025 blom perna di kasih apa apa Konami gimna .,5
perbaiki lagi masalah jaringan ketika divisi.. udah itu aja biar player nyaman mainnya,2
kurangin kikir nya konami,5
tambahkan BRI liga 1 kak,5
"Tolong berikan colom atau menu saran pada pengaturan. efootball tidak perlu banyak lisensi. seperti royal pass pubg, event per season, hadiah yg di dapat permanen.",4
game ini sangat realistis,5
"kebanyakan maeintance kk,",1
sebentar sebentar update tapi efek dari update nya malah banyak minus hadehh bosen update melulu,1
game ini sangat baguss apa lagi grafik nyaaa,5
Please create a player exchange feature between users!!!!,5
Mengapa Mreka slalu bertanyaaa?,5
Sangat mantap,5
Kecewa karena sulit mendapatkan pemain incaran saat gacha,1
game hebt,5
game yang sangat bagus dan aku cinta 🤍,5
seru banget,4
game scripted,1
bagus seru makasih ya efotball,5
matikan bantuan cerdas(smart asist),4
Semoga sering dapat pemain epic,5
"setiap pagi pasti pemeliharaan selver terusss, muakk, kalok semingu sekali masih mending, lah ini hampir tiap hari di pagi hari,, langsung unfollow!!!",1
tinggal jaringan yang perlu di perbaiki,4
kurang sih karna akun ku murah ilang anjir,1
Game delay sehingga menyebabkan kesalahan yang berujung kekalahan. sering macetnya dari pada lancarnya. Konami tolong perbaiki.tetep jeleg sinyalnya dasar. woy niat bikin game gak looo.. kalau kaya gini terus bisa bisa pindah ke game sebelah,1
"Smart assist is the solution for the delayed pass, missed pass, and ugly finishing, gimme more free selection epic or show time because free epic without selection contract is just scam. so I can give you 5 stars. from my deeply heart I love this game",4
"harusnya kalo mau ngasih pemain gratisan, booster nya harus satu, biar bisa bedain mana hasil spin, mana engga",1
"Semoga diPerbaiki ,: 1. Buat Sistem Transfer, agar game lebih menarik 2. hadirkan Sistem Liga Champions 3. Jersey buat seperti Tim asli di realnya, karena Jersey menjadi look yg buat menarik game 4. Referee (Wasit) buat banyak agar.bida kita pilih2. #Jika faham akan saran, pasti saran dari semua gamers di tanggapi dan di action kan. sukses selalu, Konami. terimakasih",5
game nya bagus tapi tolong tambahkan fitur handsball dan stadion nya jangan cuma efootball stadium (maaf ngatur-ngatur),4
Pliss kasih gw Del Piero,5
"UPDATE 05-02-2026 bikin game ini makin hari makin hancur hancuran😡🥵 kalau suda tidak leg leg berarti saya kasih 5 bintang,, sampai saat ini belum ada perubahan,, lebih baik tidak usah kasi bintang sama sekali aja, karena gamenya SEMAKIN HANCUR👺",1
GAME KNTL,1
semoga dapat pemain epic,5
"game bagus tapi lain kali udah pakai wifi tetap aja ngelag dan patah-patah,di perbaiki lagi dong konami biar pemain efootball lebih nambah semangat.untuk divisi juga kalau bisa jangan sampai ketemu divisi lebih di atas kita,divisi 2 ketemu malah divisi 1 tolong di perbaiki lagi agar player bisa senang bermain efootball,terima kasih",5
joss game bagus,5
banyak ngebug pas selesai malah harus login ulang dan pertandingan yang sudah selesai dan menang malah di anggap menyerah pada lawan aneh,1
"udah kecewa sama ini game udah gak ramah sama spek low kemaren"" lancar sama hp spek low sekarang udah parah ngelag nya ...",1
"Its amazing game, beautiful graphics",5
smart asist is trash,1
"diperbaiki lagi boss, game buruk",1
"kepada konami yang terhormat,saya ingin mengeluh tentang update efootball yang terjadi selama smart assist itu adaa,pengalaman saya sekarang sangat buruk selama smart assist ada,mohon hapus fitur smart assist nya konami",5
game banyak script ga jelas,1
Tambah lama tambah gak jelas. Nge lag nya bikin main gak nyaman. Langsung delete aplikasi.,1
grafik doang yg bagus ..Setinganya Licik Curang...Jadi jelek gimnya...Pelit sama pemain Epic,1
pay for win,1
"cape bngt push divisi ,ketemu chit terus kesel",1
game paling cacat jaringan musuh yang nggak stabil kita yang kena imbasnya.,1
"overall udh bagus ! cuman fitur replay nya bisa di save boleh lah siapa tau bisa liat momen"" keren di tonton ulang lagi",4
"game terburuk yang pernah aku mainkan,jaringan nya kek anjig pdhl udah penuh jringan hp gua",1
"ga cocok di kasih banyak bintang. sistem dalam game yang ga normal, bisa bisa nya divisi 4 ketemu sama divisi 2 pada saat bermain di liga pvp. kalau ga di gubris lagi emang sampah ni developer, main yang awal nya fun jadi stres.",1
"Main berasa berat banget, sistem permainan berasa curang berat sebelah, pay to win and script tidak masuk akal no realistis, main cepat malah pemainnya bingung dan lama jadi tidak teratur, let's see apakah konami anti kritik atau tidak",1
game idiot,1
jaringan gak jelas pas main servernya gk jelas,3
"keluarkan epic legen cr 7,atau event cr7",2
baguss banget,5
efootball™ makin sini makin ga jelas jaringan bagus tapi masih lag.. parahparahparah,3
niceee,5
"kenapa pada saat main pvp sinyal nya naik turun, kalo main FC mobile malahan stabil, itu emang gamenya apa ada yg make script sih?",2
hapus smart assit,1
thank you,5
"lagi dan lagi masalah koneksi,padahal di pertandingan udah menang pas selesai malah kalah dianggap masalah koneksi,masalah lama masih saja gak di perbarui",1
game GK jelas,1
"Dear Efootball saya main udah lama bngt dari jaman black ball,entah kenapa akhir- akhir ini suka lag atau patah- patah ya ,padahal jaringan bagus terutama saat PvP untuk kamis 9 april 2026 tolong perbaiki lagi ,jika tidak diperbaiki jujur saya kecewa bngt terima kasih",1
intinya ga ngenakin bgt,1
"game t*i ya cuma ini cok, sinyal padahal full, maen game online laen lancar, streaming aman, lha kok buat maen game ini yg PvP tiba tiba kayak t*i, bar sinyal padahal full!! gak faham lagi ama game penambah stress satu ini 👍",2
"sstelah update, sliding tekel jadi lebih mudah kena, malah jadi mengganggu gak realistis, mada sliding dari belakang 90% kena bola, harusnya 50:50 persentase sliding berhasil atau enggal, ini asal pencel sliding aja udah pasti dapat bola, gimana sih ini update malah jadi ganggu jalannya gameplay bukanya membantu malah mempersulit aja, enak player yang pake smart asis asal tekel juga udah pasti kena, tolong lah untuk updatetan ini diubah kayak semula",1
"sinyal padahal bagus dan ram hp masih banyak malah pas main patah patah yg parah mana bisa kita menikmati utk memainkan permainan ini, ini developer niat gak sih buat game dan buat para player nyaman utk bermain 💤💤💤, mending saya uninstall ini game kalau developernya gak niat bikin player nyaman.",1
"Tolong update untuk trofy/piala di setiap liga masing-masing,mohon jangan trofy/piala nya itu-itu aja padahal beda liga dan satu lagi ubah face wasit biar ga bosan wasit nya itu-itu aja terima kasih semoga di update lebih detail untuk trofy/piala di setiap liga dan face wasit🙏",5
"sdkt crhat tentang game ini, knpa setiap malam hri ketemu lawan nya ga ngotak terus di tambah pemain ku di hadapan pemain lawan itu kaya ciut banget, aku harap konami bisa memberbaiki game ini, setiap saat main ini saya selalu tantrum sampai² lcd hp saya hampir kena,dan kepala saya benjol pukul kepala pakai hp, dan kadang konami itu berat sebelah, kasih lawan kami yang kadang kesusahan melawan pemain yg di kasih 3200+ di liga efb apalagi saat malam hari, dan sya brhnt main game ini agr tdk stres",5
bagus jir,5
game gak jelas tiba tiba kalah padahal udah selesai pertandingannya,1
"susah amat kalo main player vs player, sinyal lancar tapi ngelag, pas oper juga lemot kalo p vs p.. kalo ga main p vs p nunggu acara offline lama",1
"game aneh mencet volume langsung keluar aneh cape gw push divisi saban hari muter"" Bae perbaikin ngapa game nya",1
game favorit,4
sinyal nya kurang bagus.jelek patah-patah sinyal nya.tolong sinyal nya dooong perbaiki,1
beri aku Gerrard,5
Oke,4
"eh taiii gua buka bokeeep lancar, kenapa pas main putus koneksi",1
"divisi masih sering ketemu lawan yang main sinyal,,,masak sekelas efootbaal tidak bisa menyelesaikan masalah ini",1
Tambah Liga 1 Indonesia lah Banyak loh user indo yg main efootball gak kesampean ke sana kah admin efoot?,4
"apanya game nya ini,udah pake wifi jaringan sangat bagus malah ngeleg",1
yang bikin game raine kaya celeng alas,5
bug terus,1
Efotball terbaru 2026 ini bagus nggak nyesal download game ini,5
Remove smartassist hanya untuk di divisi,5
"game pay to win, server suka delay, banyak bug",1
"Coba dong ada kompotisi cup ,kaya liga champion,bisa pilih pilih club atau negara ,biar ada kejuaraan, Pasti bagus keren 😭",5
gem bego ya ini habisin paket,1
"efootball harus menangani tentang kendala sinyal, tidak masuk akal ketika jaringan lancar dan cepat saat bermain pvp divisi bias LAG sekali TOLONG DIPERBAIKi",3
game seru banget tapi kekurangan nya minta duit dulu buat top ap,5
makin kesini makin gak jelas ni game biasa kalau lag cuman muter².... ini malah langsung keluar... padahal lagi posisi memang lag dikit langsung keluar sendiri... game idiot,1
masa pas main sudah menang main sampai akhir. giliran habis main tiba-tiba gelap putar2 tau2 muncul tulisan kamu kalah karena ada masalah dengan koneksi mu. heran aku sama Konami padahal aku jaringan bagus. kecewa aku main cape2 menang sama saja. sudah sering terjadi di saya,1
game jelek padahal jaringan bagus tapi delay pas main,1
kalau bisa ada in dong club liga indonesia nya..,2
pencarian musuh tidak seimbang,1
"puluhan kali, menang tapi ketika keluar pertandingan hasilnya kalah, dianggap koneksi buruk. merugikan player!!!",1
"tolong dari pihak Konami untuk smart asist jangan gacor² lah, ini saya ketemu lawan dengan smart asist kalah mulu ini, jadi tolong ya KONAMI😁🙏",3
game dengan jaringan tertolol yg pernah ada,1
Terlalu easyyy,5
sedikit bagus,1
GAME TOLOL,1
"Game aneh, masa sih udah menang 4-0, malah keputus koneksi, padahal sinyal di hp lancar"" aja, game busuk, perbaiki dulu koneksi di game, baru card pemain. BINTANG 1 DULU.",1
"kenapa ID ASAA Jarang di kasih pemain epic. sebnyak apapun gacha. taaek buang aja itu SA / SMART ASSIST. bikin permainn kurang menarik, yg main asal pencet. udh ngk enjoy sperti dlu jadi ny",1
"perbaiki bug nya Konami, masa tiap maen online saya pribadi udah menang banyak tiba"" keluar sendiri, dan di anggap jaringan bermasalah",5
"game ini sudah di schit artinya kalah ato menang sdh diatur sistem, klo diatur menang pasti operannya tepat dan akurat (kebanyakan untuk player baru) tapi klo sistem sdh diatur untuk kalah maka sejago-jago nya player akan Kalah dgn cara dibuat ngeleg- ngeleg atau Prgerakn para pemain jadi sangat lambat dan berat",1
"ilangin fitur smart assist, nyusahin player",1
pas maen jaringan oke pas mau mau kembali setelah selesai game tiba tiba ngelek dan Akhirnya kalah 💔,1
game nya bagus tapi tolong penonton ada reaksinya sendiri,5
"saya beli item tpi gada yg masuk padahal udah saya bayar, game penipu pengambil saldo, kembalikan saldo saya",1
tiba tiba tidak berfungsi aplikasinya .. kok bisaa y...,2
"JARINGAN DI PERBAIKI JARINGAN, KONEKSI STABIL TAPI IN GAME NGELAG",1
game nya bagus dan menarik,5
semakin aneeh,1
"untuk Konami mohon diperbaiki ketika p vs p gameplay nya sangat terganggu padahal jaringan bagus tapi pas gameplay malah nge lag gameplay jadi berat, mohon di perbaiki itu saja",3
"konami bgst lagi main tiba² keluar sendiri ""kesalahan jaringan"" pdhl jringan bgus sistem kentir",1
"sangat buruk, jaringan full tapi putus"", main game mau buat refreshing otak malah jadi setres",1
kasih saya hoki kalo lagi spin ya Konami,5
sumpah real banget tapi agak bagus dikit tolong di bagusin lagi yaa,4
game' bola yg seru..,5
bikin emosi naek darah,1
smart assist ga adil banget divisi,1
game keren,5
tolong tambahkan fitur chat di out game supaya bisa mengobrol dengan teman.serta tolong di in game tambahkan fitur quick chat dan voice note ketika bertanding dengan musuh dalam mode pvp.,2
game nya bagus grafik bagus eventnya banyak semua lengkap kecuali yang kurang lisensi masih terbatas tapi masih seru mantab lah,5
"game nya sangat bagus tapi susah dapat pemain bagusnya,,tapi andai dong BRI super league.",5
game yang bagus,5
lemot ketika kembali ke lobi,1
pake kartu apapun sinyal tetep lelet. game g guna,1
"game nya bagus dan seru, tapi tolong sekali perbaiki analog di game ini karena masalahnya yang sangat fatal 1.umpan passing seharusnya sesuai dengan arah analog 2.analog terkadang tidak bisa di pencet 3.sangat lebih baik jika ditambahkan fitur analog yang mambuat analog bisa dipencet di manapun dan tidak ikut bergerak searah dengan gerakan jempol(jari untuk memencet analog). hal ini sering sekali membuat saya frustasi dan saya yakin banyak orang lain yang merasakan hal yang sama",5
"gj, cape keluar trus push divisi, sinyal pdhl gpp lancar, esmosii untung sabar hdeh",1
"Game aneh, saat main laga PVP lancar. Tapi saat main divisi Ngelag parah sinyal gak stabil padahal jaringan full dan lancar yang berakibatkan saya kalah terus menerus. Tolong Konami setelah maintenance server nya diperbaiki jangan hanya gacha saja yg di prioritaskan sedangkan kenyamanan pengguna tidak. Semoga di Indahkan",1
harus lebih realistis aja sih,3
sangat delay saat mengoper bola PVP,5
Server kurang bagus,4
gak ada bintang soalnya game butut padahal sinyal bagus tapi ngeleg parah,1
tolong kembalikan akun saya yang ovr nya 9387 saya tunggu dari pihak efootball tadi malam saya main tiba' ada tulisan akun anda di hapus,1
"plis konami SMART ASIST nya kalo bisa hapus aja konami,kalo bisa hapus aja di divisi karna mengganggu banget game play nya jadi berat banget lg,yg main didivisi pun bukan pemula dah itu udah pada bisa main semua bukan lg pemua mohon di dimaklumi....... YG PAKAI SMART ASIST ANAK HAMA",1
tolong di perbaiki saat saya main tiba² logout gajelas sangat meresahkan,1
lagggg terusss,1
game nya bagus tapi klo main online pasti kek delay ngelambat gitu bikin kesel sumpah,1
kalo gk siap bikin jngan bikin game fps sering drop gacha ampas tingkatin aja gamenya dulu gk usah mikir lisensi tim aja,1
"wah game nya sangat bagus, tapi bohong",3
delay banget ga jelas,1
Saya masih tetap bintang 1. Lagi² masalah jaringan.. Capek ngasih tau Konami kalo kek gini.. sibuk jualan kartu mulu'.. urusin server ga becus.. bar sinyal penuh tapi main rasanya berat.. emang script kek gini yaa kali..,1
"sedih sih, gabisa login pake akun lama",3
game hamax,5
"tolong konami lebih cermat lagi pengawasan masalah player cheater dan hacker di game ini. kita sudah susah payah main murni dan tingkatkan kemampuan tanpa curang. jika tidak di atasi segera, lama lama banyak player yang uninstall",1
saya suka bermain game ini,5
"game aneh 2 kali menang, pas mau ke menu utama malah terjadi koneksi buruk dan akhirnya kita yang kalah sempak padahal jaringan selalu bagus tapi mau gimana gamenya jelek,banyak update tapi tetep ga bisa bikin yang main puas sama updatenya",1
game sering keluar sendiri pada saat menang,1
"lu pada yg masih waras normal, jgn coba2 ni game",1
harapannya akunku dapat pemain epik terus,5
seru tapi gak ada sistem jual beli,5
maaf saya turunin bintang nya.. sekarang jadi game tolol bnyak lag lemotnya kelewatan.. selalu kalah dalam pertandingan gak masuk akal.. lama² pindah game lain,3
"game sampah,update doang tiap minggu tetep aja gaada perbaikan👎👎👎",1
gua mau download gabisa padahal ruang masih banyak udah dihapus segala aplikasi dan video masih gabisa game macam apa ini,1
game kontollllllllll masa jaring bagus wifi ga ngeleg tapi main efotbal ngeleng kan aneh tolong lahhh konamiiii,1
game sepakbola terbaik didunia,5
"nice game,, real life,, good for fun with friends",5
"game gajelas, sinyal bagus tiba tiba disconnect, delay padahal device flagship, banyak yang perlu di evaluasi tapi ga sadar diri, udah banyak kritikan tapi dibiarin, sehat sehat deh game kikir👍",1
"The referee is not fair, a tackle that hits the foot is not a violation",4
game nya bagus tapi agak ngeleg,5
"game kontolll, fitur smart asist nya hama bagett buat pvp",1
Game paling busuk,1
"keren bet gamenya,real face+mirip sama yg aslinya,bagus pokoknya👍",5
liga eropa TDK lengkap Bayer Munchen TDK ada dan seragam liga eropa TDK lengkap motifnya termasuk liga ngris dan sebagainya dan muka pemain jugaasih yg TDK sesuai muka aslinya harusnya rajin2lah mengupdate mode eksibishinya,1
masih banyak chiter dalam pvp,3
bisa gak di ubah ...mentenen nya jangan di siang hari ..kanapa gak di tengah malam saja ..,5
"please, support gamepad in pvp mode",4
semenjak update gameplaynya delay bgt sama sering lag,2
gmana cara nya kembali ke. akun efottbol lama,5
Game setan,1
baguss sekali,5
"klo lwan com knp klo didepan gawang sll bug , dan knp klo nendang didepan gawang tendang ke gawang mlh lri out , gilagame makin ngaco",2
"saya sudah dari lama main ini,tetapi akun saya tidak bisa dibuka",1
"Game lag, padahal jaringan bagus dan phone ram tinggi, tidak nyaman. bkn pilihan terbaik sepertinya",2
"tolong gameplay diperbaiki lagi bikin kecewa aja, lama2 kayak gini terus yakinlah player2 pada unistal ni game. tambahan skrip gk guna",1
"tolong dibatasi penggunaan smart assist , sangat berpengaruh ke gameplay jadi kurang puas aja gitu kalau main terus lawan yang pakai smart assist untuk jaringan sangat buruk padahal kalau buat main game lain lancar"" aja seperti mobile legends dan lain""",3
idiot game,1
"game ajg gajelas, udah menang kok pas selesai jadi kalah,padahal sinyal bagus",1
semangkin hari semangkin bagus game nya tetapi tolong untuk event² pemain geratisnya lebih banyak lagi yah pak,5
makin males mainnya masa buka apa apa harus nonton iklan dulu makin bobrok pess tolong di perbaharui lagi saya main dri prtma ada thn 2017 smpe skarang bkn tambah bagus malah jadi bkin bosan,2
"game t** dari dulu masalahnya sama. posisi unggul selalu loding dan berujung kalah, padahal sinyal juga di buat main game lain lancar, giliran buat main ini game selalu gitu, giliran di posisi kalah ga ada masalah masalah jaringan gitu. entah emang musuhnya yang pake pihak ke 3 atau emang game nya gitu. udah berhenti hampir 1 tahun eh pas balik main masalah ini masih sama aja, tapi masalah ini cuma ada di divisi 2 ke bawah, kalok di devisi 1 belum pernah ke jadian saya, tapi tolong di perbaiki",3
boleh,3
controlnya makin liar,1
"server lemot pvp super delay padahal yg main cm 2 orang, game moba aja 5 vs 5 lancar. Ditambah smart assist gameplay jd aneh bgt. Kocak",1
game makin bagus,5
"game dengan persentase sistem gacha paling buruk, dan match making pling lama , anda juara satu untuk 2 kategori ini",1
"trashy developer, my account has only been unlinked for a few days without logging in, you monkey developers, I'm annoyed that my account has been unlinked for a long time, you idiots",1
"sering putus putus sendiri sampe saya degradasi dari liga e football, ayolah perbaiki, sudah berusaha sabar 1-2 kali mending, ini sampe saya degradasi loooh, sangat kecewa dengan performa game ini.",1
"game sampah, grafis di alusin malah ngeleg",1
baik',5
"game banyak script, tiba² pemain berat dan harus kalah sama musuhnya",1
ok mantap,5
sinyal kadang tidak stabil,3
"Game Ajngg, Game Pay To Win, bngke kalo main divisi dikasi lawan gk ngotak",5
"game sistem kalau sudah poin 1300 tiba-tiba playernya pada berat, lambat aneh, suadah posisi menang di babak kedua tiba"" pada lambat pamainnya kesana kemari aneh aneh",1
"sistem Konami Scriptnya bisa diperbaiki kah ? Liga Efootball vs AI buat pelanggaran gak pernah adil, pihak AI terus yang diuntungkan Wasit.",1
filth,3
kontooool,1
"game paling aneh yang pernah gua mainin, najis banget game pay to win, mikir ga sih matchmaking sesuaiin sama rating tim dong kocak, dikira bansos bisa nyaingin tim yang isi pemainnya bagus bagus semua",1
game najis .gak bisa misahin user smart asist sama manual .tutup aja,1
bagus sih cuma minta tolong hapusin script konami,3
"game bagus tapi yg di sayangkan setelah upgrade pasti rating turun dari divisi 2 ke divisi 4, sangat tidak menyenangkan",4
pay to win game,1
saat main sering kali tiba-tiba log out rating kesantunan jadi berubah dan jaringan sangat tidak stabil,1
perbaiki sistem penerimaan signal,1
"match selalu tidak seimbang, game pay to win",1
dari 2018 🖐,5
game jelek burik pelit dalam sistem gacha jaringan udah bagus malah jelek mending pindah game ke game sebelah,1
apaann jaringan bagus pas maen Gapernah 4/5 hama bgt,1
"menang push rank karna lawan signal buruk..., kalah push rank signal kita yang buruk wkwkwkwk..., kacau konami setingan lu",1
"sebenernya bagus, game bola terbaik yg pernah gw main, tapi pastinya ada kekurangan, btw tolong dibantu likenya biar kebaca ama konami. Pertama pastinya jaringan yg sangat leg, gw heran game apapun ga pernah se lag ni game. Ke 2 bug yg sering gw alamin yaitu gabisa cancel tendangan, ini sering terjadi pas depan gawang musuh biasanya kalo bola muntah gitu, pdhl udh double tap, di sentak juga ttp nendang mana nendang nya ngawur lagi, dah si mnurut gw 2 itu aj yg paling bermasalah, sisanya bagussss",3
terlalu kikir dalam pengadaan even untuk ecoin untuk para player F2P,1
sistem jaringan ini game HANCUR,1
game ini sangat keren dan populer sekali,5
"Game juancok gara- gara game ini kawanku pada gk mau login ML wee ditongkrongan dikacangin mulu gw, smuanya main ini!",1
mantap well,5
ada iklan mahjong cog,1
"sistemnya di benerin lagi ya, sangat² merugikan! saya kasih contoh kecilnya, posisi win tambahan waktu 4-6 menit giliran kalah cuma 1-2 menit.. itu contoh hal kecil saja blom yg lainnya. seperti scrip",1
game terlalu curang,1
game ini bagus tetapi masih kurang di gocekan nya yang susah di kendalikan,5
"semuanya bagus yg harus diperbaiki cuman Lag nya saja, plss tolong perbaiki lag ini membuat gameplay saya hancur! 🙏",2
"Kenapa setiap pertandingan ketika saya menang tiba tiba jadi kalah (karna koneksi), tapi ketika saya kalah tidak ada kendala atau tanpa ada gangguan koneksi",1
tak ada yang sempurna..terimakasih saya suka banget game nya,5
terlalu lila,1
sinyal PVP ko jelek bngt meskipun sudah pake Wi-Fi data seluler tetep jelek.. main jadi banyak cres dan ga sesuai arahan kursor... mohon perbaiki,1
Konami kikirrr,1
"gamplay sih bagus, cuma gitu, kalo sudah menang, terjadi kesalahan jaringan dan bukan satu kali aja, tapi sudah berkali kali, di aku aja sudah lebih 10 kali. kocak developernya . hati hati aja kalo game sebelah punya grafik bagus, ga bakalan rame lagi.",1
ganti wasit ...ga jelas wasit botak itu wasit bahren,1
"tolong kalo main rating 3160 jangan di kasih lawan sama rating 3208, sama kalo masih divisi 3 jangan kasih lawan divisi 1.",1
pihak Konami.. kenapa gamenya jadi macet_macetan... sinyal 📶 tapi gamenya sering gelag.. tolong diperbaiki,2
game asu,1
"DIVISI AI KOCAK KOCAK,AI MODE 10000 PROFESIONAL,GAK AKAN MAJU2",1
game rusak jaringan bagus tapi delay nya minta ampun game rusak,1
kok makin update makin gx delay makin gx jelas ni game di tambah lagi script Ken jdi lucu ni game Konami konami,5
GAME NYA BAGUS UNTUK DIAMAINKAN,5
"tolong hapus fitur smart asis, biar lebih sportif maenny,,",1
jelek sumpah jangan di mainin,1
Good Game,5
saya ingin main kan gem ini,5
"setiap main online sinyal tdak pernah baik, tdak sperti ulasan² yg dijanjikan,,, lebih lama² main game nya membosankan, gameeee nya tidak enakkkk",1
"Bikin gamenya lebih ringan untuk hp spek rendah, grafik udah low tapi masih lag, kalo bisa gamenya lebih optimalisasikan lagi, Misalnya render visual game yang di lihat di layar saja tanpa merender visual yang tidak kita lihat, agar tidak lag.",4
script konami kontollll minimal setarakan ovr lawan nya,1
maaf kalo ada bintang 10 pasti aku rating 6 karna pas download gak penuh tapi dulu aku pernah nyobak bagus banget top,5
"lemot banget, buffering mulu. maen game lain lancar lancar aja, masalah nya selalu sinyal, di in game PvP yang padahal kita menang jadi kalah karena buffering alhasil turun poin divisi.",1
"game nya ngeleg teruss, padahal saya main game yang lebih berat lancar, tapi kalau main game ini kadang delay",1
permainan aneh ..makin hari makin gak jelasss ...sumpah lu update Mulu tpi tipe permainan bikin orang stress,1
"Geam nya emang bgus,tapi Tolong hilang kan script(setingan), saya sda bosan stiap main slalu saja pelagaran yg tidak adil trus permainan gue kyk sda di seting agak lmbat pemain nya kyak amatiran, tolong STOP SETINGAN⛔",2
masa mau gol gak jadi karena ada pemain saya yang cuma di body langsung pelanggaran,1
sangat baik hanya kalau main Liga efootball Tolong musuh nya sesuai dengan divisinya kayak Divisi 4 ketemu sama divisi 2 Kan ga adil,3
Rugi kalo main pemainnya gratisan. di pertemukan dengan tim epik semua,1
"game bola kok banyak drama, banyak pengaturan, banyak skrip tolol",1
game burik sinyal parah game tailah masa su menang sinyal leg kaget gol tailah,1
"gamenya sebenernya udah bagus tapi banyak script kaya tiba"" pemain berat trus kalah trus"" an emang game bikin emosi ini trus gacha hokinya kaya jarang bgt",2
"kenapa sering kalah di akhir laga pdahal posisi udah menang, jadi ga secandu kemaren lagi, sinyal aman dll aman tapi alesanya jaringan jelek ga masuk di akal",5
"Jaringan minus banget ck, benerin lah bug nya Konami kelancaran main itu yang utama 😑",1
JANGAN TOPUP DI GAME INI. JUDI ALA JEPANG. Mending topup game lain yang lebih fair. ini game pay to win. sekalian aja divisi 9 lawan divisi 1. PAY-FOOTBALL. Sepakbola adalah INDUSTRI.,1
GAME PAY TO WIN. UNINSTALL,1
"gamee yg sangat menjengkelkan, harap ke depannya di perbaiki lagi el konami yaa, saya main ligaa sudah posisi menang di akhir pertandingan tiba tiba sinyal saya jelek dan akhirnya saya reload kembali ternyata malah kalah di pertandingannya. gamee ampas. sudah 3x ini terjadi",1
"GAME BERAT BANGET, JARINGAN JUGA GITU GAMPANG NGELAG",1
kalo ga niat kasi gratisan epik percuma suru liatin iklan sampe mati pun nggak bakal dapet server benerin juga,1
game bya ngeleg Mulu,5
maen sama ai terlalu curang masa iya kiper bola kaya apa aja selalu bisa di hadang jadi selalu kalah atau draw karna kiper ai terlalu tembok,5
gemenya seru tapi gak mau masuk ke game,1
"Makin Ok Makin Luar Biasa perkembangan Game ini, Saya berharap Di Liga Saya ada Liga Champions, Liga Eropa Dll. Agar lebih seru. Soalnya percuma jika kita berhasil Juara Liga dan tidak main d Champions League.",5
Game rusak server buruk tolonglah diperbaiki lagi sangat mengecewakan ketika bermain divisi tiba tiba anda dinyatakan kalah dalam permainan,1
Game bagus sayng jaringan lag parah..buat main gak nyaman...,2
"saya pikir overall dari segi gameplay, kontrol & mode pvp udh clear tidak ada kendala. kekurangan utama nya di game ini adalah kurangnya lisensi dari club dan juga ditambah fitur ""smart assist"" yg menurut saya & banyak user lain mengeluhkan tentang hal ini membuat player dalam gameplay terjadi bug dan strategi yg dibangun menjadi kacau. selebihnya dari game ini sudah cukup baik hanya saja tambahkan lagi sedikit fitur seperti master league/animasi pergantian pemain. thank's konami!",4
"sorry efootball bintang 3 aneh, gua maen efootball divisi udah menang pas mau beres loading terus tuh tiba2 kalah karena koneksi kan kocak.. kacau tuh efootball udah berkali2 gua gtu, kejar divisi malah gtu padahal sinyal bagus",3
"woy Konami buat server yang bener Napa gw main divisi kalah karena kesalahan jaringan Mulu padahal jaringan gw aman"" aja makin lama makin bobrok nih game",1
udah buruk makin buruk aja klo main online. jangan kasih alasan koneksi jelek pake wifi juga sama aja ngelag.,1
"jaringan ga jelas gua lagi posisi menang jauh tiba"" keluar gajelas",1
"SAMPAH. GACHA MID ITALY HABIS 1,4000 KOIN ZONK",1
"game kebanyakan script kalo mau menang tiba"" lag kalo kalah lancar game busuk",1
game busuk fitur gak jelassss,1
"tolong dong fitur sa/smart asis di hapus atau gak bisa di pake buat maen divisi, bukan apa apa ya cuman ya kesan nya kita di bantu ai buat main tuh pertandingan, coba aja kalo gak ada sa pasti pertandingan nya full di control ama penguna please lah gua bisa ae pake sa cuman ya gimana rasa nya ae beda kalo di bantu ai mah, sedangkan musuh aja pake sa, gua engga otomatis pertandingan berat sebelah karena dia pake sa, cuihh sa najis penguna nya lebih najis",1
apalah kaga bisa di instal,1
tolong lah Konami kasih adil yg sa lawan yg sa yg manual lwan yg manual lagi cape main mya klo yg manual lawan yg sa gak berimbang serasa 1vs 2,1
"kontrol kaku, berat, gk jelas",1
"iklan tidak bisa di putar, padahal game lain iklan sering muncul tanpa di minta. parah min !!!!!",3
game play buruk gilak,2
"Percuma ulasan diupdate berulang kali kalo cuman buat hiasan doang..tiapkali report kecurangan,sinyal bobrok ga pernah ada respon.. lu Barca 80 % kemenangan di tangan lu.. plus pesi, vampir.. fix..",1
"Banyak SCRIPT,BUG,LAMBAT UMPAN,JARINGAN PADAHAL BAGUS GATAU KENAPA JADI LAG,PEMAIN BERAT,NENDANG LETOY,KIPER PLENGER BOLA MASUK GAWANG CUMA DILIATIN DOANG, PERBANYAK PERBAIKAN JANGAN CUMA EVENT DOANG EFOOTBALL 26 😡",1
"hancur parah total, padahal data baru beli kok ancur sekali jaringan",2
lawan nya terlalu sulit di mode laga cepat.nyari lawan lama trus dapat lawannya susah🐷🐷🐷🐷🐷🐷🐷🐷🐷,1
"tolong untuk e football.. saya ingin kritik keras.. knp setiap main divisi ketika saya sudah menang, Tiba-tiba sinyal langsung buffering dan tiba-tiba saya kalah? tolong untuk e football di perbaiki lagi sistem sinyal nya. apalagi bermain sistem online PvP. saya sudah sering kali di rugikan oleh jaringan. apakah mungkin sinyal wifi saya perbulan bisa sampai 100mbps saya sendiri dirumah bermain game, Wi-Fi saya yg menjadi hambatan? tolong perbaiki sistem sinyal saat main PvP. Thanks. bintang 1",1
game sampah full script,1
"selalu masalah sinyal, bikin main gk nyaman",1
"Overall secara gameplay sudah sangat baik. Untuk lisensi club atau pemain, kita sudah memaklumi dan its fine. Hanya saja menurut opini saya, eFootball ini kekurangan event khususnya event yang berhadiah pemain-pemain epic terbaik, atau event yang membuat user bisa mendapatkan banyak item pelatihan seperti penguat, keahlian, dan/atau posisi, atau mungkin juga event yang berhadiah aksesoris stadium, jersey atau icon dan sampul profil. Intinya perbanyak event setiap minggunya! No PTW!",5
"game ini bagus, namun kendala utama yang saya rasakan adalah di jaringan,sering umpan atu tembakan melambat padahal saat main game lain jaringan saya bagus, terus masalah pemain, pemain standar kok bisa mengimbangi pemain epic atau bahkan melebihi.",1
"PVP berat, aku tidak akan memainkannya lagi",1
"setiap update ada aja kemajuan nya mantap, tapi sayang masih banyak player curang (cheater) PVP awal laga jaringan padahal bagus pas, eh giliran musuh nyerang deket gawang jaringan rendah.... kacau!!!",4
game gak ngotak,1
liga Indonesianya mana,1
"tolong server di perbaiki Konamiiii, jangan pentingkan gacha mulu",1
pusing cara mau main bola nya gmna waduh,1
kerja sama nya sama pssi yang di licensi liga tetangga,1
CUKUP 1 KATA SMART ASSIST CELENG,1
"game busuk, pelit juga",2
kebanyakan yg pakek script,1
min bikin upgrade lagi tambahin mode career bentuk individu atau club tolong di respon ya min,4
"jujur, dari sisi gameplay gamenya enak, tapi untuk modenya kurang cuman ada liga saya dan liga efootball semoga lebih banyak modenya. pas jaman PES banyak mode seperti Master League dan Become A Legend jujur enak modenya ngga kayak sekarang ini ( efootball ).",1
gemnya bagus dan bisa main ofline cui,5
please perbaiki penyebab delay saat pvp padahal sinyal sangat bagus,4
tolong smart asis dihapus aja tolong sekali banyak pleyer hama banyak sekali pakai smart asis yang pakek smart asis kayak GK bisa main atau ihh gak seru jadi gamenya,1
"game gak jelas kok banyak yang suka, game rusak",1
tolonglah perbanyak card bansos yg anomali wkwkwk,5
game nya bgus,5
"permainan bola yg luar biasa , cuma terlalu besar dan penuh dengan data yg banyak",5
terbaiy,5
"sekarang pes jadi jlek main analog nya galak patah"" sinyal pdahl ful tpi suka ngeleg sendiri gek recrut pemain susah dapetin nya ...konamek sekrng gk worit sinyal full setingan udh di pilih yg prioritas kn main tpi buat main ttap patah"" analog nya dan heran nya lawan nya lancar"" aja pdahl sinyalnya jlek🤦‍♂",2
"t0/0/ ini game sinyal macam ta1 , konamex ga mau benerin server, jualan terus m3x²",1
Pemain Indonya dikit bgt,3
servernya buruk,1
"dari segi grafik si udah bagus, tapi yang bikin emosi itu di jaringannya, ntah kenapa kalo main game ini selalu jelek jaringannya padahal kalo buka game lain bagus² aja, dan satu lagi yang bikin emosi itu ketika passing nya selalu delay",2
izin min mohon buat komentator bahasa Indonesia,5
kadang gak jelas kalo lagi main,1
"difend nya sulit, gampang kebobolan, rebut bola agak susah, main PvP gerak pemain lambat, pasing dan shot keras agak lambat",2
masih berbenah,3
Analog sering miss anggap saja mungkin skill issue tapi sebagai player saya kecewa,1
wasit kurang fair sering memihak setim saja,1
"sering boncos, udah top up banyak masih gak di kasih pemain bagus, saya kecewa sebagai user lama",3
perbaiki kinerja wasit wasit ga jls,2
"game sebagus ini,tapi jaringan nya jelek sekali betul2 jelek asal notif wa pesan masuk game langsung melambat",1
gamenya bagus,4
tidak banyak bonus di region Indonesia dan tidak ada liga 1 Indonesia. bisa pindah ke game sebelah aja,1
game kebanyakan script,1
game puko,1
kenapa tidak ada perubahan jersey dan liga liga seperti super league,4
"sangat bagus permainan nya, mantap",5
1.Oper lambat 2.Nempel dikit bola ke rebut 3.Upan gk ada yg becus 4.Pemain sembunyi di belakang musuh 5.Membayangi perlu di hilangkan,1
"pas laga online sinyalnya ngelag Mulu,udah beberapa kali gua menang tiba tiba pas udah selesai kalah karna sinyalnya , padahal pake aplikasi ataupun game yang lain aman aman aja sinyalnya",1
kontrol nya sangat buruk padahal ingin oper pemain yg dekat malah ke yg lain aneh,1
"Minta tolong kepada Developer yang terhormat,Gamenya di Optimalkan lagi lah di perangkat samsung s10e dan infinix hot 504g,main di grapahic standart 60fps mode vs ai saya merasakan sangat Lag , nanti ditambahin bintangnya jika sudah diperbaiki, terimakasih",3
"benerin dah ni game,lama lama jaringan nya gabagus,gua udah main divisi,menang skor 3-1 malah tiba'jaringan gua yang drop,padahal lancar'aja ,gara-gara itu gua kalah jadi nya",4
"game gajelas jaringan bagus tapi tetap delay, game pay to win gajelas banget, mohon di perbaiki",1
konami godek,1
game ini tidak saranan saya frustasi saya masi divisi 3 loh 3!! masa lawan divisi 1 peringkat 196 mohon akun saya yang bernama barcelonamaha di perhatikan lawan saya dan kondisi pemain saya kalo gak ada perubahan wah parah sih ni game,1
"bantuan cerdas ini sangat lah tidak adil dalam game ini, saya bukan player smart asist ketika bertemu dengan nya saya kesulitan dalam hal karena di intersepsi nya di luar kemampuan orang normal (sangat di bantu) dan hapus dll, aku harap smart asist ini dihapus dari game ini, percayalah semua orang pernah berpengalaman tentang bermain game bola, jadi smart asist harus di hapus",1
"untuk konami yg baik hati, keluarin skuad Bayer muchen 🙏🙏",5
game p2w,1
"game burikkkk!!! hapus aja apk nya dri app store/play store, bikin darah tinggi org ajaa",1
goood,5
"yang bener aja anj, maen lancar pas full time tiba kalah, jaringan padahal bagus",1
#Sinyal nya di benirinnnn,1
game nya sudah bagus.**tapi pas mau update pasti ngeleg banget sumpah**Tolong di perbaiki lagi ya 🙏🙏,2
bagus ga kaya yg sebelah,5
keypad sering error ganggu bangett..perbaikannya donkkk,1
game nanbaguk,4
game skrip ptw bikin emosi titik,1
Efootball saya kenapa kok terus berputar dan gak bisa di buka?,3
game nya bagus tapi kadang kikir makanya itu saya kasih bintang 3 saya spin udah 90 kali gk dapet² tolong lah kasih ke hokian ke akun saya tolong ya konami dan satu lagi kalo main divisi jaringan di game hijau tapi kenyataan nya ngeleg napa ni konami,3
Game tolol sengaja banget tiang melulu pergerakan Lambat update aja setiap kamis gada perubahan,1
pengen Top Up mlu dah,5
"ga perna hoki,.,konami tot.",1
giv me Neymar pliss konami,5
jaringan butut ❌ game butut✅,5
game rusak,2
bug,1
game ini sungguh luar biasa saya bisa bermain online dan ofline,5
tolonglah fitur smart assist nya diapus aja dah mengganggu,3
"Could you please remove the smart assist feature? I'm fed up with it, it makes the game uncomfortable. You can add new cards with good ratings, but can you please remove the smart assist feature and let us play with our own skills. Because smart assist is very disturbing, if smart assist is not immediately followed up or removed, don't expect this game to get a good rating in the future because everyone will feel what I feel!!!",1
game play nya bagus terimakasih 😁,5
gw sering terkena skrip alhasil sering kalah,1
"dari segi gameplay emang bagus, tapi tolong lisensinya dilengkapkan lagi, agar dapat sensasi saat bermain game ini",4
gegara pemain gratisan ga boleh bgt naek divisi mentok di 2-3 harus bgt gitu biar menang pake pemain yg beli,5
"tolong perbaiki server agar permainan menjadi lebih baik, di phone saya jaringan sangat bagus tapi di permainan jaringan jadi jelek cok",1
in Indonesia fix strange network server delay,1
UDAH PAKE WIFI TETEP AJA NGELAG MAIN DIVISI JARINGAN SERVER SAMPAH,1
game nya agak nyebelin saya sut malah ke aut,1
plis lah Konami kalo ngasih lawan tuh yang seimbang contoh divisi 3 kasih lawan lagi yang divisi 3 bukann di visi 1🗿,2
wow amazing,5
sering keluar permainan kalau lagi laga pertemanan(by one) Tolong diperbaiki,1
"game nya jelek banget.. masa liga hanya satu n turnamen itu2 aja.. ngak ada kompetisi lain domestik atau eropa.. vs AI legend lebih parah.. rating rendah 70-80 yg saya lawan bisa menang.. bahkan rating saya yg tinggi 90-99 kyk amatiran yg main.. ngak sesuai ekspektasi ini game, buruk kali",1
wasitnya botak,1
"tolong lah buat efootball minimal tambahin lisensi liga Indonesia (super leguae), orang indonesia juga kebanyakan main ini game",3
bagus banget grafik nya tapi klu bisa nambahin event nasional tim sama logo nya dibuat sesuai Ama logo tim aslinya (minta lisensi),5
"server sampah, banyak script.",1
oke banget,5
sayang ga di kasih pemain bagus,2
Atur supaya kalau main di Laliga itu yang Banyak Goal ada hadiahnya,5
ga jelas,1
sering log out sendiri,2
kapan ada komentator bahasa Indonesia,1
beri akun ku hoki,5
"Game rusak sinyal pake wifi bagus, Sehabis main Acara PVP padahal sinyal bagus tapi gak balik lagi ke lobby, pas masuk lagi kalah, game gak jelassss",1
"geme bagus g ngebosenin . plis konami tambah club nya sperti di pialadunia antar negara maupun antar klub ini akan tmbah lagi peminat nya permainan nya bagus . tmbah lagi club"" yang bnyak belum tercantum di geme ini plis conami gas.",5
"game gajelas, jaringan bagus di in match ga delay ga patah patah, pas selesai match tbtb loading terus akhirnya malah kalah grgr jaringan. benerin tuh kursor dan arah nya, kontrolnya juga benerin.",1
umpan nya kadang tidak sesuai arah,4
membagongkan,5
"konami sering tiba2 koneksi hilang, kebanyakan drama padahal koneksi internet bagus, tidak recommended untuk nge rank, semoga bisa diperbaiki bug nya",1
main ko delay,1
Server delay,1
"tolong developer harus berbenah perihal jaringan saat pvp masa buat main game lain aman aj giliran main efootball jaringan ilang dan lag, padahal ini game cuma 1vs1 aj masih lag. diperbaiki lah dari dulu masih tetep gini aj game moba aj yg 5vs5 sinyal aman gda gangguan jaringan sama sekali, lah main game ini malah gangguan aneh emang",1
"server konami busuk... parah pertandingan sudah selesai sudah unggul pas tekan berikut nya langsung muter lama.. ujung""nya kluar kode 0005,kode 0020 kode 0003 masalah jaringan.. padahal jariangan bagus.. pas login kembali dinyatakan kalah.. parah woi",1
tolong di perbaiki lagnya banyak banget jadi Susah naikin devisi sering banget udh memang malah lag smpai ninggalin pertandingan padahal udah menang pas udah di tunggu lama malah di bilang meninggalkan pertandingan kan kocak gamenya sih seru tapi minusnya lag nya banyak banget,5
apa sudah ada rilis belum fitur master league nya?,2
gamenya bagus tapi kalau mau menang dikit harus bagus pemainnya aduh kecewa jadiny,2
"pake wifi udah kenceng masih aja ngeleg, udah gitu byk yg pake vpn kaga di baned baned byk yg cheat , tolong dirubah, jangan mau kalah sama game bola sebelah harusnya pemain pemain yg mainin data setiap main divisi patah patah padahal udah nyoba ngerjain misi yg pvp online gapapa, tapi setiap divisi ketemu lawannya padahal cupu tapi tiba tiba delai ga gerak ngopernya lama padahal pas by one ama temen aman aman aja",4
Terlalu mahal untuk topup koin nya,1
tolonglah Konami gua main divisi delay banget mainnya,1
"tolong lahh kenapa skrng² ini sering banget terjadi bahkan puluhan kali saya main, sinyal Oke main menang tapi ketika peluit laga selesai langsung muter dan setelah itu mengalami kekalahan pedahal main menang dan sinyal Oke tolong perbaiki gmna inii",1
game ini bgus sekali dan bisa melatih skil bermain bola contoh teman saya dia bermain game ini dan dia bisa melakukan skil yg susah untuk di pelajari dan saya juga sebagai kiper bisa mempelajari gerakan kiper berkat game ini mantap sekali game ini,5
game nya sangat bagus dan seru untuk PvP lah yg paling bagus,5
game busuk yakali game gede gada fitur chat,2
mana mmpu lawan script nya luar biasa. pay to win,1
Tolong update akan datang harap di adakan become a legend,4
"game bagus hanya pada pemain, stadion, dll tapi di gameplay ga bgt, bnyk hal di luar nalar masa depan gawang masih bisa kena tiang, terus sering lag main efootball coba login di game lain malah kenceng bgt, tolong perbaiki jangan hanya fokus pada kebagusan pemain, update kartu dll",1
Baguss sekali,5
game paling mantap,5
jaringan tolong di benerin soal nya sering ngeleg,1
"game terbaik, 🙏💕🙏💕🙏💕🙏💕🙏💕🙏💕🙏💕🙏💕🙏💕🙏💕🙏💕🙏💕",5
"game ini sangat bagus,tetapi tolong perbaiki iklan saya ingin spin iklan tidak muncul",5
"main liga sudah menang,,, pemain sudah selebrasi,,, tapi kenapa pas kembali langsung loading dan ada tulisan masalah koneksi,,anda kalah,,, padahal sudah pakai Telkomsel jaringan bagus,,, di pakai game lain bagus,, di pakai sosmed bagus,,, saya tanya player lain ternyata keluhanNya sama dan sama2 pakai Telkomsel provider lain aman2 aja,,, ada apa Konami dengan Telkomsel ?",1
masuk cuma kurang hd Ajja grafiknya,5
"dari hasil riset saya, beberapa kali saya melakukan matchmaking,selalu mendapatkan koneksi yg buruk,trs penggunaan skil yg terlalu banyak delay,serta pemberian card yg kurang maksimal,sekian",1
setiap main saya selalu keluar tiba tiba padahal jaringan sudah bagus,1
Kapan eFootball adakan skuad pemain legenda gratis seperti contoh : skuad legenda Italia skuad legenda Brazil skuad legenda inggris skuad legenda jerman skuad legenda AC Milan skuad legenda Juventus skuad legenda AS Roma skuad legenda Intermilan skuad legenda Parma skuad legenda Lazio skuad legenda Fiorentina skuad legenda Real Madrid skuad legenda Barcelona skuad legenda Manchester United skuad legenda Arsenal skuad legenda Bayern munchen Terima kasih,5
tolong lah hapus smart asisnya,1
Tolong fitur gampad bisa dimainkan di mode pvp 😤,1
game sangat keren tapi sayang nya ngelag ngelag padahal hp ram 6 tapi slalu ngelag ngelag.. semoga di perbaiki,5
bnyakan iklan AMPAS,1
benerin bug login nya smaa sinyal server bagusin UDAH PELIT LISENSI MAU LOGIN BUGGGGGGG TRUS,1
BAN SMART ASSIST IN PVP DIVISION👎🏻,1
Mantep👍👍,4
"pay to win😅 saran saya Adain fitur exbition online,biar cuma pemain standar yang ada biar gameplay nya adil",1
"AI bagusin lah, bola deket aja ga ada inisiatif ambil, cacad",1
"game ajg, masa kalo mau menang harus top up dulu, game pay to win, game haram.... player lagi losetreak bukannya di kasih lawan yang ringan malah di kasih lawan yang berat, udah gitu para musuhnya yang layak to win larinya ga ngotak,ga masuk diaka... mana mah script nya ga jelas, orang lagi losetreak dikasih script nge lagggg...... ga recommend deh ini game, sistem marchmaking nya ga jelass bangetttt... .",1
online match sinyal tiba² ilang bukanya di perbaiki gacha elit server sulit sering ketemu player yg mainin sinyal perbaiki anj jan gacha mulu di pikirin,1
Makin sini malah makin kesana ni game,5
"stabilitas sinyal masih jelek, tidak fitur jaringan + wifi yang membuat pengalaman bermain menjadi lebih baik, terlalu fokus dengan pengeluaran pemain baru, gameplay tidak ter-urus dan saya yakin game ini tidak akan berkembang lama. seperti game tahunan yang lain.",1
makin jelek....settingan nya makin kacau... player old kecewa,2
game nya seru walau kadang kadang aneh,5
kebanyakan ngeleg klk maen online jd malas mainin nya... padahal geme sepak bola paling bagus....,2
sumpah gua udah kesel gua udah muak sama game ini banyak sekali salah nyaa ini baru pertama kali aku liat gems yang kikir maaf ya aku udah berusaha bertahan di gems sampai stres gems bukan nya untuk ngilangin stres ini malah tambah i stres maaf gua ganti gems yaa Konami kabarin kalau gems nya udah benar benar siap,1
"Tolong diperbaiki,kiper kita di jagoin dikit,masa kena tendangan pelan gol padahal sekelas de gea.... Giliran kita nendang susah banged golnya padahal kiper kaga terkenal.... Ampun deh....sering top up gak pernah dapat EPIC....konami kocak",1
game nya mantap banget,5
"Kekurangan game ini : Offside pemain tidak konsisten, jaringan lancar pemain berat digerakkan, smart assist sering error, bek diminta umpan malah dibuang, pelanggaran tidak konsisten, jelas-jelas disleeding tackle dari belakang tidak dihitung pelanggaran, sedangkan pemain saya cuma body pemain lawan dikasih pinalti, kiper suka bengong, bahkan saya pernah passing ke kiper sekelas buffon terbaru malah jadi gol. Saya sudah menghabiskan Rp1.834.830,- rupiah.",1
"bagus sih tapi sinyal nya tiba tiba ke cut jadi nya kalah jir perbaiki lah, tambahin itu juga min total save kiper😋",5
benerin server lu kocak,1
MATIKAN SMART ASSIST BODO,1
untuk gameplay nya makin hari makin aneh...trus buat Konami jangan terlalu banyak skrip nya... GAME TER DELAYYYYYYY..............GAME ANEHH,3
Dari jaman pes ...ini konami/efotball gk bisa emang setabilin koneksi jaringan ...liat game moba lancar2 ajh ..ketambah skrg player banyak pada maen cheat di koneksi jaringan...,1
game buruk sekali lag Mulu padahal jaringan bagus,1
"SERVER BAPUK,URUSAN GACHA AJA DI PIKIR KAN,JAHANAM KONAMI,PIKIRKAN SERVER DONG",1
pembuatan akun nya sangat ribet sekali,1
hapus tuh smart asis makin lama makin bodoh,1
game rusak jangan dimainkan blok,1
ngawur,1
"baru aja maen satu minggu sudah pembaruan, ngabisin kuota aja game ini.. buat premium sekalian berbayar install nya gk p2 asal jgn nyita kuota sama waktu orang downloadnya..gak nyaman banget game sikit2 pemeliharaan dan pembaruan..kecewa",5
"game rusak ,",5
"jujur aku baru main tapi aku kagum sama grafiknya dan juga game play nya, jadi saya kasih bintang lima",5
UPTD nya jangan terlalu besar ya bagi ku itu aja,4
Wajib top up,1
"game gak jelas, server ancur, ngelag, script gak jelas",1
memuak kan.. lebih enak yg versi lama.... ngk bisa pake ai.. main sendiri.... memuak kan,1
keluarin manager Fabio Capello lagi please,5
plissss lahhh makin ada update makin jelekkk banyak skrip nya masa bek udah tempel musuh musuhnya kagak bisa di rebut padahal pemain nya b aja terus bek suka intersep bola sendiri ke musuh padahal gua gk neken apa apa kalo masih kek gini kagak ada yg bakal main divisi saya padahal bentar lagi divisi 2 cuma satu kali main doang malah di buat kalah gara gara skrip Konami kalo gk segera di perbaiki ku do'akan gamenya sepi,1
bagus poull,5
lawak harus pake ortu,1
smart assist sampah,1
kalo colab sama Cristiano Ronaldo gw kasih bintang 5,4
bagus meskipun grafik sama permainan beda dengan yg di ps 4 tapi ya udh lumayan lah buat have fun main pes di hp soalnya kalo di ps juga rental,5
"benerin soal lagi jaringan,maen yang lain lancar main ini doang tiba"" keluar ngeleg script"" tiba"" kalah",2
"game nya bagus,semoga di tambahkan layar var di pinggir lapangan dan lebih realistik lagi",5
the most scripted game ever,1
"game ga jelas update tiap minggu masalah server jaringan ga pernah bener yang main nge lag lah padahal jaringan bagus udah di doble wifi kuota masih nge lag,dibuat main game lain lancar padahal giliran ni game nge lag aneh emang,ga guna update tiap minggu",1
sampah game nya kiper musuh ovr nya 75 masa di tendang sama Batistuta ga gol gol,1
tolomg benerin fitur sinyal nya konami,3
jaringannya mohon maaf dibeneri.. ni gem kayak berpihak Ke lawn ajing,2
game nya sering ngelage pas main devisi abis slesai main langsung lemot dan di kalahkan meskipun menang padahal game nya suda slesai,2
game udah bagus cuma kenapa gw kasi rating 4 itu ketidak Adilan pemilihan musuh harusnya memilih musuh itu harus di samakan kecepatan sinya dan 1 fitur yang nguntungin pengguna bantuan cerdas/smart asist itu nguntungin banget shooting jadi terarah pemain jadi rapi posisinya umpan jadi akurat yah begitulah dan tu fitur mempengaruhi player kita player kita jadi sering Ling lung sering diem kalo dapet trobosan plislah konami denger pendapat gw dan kasi peningkatan jaringan buat server ngeleg parah,4
perbaiki gameplay banyak banget script yang nguntungin lawan perbaiki kemaren di podcast katanya script tu gaada cuma di console kali coba developer mainin gamenya terus di up di yt scrupt yang terus terjadi -umpan:bola deket sama pemain saya terus pemain lawan jauh malah pemain lawan tiba tiba larinya kenceng kita malah lambat ga logis itu -shooting:card pemain dah bagus gw tadi pake bale bigtime gw ngeshot tu pake stuning malah tiang giliran musuh shot biasa pake messi gol padahal sama jarakny,1
"geloo realistic banget,mbud",5
tolonglah perbaiki sistem isu jaringan saat main sinyal bagus tapi pas main gajelas lag trus tbtb lawan nge goll in,1
"Salah satu GAME YANG SAYA SUKA MAINKAN nih,BEST OF THE BEST LAH!!!Auto ⭐⭐⭐⭐⭐ untuk game ini.SEMANGAT TERUS ""EFOOTBALL"" 💪😎!!! | #123gameplayer213 | #TimnasIndonesia | #Persib | #SalamOlahraga",5
"Bad server, lots of cheats in the game, tighten up your system konami",1
"smenjak updet ko jadi sering ngleg jaringan ya jadi ga seru ,, perasan sebelum afdet bagus "" akah kecewa tambah paraaaah jaraingan ful tapi tidak stabil gem apa ini",2
Not recommended system very very bad in snapdragons 888,5
di perbaiki lagi utuk jaringannya jelek sekali,1
terpesona,5
"Hilangkan fitur smart assist untuk divisi pvp, perbaiki koneksi server masa wifi kenceng pas cek grafik jaringan naik turun",1
"Loginnya terlalu lama, nendang nya juga lama, tolong di perbaikin lagi, kacau mainnya",2
"Petugas IT dari Konami, kami user sangat mengeluh dengan server yang sangat berat. Banyak yang memainkan game ini tapi tidak sedikit juga yang mengeluhkan soal jaringan yang tidak stabil, script dan lain lain. fix it!",5
"keseluruhan bagus , tapi kenapa kalau main dengan AI kayak lag parah , padahal ga terlalu gunain signal",5
udah ak kasih bintang 5 tolong dong dipermudah kalau pas gacha dikasih pemain yang bagus😁,5
"gamenya bagus, tapi masalahnya dari dulu tetep sama, banyak player yang mainin jaringan tapi ngga ditindak",1
"game kikir, + tambahin fitur unbind google play lah",1
"game ga jls ngoper ga sesuai arahan, game banyak bgt skrip g jls aneh, makin lama makin ga jelasssss",1
kenapa saya tidak bisa login min,5
bagusgamenya,5
game yang sangat bagus apalagi bakal ada master league di efootball,5
msa cuman usia jadi ga bisa login akun lama padahal dulu bisa padahal akun sudah Mayan Perka lahir 2007 lah tolong Konami msa harus buat akun baru lagi 😭😢,1
"MAEN DIVISI FULL TIME MENANG TAU2 KALAH, ANEH BANGET SUMPAH!!!",1
tolonglah klo p vs p sinyal bgus TPI leg parah aduh bikin nggak mod main,2
sinyal bagus log out terus burikkk,1
tolong kasih musuh yg setara pas main divisi,1
"game sangat lucu, segala tendangan yang mengenai lawan, sengaja maupun gak sengaja, kena badan entah kaki-rambut musuh selalu mantulnya bola selalu pas ke tim musuh. harusnya random mentalnya bola. gak mesti mengarah ke tim musuh. random atau harus segala arah. masak detil sekecil itu gak di perhatikan.",5
"game ngga becus,suka arah sendiri ketika umpan.Smart asist tolong di tiadakan",1
"perbaiki lagi sistem gacha pemain , karena udah habis 2300 koin masa ngga di kasih epic card. terus sekarang kaya niat ngga niat mau ngasih epic card. di suruh nonton iklan dan ngga dapet gampang 😄 kalo emang ngga niat ngasih jangan asal bikin event epic card yang ngasih harapan gede ke pengguna game ini",1
saya masih divisi tujuh tapi tiba tiba pas lawan ai susah banget kayak lawan pemain efootball kelas dunia saya tak ingin lagi main game ini susah banget dan sangat bikin emosi pemain yang biasanya lincah jadi lambat larinya,1
"bagus banget ini game seru gak kikir pokoknya mantap, overall bintang 5",5
bagus mntap,5
parah di komen bukan nya di prbaiki malah di rusak... jelek parah bikin prustasi,2
pls update masterlegue in android or ios and animation chaning room player in android and ios please,5
"tolong sinyal pas push divisi sinyal di maksimalkan.jangan bikin emosi.game lain lancar lancar saja,tapi kenapa ini tidak stabil sangat mengherankan",2
"game gajelas, tiba"" out karena sinyal mulu",1
"kontrol nya jelek, kita bagi ke tengah ke bawah inputnya ga jelas",2
konami timnas Indonesia sudah update jadi update juga lah efootball dan jangan pakai iklan kalau gatcha ganti yg lain karna HP sy gk ada iklan trimakasih konami,5
bagussss,5
"saya sangat kecewa dengan game ini sekarang,, padahal jaringan bagus tapi macet terus",1
Konami please...!! ihope konami deleted smart assist...🙏,1
Terkadang Pemain bertahan sering bengong padahal bola masih dalam jangkauan kakinya,4
"bapak Konami yang terhormat,, tolong jaringan nya di perbaiki ya,, soalnya jaringan wifi di rumah saya bagus manteng,, tetapi pas main gamenya jaringan naik turun terus, mohon responnya , kendala yang sering di alami memenangkan pertandingan hasil laga kalah",3
Bagus. tambahkan Pemain Indonesia Yang sekarang Tolong Dilengkapi,5
game lama2 bikin jengkel nge lag terus,2
Pes tolong kenapa pas mau update tanggal 25/6/2020 udah 100% masih download yaa padahal dah penuh tolong dong konami,1
mau ronaldo,5
Semenjak apdetan tambah parah gaya bermain .. Walaupun di grafik mengutamakan bermain,1
hapus smart asist,1
gacha ampas mulu,1
"Beres laga sering loading lama,terus tulisan nya Laga Kalah padahal udah menang",1
wasitnya dibayar cik,1
"KNP TIBA"" JRNGN SY HILNG ANHJJ, LGI NGPUSHH, SDH 2 KLI BERTURUT BGINI WOII",1
konami gajelas jelas udah menang 3-1 terus loading sampe 5 menit giliran keluar malah gw yang kalah cuih game rusak kikir pelit,1
"game rusak, smart assist buat game ini rusak, semakin rusak dan rusak. game ini bukan lagi untuk adu skill smart assist yang membuat game ini semakin rusak dan rusak.",1
"game rusak, dikuasai script",2
"dari dulu maen game ini patah patah ga tau kenapa pdhal internet stabil,ram hp8/256gb kalo maen game lain lancar ga tau kenapa maen game ini patah patah terus",3
best game i've ever played dear konami. thank you for making this masterpiece hope you give me more epic card yeah 😁,5
game ajg ini manteman jgn di donlot. game gblk tayk nyemot,1
seru kali lah,5
"Saya kecewa dgn eFootball sekarang. saya bermain semenjak ada eFootball pertama kali. tapi kenapa sekarang kalo dan mau claim harus nonton IKLAN dulu.. sejak kapan Game yg elit dan berkelas kaya efootball harus ada iklan. saya download dgn kapasitas lumayan besar, update pun kapasitasnya lumayan besar. Tolong dari pihak KONAMI & eFootball di perbaiki masalah iklan ini. kalo sudah tidak ada iklan saya dan teman2 pemain efootball juga pasti setuju untuk kasih Rating game ini semua bintang 5.",4
kalo soal script Konami emg ga pernah gagal,5
coba benerin konami masa sinyal bagus malah dikasih ngelegg parah bener,1
efottbal tidak masuk admin,4
menurut jersey tim dan logo segera di update yg terbaru...banyak yg gk sesuai..seperti di liga inggris..hanya MU dan arsenal yg sesuai tim lain belum..di spain hanya barcelona yg sesuai..trus liga germany hanya 3 tim...liga elite ini harus diperbaiki segera..kalah sama liga scotland yg sudah sesui semua...,1
jelek banget,1
kagak jelas,1
luar biasa 👍👍,5
"sumpah ini game jelek banget. LELET banget sinyal nya padahal wifi udah bagus, woooiii tolong di perbaiki sinyal nya. udah gitu sering keluar lagi kalo lg maen.",3
"makin banyak bug nya,",1
"Secara keseluruhan, kualitas grafik dan kelancaran animasi sudah sangat baik. Namun, masih ada sedikit kendala saat bermain secara online. Terkadang muncul lag meskipun kualitas jaringan dalam keadaan stabil. Mohon kiranya hal ini dapat diperbaiki agar pengalaman bermain semakin nyaman. Selain itu, proses pengoperan pemain juga terasa memiliki jeda waktu dan tambahkan lagi mode var didalam semua liga pertandingan. Semoga ke depannya dapat dioptimalkan. Terima kasih 🙏",5
grafik bagus bang kayak di ps 4 dan nggak lemot pemain nya,5
"server nya di perbaikin dong konami,sinya full tapi maen online tetep delay,payah...",3
"pliss fix your server konami, playing in divison match like shittt.",1
syang nggak ada papan peringkat turnamen nya. degradasi nya cuma ada tantangan selesai dan gagal misalnya melaju ke semi final tau final,4
sangat bagus game nya,5
kendala. jaringan untuk duel sering drop,4
tolong tambahkan sistem nya agar replay bisa di simpan ke media galery hp,5
coba adain fitur chat nya,5
game script semua udh di rencanain kalo menang pemain kita di buat blunder jadi males main,2
"makin kesini makin mlas main game ini game nya hapus dulu,tunggu di bagusin aja baru mainin lagi",1
tolong untuk jersey yang polosan mohon di kasih sponsor apa gitu terutama REAL MADRID update bajunya jangan hanya 2 saja madrid sudah membuat jersey dengan berbagai warna dan jngan lupa di kasih sponsor yng kayk di aslinya,5
"kadang terjadi lag yang tidak wajar, terkadang bertemu musuh yang menggunakan cheat lag/jaringan dan sejenisnya ketika bermain dividi",1
"kikir amat ni game,+jaringan sering eror....",1
dari indonesai love love yuo,5
perbaiki lagi bos,5
ディックゲーム。タイ・ブン・ルーの脚本は存在しないと彼は言った 攻撃とフィニッシュの意識がすでに93以上あったにもかかわらず、ゴールに近づいたときに部門をプッシュし、ポストに当たり、バンバンし始めました。 Tai のゲームは本当に夢中になりました、たくさんのスクリプト アップデートしてスマートアシストとディックゲーム犬スクリプトを削除した方が良いです🙏🏿,1
"di in game lancar , udah unggul sampe menang , ketika selesai game, tiba tiba loading muter² terus .. dan dinyatakan kalah.. game apa sihhh busuk banget...",1
sinyal jelek,5
"gemes nya bagus tapi sayang pas diakhir lagi kadang tiba"" muter"" sndiri padahal jaringan normal dan pada akhirnya keluar sndiri dngan alasan telah mengakhiri pertandingan dan di WO 3:0 padahal dalam pertandingan udh menang tapi gara"" tiba"" muter"" sndiri dgn alasan koneksi dahlah",2
"menurut teman bye one ku,konami terlalu baik,ngasih pemain bagus dan epic gratis,karena konami peduli sama player nya,gak sia_sia aku pernah ngabisin uang Rp.5.000.000 buat top up dan membeli pemain kuat dan pelatih bagus,tadinya menyesal ngabisin uang tersebut,tetapi develover konami nya baik,akhirnya menyenangkan memainkan game ini, SEMOGA KONAMI BERJAYA DAN MAJU TERUS,DAN SUKSES SELALU🎂🥳 HAPPY BIRTHDAY KONAMI💓🇯🇵♥️🇮🇩",5
game banyak script,5
"tolong lah ini game ada Bae sinyal server nya jelek jadi maen nya patah""sama suka ada Bae secrip di dalam game nya Tolong d perbaiki lagi lah",1
game ini sangat menyenangkan,5
"game ga layak buat dimainin, sinyal bagus tapi di gamplay ngelag parah, urusin servernya biar pemain pada lancar mainnya",1
"Susah banget maen online match padahal sinyal bagus tapi patah"" gerakannya,kalo maen vs ai ok ok aja enak lancar passingnya juga,semoga sistem online match kaya dulu lagi",4
boleh,5
tolong lah masa jaringan lawan lag masa gw ikut lag,1
"tiap minggu update mulu nambah size iya, buat makin delay iya, sistem divisi PvP malah nambah buruk (sistem berat sebelah)",1
server begitu buruk kalah dengan server yg roomnya ada 64 org,1
"Sudah susah payah menang, ketika kembali ke menu liga susah sekali dan yang muncul anda kalah karena jaringan jelek,",1
"untuk jaringan mohon diperbaiki, padahal dirumah saya jaringan lancar tapi kok delay banget buat umpan sama gerakin pemainnya, overall udah bagus gamenya grafik oke, tapi minus cuma di jaringan aja",3
lagi down kah server hari ini 2 x kali main kalah gara gara koneksi kamu terputus padahal buat main game lain lancar jaya,3
game asw 。。 lawan AI com aja patah patah ngeleg bangkeeee,1
"Ini game sebetulnya sangat bagus cuman masalahnya di scriptnya yang gak ngotak, tolong lah konami scriptnya dikurangin. Punya skil bagus juga percuma kalo dikasih game playnya kebanyakan script jadi mau menang juga sangat stres karena udah disetting.",5
game sangat bagus dan enak,5
"min game nya udah bagus tapi fitur iklan nya tolong di benerin lagi setiap mencet iklan berhadiah itu selalu""waktu koneksi server telah habis"" selalu gitu padahal sinyal bagus bagus aja",5
"taikkk lahh , maen pvp jaringan bagus wifi + data ngelegg² parahhh👎👎",1
Gak masuk akal Iker Casillas 106 masih aja kebobolan gol lucu. Apakah Konami seburuk itu? Mana itu Manajer L Della Fuente gak ada yang double booster?,1
"Please add master league and Cup competition like fifa Word cup, asia cup, omawa cup this very big participation all player, thank you ⚽",3
"tolong efootball perbaiki, laga saat melawan musuh musuhnya tidak adil, dan bagi HP kentang tolong, tambahkan fitur khusus agar HP tidak lag.",4
baik,4
Masih suka agak ngelag walaupun sudah rata kiri,4
GAME KEBANYAKAN SKRIP,1
"game kikir anj, ga bisa seimbang, ketemu p2w trs",1
ini bagus pisan dimulai grafika yang bagus,5
bagus untuk di main,5
"I enjoyed before updating, and I have been bad this game.",1
kenapa membuat akun KONAMI ID sangat sulit,1
"Keseluruhan sudah sangat bagus, gameplay, grafik sistem, event, gacha dll sudah bagus banget. Tapi ada satu kekurang yaitu server nya, masih suka ngelag, delay padahal jaringan bagus. Terus kembangin Konami!",5
"5 april 2025 sinyal sering hilang, saat pertandingan menang begitu hilang sinyal langsung status kalah, padahal waktu sudah habis dan sudah menang saat bertanding,",1
"saran jangan beli pemain mahal"" taunya pas di gp tetap berat,g mikir kenikmatan pelanggan,cuma mikir uang, kikir",1
Remove Smart Assist from PvP division...,1
game jelek banyak script tolol,1
tolong untuk logo club nya di bikin real masih bnyak yg beda dengan aslia,2
"tolong perbaiki di bagian sinyal sama player yang mengguncang bug, sangat mengganggu kenyamanan saat bermain",3
main liga mentang mentang poin udah terpaut jauh musuh tiba tiba jago gajelas sistem AI efootball,1
"bikin game yang niat anj,masak udah menang tiba sinyal hilang jadi gue yang kalah",1
gamenya suka lemott paraah meski pun banyak jaringann💔,1
"game rusak, gelag terus padahal sinyal bagus taiiii",1
"smart assist delete , merusak game play !!!!!!!!!!!!",1
game dengan kondisi sinyal terjelek yang pernah saya mainin,2
game tolol game tolol,1
tolong perbaiki lagi jaringan di saat bermain pvp,1
"game ini perlu perbaikan ulang,tidak memenuhi standar global penug dengan kekurangan,jika tidak ada perbaikan atau kajian ulang mending game ini diberhentikan total dalam industri sepakbola",5
"Game bola pling tidak adil di dunia, dengan fitur sampahnya yaitu Smart Asisst. yg membuat permainan selalu berat sebelah ketika bertemu pengguna smart asisst, game sepakbola bodoh yang tidak mencerminkan fair play dan membuat jiwa kompetitif dalam permainan hilang dengan fitur bantuan sampah yg merugikan kami para pemain yg menggunakan kontrol manual. Smart Asisst sampah dan fitur paling tidak berguna yg justru merugikan pengguna lain. Benar benar game bodoh.",1
lumayan bagus kekurangannya kurang hadiah pemain gratis yang bagus dan kurang untuk meracik pemain...,4
"lah? saya kalah karena terjadi masalah dengan koneksi saya? teman saya main ML dengan wifi yang sama lancar lancar aja?!! kenapa punya saya malah gitu? bahkan hp saya satunya yang menggunakan koneksi yang sama juga lancar seperti device yang lain. pertanyaan saya, kenapa?",1
"game taik main online jelek umpan lelet,nendang kadang nggak bisa,,offline liga efootball sama saja, cuma melawan kecurangan,,",1
permainan sangat menghibur,5
game play amburadul.. padahal saya dulu juara 🏆🏆🏆,1
DARK SISTEM.!!!!!!!,1
"semenjak adanya iklan knapa game play nya patah².. padahal stelan grafik udah paling rendah semua penyimpanan memori jg masih ok.. plis tolong di kondisikan lagi game play nya biar gak patah² lagi, dan saran saya iklan jg tidak penting, karena game ini menurut saya game yg bnyak peminatnya.. kalau gak ada peminat nya Gpp iklan aja semua.. ini nggk.. udah ada iklan game play nya patah².. plis kondisikan lagi ya game play nya dan iklan nya di hapus aja.",5
game nya sangattt baguss,5
dikit diki lag kocak,1
"itu piala apa pot bunga , padahal tiap hari kamis perbaikan,tpi gadak perubahan pialanya",4
"Game stress... sinyal saya bagus, musuh gak. malah yang sinyalnya bagus kena imbasnya.",5
ngelag bgt tolol,1
game lumayan baguss tapii perbaikii bug bug nya seperti lag tiba tiba padahal sinyal baguss perbaiki dari analog nyaa kadang GK bisa di pencet terimakasih,5
sudah menang sudah berakhir laga tiba tiba menjadi kalah banyak anomali,1
jaringan nya selalu jelek,1
"Saat menyerang sampai dipertahanan lawan tiba tiba patah patah, saat defense juga sama sampai kotak pinalti tiba tiba patah patah, saat lawang menyerang gameplay lancar",1
"karena semenjak adaanya fitur smart assist saya selaku player merasa tidak nyaman akan hal seperti, Smart assist membuat permain jadi tidak fair, jadi tolong hapus fitur tersebut atau pisahkan secara server",1
sebelum update benerin dlu tuh sistem kocak,1
"hapus fitur smart assist, kalo tujuannya buat pemula, untuk apa di liga divisi 3-1 masih di aktfikan, harus nya kan sudah tidak aktif karena bukan pemula lagi, ga imbang sama orng yg off smart assist nya, perhatiin lagi dalam membuat fitur",2
sinyal stabil tiba tiba ngelag. perbaiki ke stabilannya,2
sinyal benerin donk card mulu baru terus,1
grafiknya lebih bagus ini ketimbang fc mobile,5
tiap divisi 2 game playnya ngebag patah patah musuh lancar giliran gua ngebag parah din efotball,5
setiap akhir pertandingan lag dan tiba2 jd kalah meninggalkan pertandingan mksudnya apa ini..,2
bagus gamenya griknya bagus,5
"if there's a half star, I'll give it a half star! This game is not worth playing because it is too obvious to manipulate the match! I've deleted it from my phone and if i can, i want blocked it from my Playstore!",1
gokil seru bangettt,5
"yg GK ku suka dr game ini ,cmn mslah sinyal. pertandingan JD GK adill yg satu lancar yg satunya putus2. hrusnya menang mnjdi klah terus. game yg bagus JD klihatan cacat akhirnya. pengguna pun JD terpaksa dan juga memkn bnyak memori. tolong di desain lbih simpel lagi, moga sukses.buat e football kdpnya.",1
"sekarang parah banget sekelas pemain epic jadi bego pasing jelek, berat, jadi males main",2
game nya luar biasa 🙂,5
mantap game nya,5
bagusss bangget aku sukaaaa game playnya💯👍👍👍👍👍😀😀😀😀😀,5
sangat baguss,3
karna mirip PS sekali,5
game buruk. koneksi kayak kotoran sapi. tidak relevan.,1
yng bner lah konami di in game lancar win lagi pas slesai pertandingan tiba2 kamu kalah..yang jelas aj,2
"UDAH MENANG 5-0 DI MENIT 90, EH MALAH LAGA DI BATALKAN KARNA HANGUS",4
"Heran, baru beberapa bulan main, takle keras cuma kartu kuning, kasar playernya gak respect",1
iklan buat claim koin nya ga bisa perbaikin laah,4
"game yg dari segi grafisnya bagus, UI nya enak di lihat, tapi yang sering jadi permasalahan itu masalah koneksi. dan juga sering sekali pemain nda ngikutin instruksi yg udh kita arahkan, sering ada kesalahan2 kecil yang bikin dari posisi kita unggul malah kalah. tolonglah Konami perbaiki masalah2 yg begini.",1
sa hapus aja bikin resah,1
developer kurang otak bikin kartu baru aja tiap minggu aja bisa giliran beresin masalah jaringan yang udah lama gk di bener benerin otak nya dimana malah tutup mata padahal itu masalah utama nya di ini game Moga liat ni komen komanex,1
Berat banget sekarang,4
jaringan server tolong di perbaiki,1
bgusss,5
game ini terlalu seru...saya tidak bisa menghapusnya karena ingin terus bermain..,5
"Aneh jaringan selalu turun lag terus seperti kena script, tolong di perbaiki jangan mau duit nya doang lu",1
grafiknya luarbiasa,5
"Game jelek, tidak responsif, terasa berat saat maun, game pay to win, selalu bertemu dengan lawan yg levelnya lebih tinggi dari kita. udh saya uninstal",1
TOLONG BUAT KONAMI HILANGKAN SAJA INTRONYA MAKASIH,5
kenapa sering update gak makin bagus tapi makin buruk..ngelagnya parah. .gameplaynya delay terus..tolong di perbaiki lagi biar mainya nyaman,3
UNINSTALL!!!!,1
Lama lama server tambah down,1
segi grafik udah bagus tolong dong waktu ya 10 menit pus rank ya itu aja lope you 😁😁,5
game taik,5
jangan download.game nya banyak skrip.game play kita bagus.giliran mau nyetak gol gak pernah masuk.padahal sering shoot ke gawang musuh.gak pernah gol.giliran musuh shoot 1x kegawang kita langsung gol. ciri2 kena skrip. jaringan ngeleg.padahal di game lain lancar. kiper lawan jago kali.setiap mau cetak gol slalu di tangkis. udahhh skian terimakasih. konami pelerr,1
"tolong dong biar gak bosen main nya, banyakin lg clab internasional nya, hanya sedikit saja clab nya ini.😁",5
"maen ini bukan nambah hiburan malah tambah stres...menang udah banyak tiba2 nge leg tiba2 sinyal jelek,,tidak rekomended",1
devoloperrr kikirrrrr,3
Semoga lebih gampang dapat pemain bagus / spin pemain,5
tolong di perbaiki seperti sedia kala tanpa ngelag2 padahal jaringan stabil,1
ini game tolol...,1
"Hello eFootball admin, I want to report a bug, where my players and manager are being sold automatically by themselves even though I don't want to sell them. What should I do if there are no players being sold to push divisions because my players and manager are being sold?",3
selalu tentang script dan script. hanya menguntungkan pemain yang sering melakukan top up. developer berdalih kalo tidak ada script tapi pemain yang merasakan. dark sistem yang selalu berpihak sebelah,1
"udah enak enak main kok endingnya yang harus nya menang 2-0, 3-2, 2-1 tiba tiba keluar nya loading buruk koneksi eh jadi kalah wo 3-0 itu baru baru ini terjadi kemarin kemarin awal tidak begitu..",2
game dajjal jaringan normal dibilang lag,1
"game apaan sudah kita unggul, tiba"" lelet, yg buat game ni manusia atau apa,,",1
Jersey timnas Indonesia kenapa belum berubah yang terbaru,5
"game nya bagus si, cuma game ini harus di perbaiki lagi pada jaringannya, masak jaringan bagus malah ngelag apalagi pas musuh mau ngegolin malah ngelag kayak gitu",2
GAME SCRIPT,1
game pay to win kikir ga ngotak,1
TIAP MAIN GAME DARKSYSYTEM MULU,1
"gajelas nih apk,saya minta kode verifikasi masuk ga di kasih..nyesel akun lama saya ga bisa pulih",1
Tolonglah developer aku ingin bermain ini knp setiap menginstal selalu gagal tolonglah aku ingin bermain ini plis sekali aja karena sangat bagus game ini,5
"terlalu berat, sinyal udh bagus masih ajh ng'lag",3
bagus HD,5
menang kalah tergantung scrip,3
pelit sekali ini konami,1
Adain liga 1 dan liga 2 Indonesiabiyarseru,5
ko akun saya ilang gmna sih....bisa tolong gak cek akunnya,1
"game jelek, selalu delay geraka nya assu memang ini game,,,",1
game ini sangat baguss,5
game baguss bangett,5
"Dari sisi permainan grafis semua oke.. cuma entah knpa sering bgt ngelag tiba"" gtuu.. padahal aslinya jaringan full,sinyal oke lancar tpi gatau knpa sering bgt tiba"" lagg sinyal 1 di game nyaa🥲 1 Lg kadang kecewa sm tambahan waktu 0 di saya bntar bngt pas lg nggiring bola di stop tpi giliran musuh yg giring bola di lanjutt terus..tolong di perbaiki lg",4
sinyal kaya anj.** udah menang malah di anggap kalah,1
pemain ku pada ga bisa nendang sialan,1
banyak script,1
"game dan server berat ,giliran lawan lancar pdhal signal & device mumpuni",1
halo kanami..saya kenapa gacha harian saya ga pernah dapat pemain epic ..mulai dari dirk kuyt apakah ini scaming ..saya kasih bintang 1 biar anda tau..karena sistem gacha anda pembohong..,1
lag mulu,4
"udah jijik gua denger kata efootball ga di Konsole ga di hp selalu dikasih script terus, yang pemainnya berat tiba tiba lah padahal baru mulai yang pasing nya ga jelas lah yang kontrol bola nya kaya anak TK lah, yang lebih parah d konsole dari bulan kemarin sampe sekarang blom pernah menang pasti ada aja kendala nya yang finishing ga jelas lah udah gitu selalu ketemu lawan ga sepadan setara pro player giliran gua top up baru menang sekali habis itu di kasih kalah lagi, personal??",1
"sebenernya makin keren ni update, tapi hal kecil seperti fitur iklan aja sampe ga bisa servernya, tolong lah di perbaiki fitur nonton iklannya kan juga untuk keuntungan kalian jugaa. ""Honestly, this update is getting better, but even small features like the ad-watching option still don’t work because of server issues. Please fix the ad feature it benefits you as well"".",2
"Secara keseluruhan, eFootball sudah ada di jalur yang benar. Grafisnya makin tajam, kontrol pemain terasa lebih berat dan realistis (tidak arcady), serta lisensi klub yang makin variatif. Gameplay-nya benar-benar memberikan pengalaman simulasi sepak bola yang solid di perangkat mobile. tapi jika bisa ditambahkan fitur controller di mobile pasti lebih asik",4
kenapa sekarang harus kasih tau org tua dulu sebelum main game e Football tolong dong di perbaiki lagi game nya,3
game cocok sekali,5
jangan kau bunuh sampai 2G harus turun,5
"Benerin SERVER LO suka keluar sendiri alasan jaringan padahal jaringan bagus!! DENGERIN SUARA HATI YG MAININ GAME LO JGN BANYAKIN CARD AJA,SERVER SAMA BUG"" ITU BENERIN",1
"manaaa ..kayaaa..nya mauuu..ada update besar-besarrr'annn...sama efootball yg ada master league nyaaaa....,manaaa ..nichhhh....jangan ngomongggg...ajaaa..??!!????",5
sebenarnya game nya sudah bagus tapi kalau lebih banyak bansos gratis lagi lebih sempurna game nya 😁😁,4
"game ini sebenar nya bagus, cuman masalah nya itu pada gameplay saat saya bermain divisi saat pemain saya di depan gawang selalu tembakannya yang membentur mistar gawang atau tendang an nya meleset jauh padahal saya tidak menggerak kan analog sejauh itu, tolong benerin dong Konami game nya",1
"woii,perbaikan lah game kau ni,udahlah banyak script,jaringan ngelag terus,nggak ada lagi perubahan terus konami,game kikir,bikin orang emosi aja,ni nggak ada kemajuan ni game dari dulu lagi,kalau ada nentang langsung kena baned akun,tolong lah konami di perbaikin game kau ni biar nggak ada lagi script",1
Good game,1
hala madrid,5
"tambahkan bursa transfer di efootball dan tambahkan fitur lain-lain seperti menjual pemain yang gak kepakai, tolong developer Konami 👍",5
"stess ngasih lawan bot gamikir, mending ketemu akun GG sekalian ga hard² amat",1
game nyata sangat bagus sekali,5
"game nya bagus grafiknya juga bagus,tapi tolong kalo mode online pas pake negara lawannya juga negara biar seimbang",5
grafik yg sangat bagus namun ada kekurangan sedikit yaitu tayangan ulang,4
"Sinyal wifi udh kenceng ,,ttep aja suka ngelag.Infinix Gt30pro. .. masih ngelag aja.. paraaahhhh....",1
mode PVP sering loss signal padahal wifi kenceng 👎👎👎,1
Update Lagi Konami Jersey Tim Dan Pemain di Update Update Jersey Timnas Indonesia dan Pemain Timnas Indonesia,5
dark sistem cok,1
analog nyangkut mulu ..,3
"Game bola favorit, terus perbaiki sistem nya.",5
"lumayan maen game epotbool gk ad bosennya,",5
tolong untuk server dan jaringan diperbaiki lagi karena saya sering kalah karena lag,3
"Lagi main PVP divisi sering ke logout, padahal sinyal bagus dan akhirnya kalah WO",5
game terjelek saat ini,1
ribet gk ngerti cara mainnya,1
"Best game dah, Gatau lah ni game sama aja kikirnya sama EA, tapi mending ini si, bagus ga gimana gitu, lah FC, udah kikir,ngasih event gajelas, ah mending ini aja dah edit: Best game, gw akui ini best game menurut gw timbang FC mobile 26",5
"benerin server , jaringan bagus pas maen push liga lag,",1
"apalah jaringan full malah patah"" gamenya, server nya bagusin lagi dah",1
gameplay buruk kursor telat makin hari makin aneh ini game payahhh,1
"bagus sekali game nya, setiap minggu update, jarang ada game yang begini, konami keren👍👍❤",5
"game jelek, lawan terus aja yang susah tll",1
soal main saya suka tapi nglag sama scripnya ka saya mlulu gak pro perbaiki jaringannya konami an????,1
"tolong perbaiki kualitas jaringan nya sangat amat lag mau pake wifi maupun kuota, sementara di game lain jaringan aman lancar",1
kenapa aku kalo mau login gak bisa bisa alasannya login untuk orang tua,1
karena bagus sekali,5
ini gimna sih Konami tiap saya maen vs Pvp ada ajah aneh nya posisi udah menang trus permainan juga udah selesai tiba2 gangguan jaringan akhirnya di nyatakan kalah apalah coba kaya gth udah 5x saya di gituin padahal pas maen aman aman ajah jaringan ga ada gangguan giliran udh bres maennya udah ful time juga langsung muter lama,1
"GAME CACAT KONTROL GA JELAS OPER BOLA DI AMBIL MUSUH UMPAN SANA SINI DI SEROBOT MUSUH LARI JUGA BERAT PADAHAL PEMAIN BINTANG 5 CACAT ,JELEK, RUSAK, BROKEN GAME",1
"Konami harus banyak2 belajar dari ML, 5v5 aja enggak ngelag, masa 2v2 ngelag 🙏🙏",5
"game ngga jelas, sinyal bagus tapi kok ngelag muter. payah developernya👎👎👎👎👎👎👎👎👎",1
kapan nihhh mode master league nyaaaa muncullllll,5
Permainan sepak bola yang sangat pantastik,4
game ini bagus banget dari dulu aku mainin keren bet 😁sumpah aku mainin game ini dari aku umur 16-18 pokoknya kalian wajib cobain ini game cuma yang bikin kesel itu bug/iklan mohon di perbaiki dan juga pas masuk lama beut🗿🗿,4
"game tololl, jaringan lancar malah ngelag ga jelas tiba"" kalah. hina banget",5
konami tolong lah ini kenapa stiap saya main divisi selalu tiba tiba keluar sendiri padahal jaringan saya bagus,2
"coba gak usah ada pemain legend,,kita ini diera modern..malas setiap main game semua lawan pasti ada hazard,Batistuta,pele,dll...minta tolong dihapus dong legend2 itu,,",1
"gua suka nih game dari jamannya pes , gameplay bagus event nya untuk saat ini ya lumayan dan yang paling penting bisa main offline. semoga tetap di pertahankan agar memberikan keunggulan sekaligus menyenangkan bisa bermain apabila bosan dengan lawan online kadang kadang menang kalah ,seri dll tergantung sinyal",5
game ini sangat bagus tapi saya minta adakan komentator bahasa indonya ya developer please 🙏🙏🙏,5
"game rusak,sinyal bagus udah menang tiba tiba meninggal pertandingan,mohonn dibenahii lagii",3
semoga kedepannya game makin maju 😍😍,5
woi hapus bantuan cerdas (smart assist) bikin malas main anjg,1
"lag ketika main bareng teman, padahal sinyal full 5G",1
Game meLawan bug..!!!,1
main pvp sering keputus padahal sinyal bagus . sudah sussah kalahin lawan pas selsai permainan malah saya yang kalah . tolong perbaiki kendala seperti ini .,1
agak seru tapi susah mengontrol nya,4
"game tidak layak untuk di mainkan, ketika anda bermain melawan player lain maka anda akan siap kalah, sinyal kita bagus tapi dibuat Lag",1
tolong tolong tolong!!!! perbaiki masalah koneksinya.,2
"kalian ketemu pemain Indonesia? jangan seneng karna bertemu lawan satu negara, pengalaman saya bertahun tahun, 70℅ pemain Indonesia itu menggunakan cheat. saya tidak termasuk dan itu fakta kalian harus senang ketika ketemu pemain luar negeri, pemain Indonesia di e-football itu pengecut guys, cuman pengen menang dengan cara apa pun, pasti kalian veteran efotball Indonesia ngalamin Hall serupa, untuk tim dari pihak konami juga lama responnya, sibuk? gak usah bikin game",4
kereeen,5
tolong dong smart asis di ilangin selama ada smart asis jdi susah jadi maen nya .. pengen pensiun aj maen game ini jadi nya,1
karna sangat susah dan menantang,5
terlalu sering update,5
"kurang memuaskan, beda sama jaman pes, dapat pemain bagus tidak terlalu sulit.",2
"DARI PADA LU NGADAIN PEMAIN BARU MULU MENDING PERBAIKI DULU JARINGAN LU, SERVER ABAL-ABAL",1
1 saya mau di football ada piala asia dan piala Afrika 2 saya mau pasang happymod. nanti saya kasih bintang 5 🌟🌟🌟🌟🌟,5
mkn ancur leg ml.,1
script gajelas,1
Free card epik it's wort'it,5
"Game Ampas, server buat pvp malah ga di update. developer kikir. Jaringan busuk ga di update",1
ini game sebenarnya bagus tapi sering ngeleg tiba² gitu aku kesel sampai aku sering meninggalkan permainan bikin emosi,5
Giliran lwan pemain p vs p ngga ngotak lawannya,3
"kami player sportif laga demi laga kami lalui tapi apa daya banya waktu dan momen yang tak bisa kami lupakan senang seru bersama ,tapi maaf semakin kedepan permainan ini semakin tidak jelas dan tidak adil di setiap laga dengan ini kami akan keluar dan mundur mohon maaf atas semua 🙏🙏🙏 ijin KONAMI dalam dekat ini kami akan hapus game ini trimakasih",1
ok mantab,5
"Game apaan cokk,udah unggul sinyal bagus tiba² keluar sendiri alasan sinyal tdk stabil,script,konamex bilang nggk ada yg namanya script nyatanya banyak yg ngalamin bahkan sampe pro player,tolong di perbaiki ini game kami sudah muak dgn gameplay ini,jika tdk maka banyak yg akan meng halus game ini",2
jaringan di perbaiki waktu main gak pernah bagus jaringan,1
game script gameplay berat,1
enak aj,4
sip mantap pokok nya,5
ネットワークにダメージを与えるのを好むプレイヤーがまだいるため、5つ星から1つ星に変更しました。早く修正してください。,5
"udh bagus gamenya, tolong Konami klo ngasih pemain gratis bagusan dikit jgn gitu² mlu, sbagai player bansos kami butuh pemain gratis yg lumayan gacor",5
gajelassss binatanggg udh menang tiba tiba kalahh,1
Game yang sangat menyenangkan,5
menenangkan jiwa,5
game parah nyari lawan susah ketemu lawan main leg gak jelas,1
masalah jaringan patah2 .main yg lain lancar,1
tolong diperbaiki lagi game play nya terutama soal laga pertandingan karena gw udh berapakali di curangin sama wasit ataupun yang lain nya tolong di perbaiki ya satu lagi tolong di perbaiki gameplay saya sering sekali terjadi goal dari lawan padahal jelas sekali itu posisi offside kenapa masih goal di game nya kan seharusnya tidak tolong ya,4
ni game bagus nya ga ketolongan ngentt,5
Please remove the smart assist mode. It makes me lazy to play.,1
pad control nya gimana si update trs malah kaga jelas,1
kenapa sekarang jadi ngelag banget yaaa!!! tolong dong efootball gimana ini,1
"semenjak update jadi ga bener game nya gangguan jaringan terus,ini server nya gimana sih niat kerja gak",3
B aja,1
"paling males kalo game ada iklannya,.. makin buruk, makin ngelag, aplikasi tolol, nyesel donload",1
tiap main liga udah menang lawan pvp ytiba tiba koneksi terputus padahal koneksi stabil,1
game ini kece,5
saya penah main tapi dihapus sama adik aku dan aku udah donlot pas udahan eh mala persetujuan orang tua dan aku takut karena aku pakai hp kakek ku,1
"bugus gem nya , tambahin liga Indonesia ka",5
"Tolong tambahkan stadion Santiago Bernabeu sama camp nou, dan tolong adakan peraturan handball, jadi jika terjadi handball ( terkena tangan) di kotak penalti akan jadi penalti",5
game nya seru tapi kalo udah unggul pasti jaringannya leg nya parah kacau nih admin gak bisa benerin sinyalnya padahal saya pake wifi bikin kesal aja main game nya,1
"ngelaggg muluuuuu, padahal jaringan bagussss, pusinggg",1
"posisi menang terus lawan keluar, loading nya lama terus tiba tiba kita yang kalah. mohon di perbaiki",1
"makin kesini makin aneh, kalah mulu gajelas, gada perubahan, ganiat bikin game kocak, gajelas gameplay lu ga di bener2in, ai nya tolol, permainan berat ke salah satu pihak, keliatan bgt kalo dh pasti kalah dr awal, kocakkkkkkk",1
"game sampah, mingguan update,bulanan update besar,gaada impact samsek ke gameplay sama sinyal nya,kikir pemain epic kalau ngespin,sinyal game ga pernah di beresin,update terus per minggu,per bulan update besar",1
"game kalo udah menang pasti delay, lag lah, pemain planga plongo, ga bisa pegang bola, passing amburadul hadehh",2
cukup bintang 1 saja main pus divisi gak masuk akal banyak banget trobelnya dan harusnya sdh bisa devisis 1 ..tertahan karna sistemnya yang gak jelas Konami perlu di perbaiki...apa lagi rating musuh di bawa kita otomatis kita yang kalah oleh sistem Konami kurang baik sekian terimakasih.,1
apa masuk di akal divisi rendah lawannya divisi tinggi tinggi ngejar aja nggabisa gimana si,2
"terlalu susah dapetin pemain yg bagus,ditambah sekarang ada iklan",3
Game rusak Udah Seratus persen Donlot tan Nya Malah Ngulang Dari 0,1
"Selamanya gak akan main ini game lagi,karena Efootball mobile sangat buruk kontrolnya,pemain epic tidak berguna ketika lawan AI level Legend semua kena penurunan statistik bukan di angka tp di gameplay. Semakin parah dengan sinyal buruk ketika online. Tp yg paling bikin game ini sangat buruk adalah memang dari kontrol yg tidak jelas dan terlambat,shoot bs jd terobosan atau sebaliknya,kursor bertahan tdk pernah tepat meski sudah digeser ke arah pemain bertahan,bhkan tiba2 kursor berubah arah.",1
tiap main divisi selalu ngedadak keluar minta login mulu parah,1
"sistem matchmaking ga seimbang, punya gw poin team nya 2750 musuhnya 3200, masuk akal kah?",1
game pepek sinyal penuh tapi ngeleg,1
Gamenya Gajelas Udah menang padahal jaringan bagus malah dibilangnya kalah.,1
saya tinggal di perkotaan tapi jaringan selalu buruk walau saya sudah berpindah tempat tetap saja tidak ada perubahan di mohon untuk konami bisa memperbaiki permasalahan yang saya alami,1
"kerja kek min jaringan di benerin masa udah menang 2:0 tiba"" di suruh login ulang bikin bete aja",1
tolong dong Konami tambahin Fitur handbal nya supaya agak realistis gitu kan enak di lihat kan handbal peraturan dari sepakbola pliis ya konami,5
jaringan lag dikit kalah ngaco,1
gamenya bagus tapu gua kasi bintang 2 dulu sampe gua dapet epic geratisa ok,2
Game ini sebenarnya sudah bagus lebih bagus lagi dikasi liga 1 dan liga 2 Indonesia saya juga sepakat kalau dikasi timnas senior u23 u20 u19 u17 dan u16 lebih bagus lagi itu kalau dikasi timnas putri juga bagus sudah dibilang game sepak bola terbaik atau berkualitas terbagus di Indonesia tolong dikasi timnas Indonesia putra dan timnas putri Indonesia plis biar semakin banyak yang mainin game efotbbal paes2 2024 biar lebih keren lagi terus bangsa kita akan maju di game dan apa yang ada di IDN,3
"masih banyak yg maen script, gak ada tindakan kongkrit dari Konami. bikin males maen.",1
"tolong dong diperbaiki lagi,setelah diupdet kok sering ngelag ya .. jadi pas lagi bertanding itu jadi gak asik.karna selalu ngelag.padahal jaringan bagus..",3
kga jelas jariangan lancar malah muter mulu benerin lahh,2
realistis banget game ini pokok nya seru deh!,5
Jaringan d hp full pas d in game hanya 1 bar hasilnya ngelag (sangat mengecewakan),5
kata temanku bagus ehhh bener bagus banget tapi rada ngeleg sih,5
"tolong jaringan nya di benahin, sekelas game 2gb an sinyal nya jelek, padahal main game lain bagus bagus aja sinyal nya, giliran game ini haduh, pas depan gawan malah jelek sinyal nya pas udah kebobolan bagus lagi, tolong konami benahi jaringan nya jangan tambah tambah pemain terus",1
kalo bisa selebrasi pemain nya ngikutin pemain asli nya biar makin terbawa suasana ? sama satu lagi warna lampu stadion yg atas nya ada warna hitam juga biar gak terlalu terang pas main. kesana nya mah keren ini games ?,5
Bagus sekali tapi kadang ada sedikit masalah seperti jaringan tiba. tiba lemmot padahal jaringan lancar,4
terlalu banyak persaratan untuk konami bukan saya tidak suka dengan game ini tapi terlalu banyak persaratan sehingga saya harus menghapus game ini,1
sinyal buruk,1
"tolong lah Konami urus server nya 🫩🙏 gamenya bagus, bnyak peminat juga tapi mines di jaringan, padahal pas main game lain jaringan bagus giliran ni game delay parah... plis urus peningkatan jaringan 🙏",1
Tolong lah setiap kali uda menang sekali jangan lah di CiP saya dua HP sudah rusak tidak berfungsi lagi Gara² di CiP nampak kali gem konyollll nya ini aneh Gila Gem nya,1
Konami biadap habisin duit orang aja game play buruk,1
"Kikir, juara liga aja ga dapet GP sedikit pun.",2
tolong berantas lag cheater sudah memang tiba-tiba jaringan nggak stabil.,1
kalau update jangan terlalu tinggi lahh,1
udah bagus tapi coba tambahin liga Indonesia plis jangan cuma persib semogaa dibaca dan diterapkan april ini,5
Susah sudah menang pas ahir laga kok jadi kalah.. Game kaya ampas,1
bagus game penghilang stress,5
gamae bola Ter aneh di dunia yang passing delay cuman effotbal,1
"gajelas tutorialnya di akademi masa susah banget+salah terus, malah lebih gampang mainnya daripada akademinya. mohon diperbaiki",1
tidak bisa download untuk hp kentang,1
"Kembangkan terus game ini, developer. Salah satunya tambahkan wasit dan liga indonesianya kalau bisa dan saya yakin bisa.",3
"gamenya bagus tapi masih banyak kayak cheat sinyal , padahal sinyal full tapi patah patah",2
Klw mau update tu bikin makin bagus bukan kaya gini malah bikin emosi byngkan aj analog ngapain cb diatas bnget trus bek nya susah bner di kendaliin klw bisa di perbaiki klw mau player pes mau main lagi,5
"COBALAH KONAMI BUG NYA DI PERBAIKI BUKAN HANYA CUMA NGELUARIN PEMAIN EPIK. MASA UDAH MENANG PERTANDINGAN JUGA UDAH SELESAI TIBA TIBA DELAY LALU ADA KETERANGAN "" KAMU KALAH "" YANG BENER AJA. JADI SIA SIA PUSH DIVISI YG HARUS NYA UDAH DIVISI SATU JADI JAUH LAGI NGEJAR POIN NYA. TOLONG DI PERBAIKI !!!!!!",2
abis maintenance jadi ngaco pemainnya,1
gameplay nya ok banget tapi lisensi nya kurang lengkap player nya ok real face dan realistis banget,5
game taik GB nya mahal bet gabisa login lagi harus punya Konami id Halah jembbod,1
mending di APUS ni game,1
banner pemain sangat sulit entah developernya pelit !!! saya sudah 100 tahun main ini game,2
"game ini makin dimainin makin gak jelas, karna masalah nya di sinyal padahal bagus sinyal nya tapi pas main divisi sinyal nya gak jelas dan lag parah sekali, dan dikasih lawan nya pun pro semua dan jago, serta jangan main ini game bikin kita stress main nya, dan mkin update semakin gak jelas ini game, semakin di mainin ini game semakin super duper parah karna dikasih lawan yang gak ngotak saat main divisi",1
banyak ngelag nya,1
aku suka sama gem ini bikin saya jadi jago main bola,5
game ajg gaca ga pernah di kasih epic ....,5
"gamenya kok HEBAT ya anti DELAY, ga ada kaya SCRIPTED gitu gamenya🤩",1
"Grafiknya udah bagus. Perbaiki koneksinya, mau pemain epic, mau pemain bagus ratingnya kalau masih sering ngelag PERCUMA!!! tidak bisa menikmati..",1
oke baik,5
kasih kita epic player konamtods kikir server busuk ngelag udah win di akhir laga malah lose !!!,1
game gak jelas mau main aja gak bisa bisa butuh itu lagi,1
"Jaringan internet stabil, tiba-tiba jaringan internet hilang setiap memainkan PVP Sementara uninstall dulu 👎🏻",1
woi Konami kalo pas udah ngegolin jangan ngelag lah udah mau menang malah kalah padahal sinyal bagus,4
sistemnya belum dibenerin ini game masalah var offside atau tidak pelanggaran dll. kebanyakan iklan sekarang tapi tidak ada hasil sama sekali untuk dapet pemain,3
saya turunin bintang nya.karena sekarang harus nonton iklan dulu.jadi kyk game penghasil uang aja.dan yang terakhir saya UNINSTAL aja.males main nya ribettttt.......👎👎👎👎,1
"saya merasa ketika bermain divisi mode vs AI terlalu disetting, kemaren gw main menang 6-1 setelah itu kalah 1-0 dengan saya melakukan 16 tembakan, 12 on target, 5 kali kena tiang, tiba2 bar tembakan penuh, finishing ga sesuai analog saya dsb, dan kalian tau? musuh cuma menembak sekali saja. itu hanya contoh kecil yg sering saya alami",2
GAME SAMPAH,1
kikir amat😊,5
gw jago jadi nya bintang 5,5
never play this game again before smart assist remove from pvp mode,1
"the best forever for this game, limpah in terus pemain epik nya bro di setiap update",5
skor udah menang pertandingan udah selesai tapi pas selesai bisa bisa nya saya kalah WO,1
"sinyal bagus, hp bagus, main ini game nge laggg anjjj",1
あまり良くない,1
kereen,5
tolong untuk offline nya di update pemain dan jerseynya,3
Dari 2020 main nggak pernah dibenerin masalah koneksi. Cuma hadirkan kartu baru tanpa menambah gameplay ataupun perbaiki masalah,1
"perbaiki lagi soal bug bos , sinyal gw bagus tapi ngelag parah pass main .",1
"Servernya diperbaiki lagi, Support controller V-pad 100% fungsional",4
cakepp bgt pemula,5
Jelek game nya,1
"tidak sebanding dengan uang yang saya keluarkan. kualitas server sangat sangat buruk. jika ada bintang yang lebih kecil dari 1. mungkin saya berikan untuk kalian server jebol, buruk, hanya jual kartu saya bicara ini karena saya pemain dari 2018",1
game kikir spin kartu epic gak pernah dapat,1
Menurut saya masih banyak kekurangan di Al bawaan gamenya yang sering salah umpan padahal analog sudah di arahkan dengan cepat dan terarah ke pemain yang di maksud. saya user non Al tapi Al bawaan game tetap sangat terasa sekali terutama ketika bermain umpan cepat,4
"game nya bagus, tapi wasit nya juga harus ganti",5
cuma kurang lisensi dan servernya sering gk stabil,4
very very good,5
"Benerin servermu dulu konami, jualan kartu mulu, biar bisa main fun",3
"bagus gamenya seru, saya main dari 2022",5
game busuk sering bug banyam yang gajelas main 3kali udah patah patab,1
tolong bikinin komentator bahasa Indonesia dong,5
bintang 1,1
game terP2W dan tidak merespon keluh kesah playernya sama sekali,5
akun ku ilang,3
Mb nya turunin yang hp kentang agar bisa main,1
sementara bintang 2 dulu. masalahnya adalah selalu gagal terhubung ke server padahal saya menggunakan WI-FI.. klw ini sudah membaik saya kasi bintang 5,2
manaa master league nya min aku udah berat' update nya,1
benerin dulu tuh script nya tolol,1
"Add instant replay in exhibition match please, and game speed too",5
Kontrolnya ampas,1
"kebanyakan update, main PVP selalu lag parah tolong dev bagusin buat PVP selalu lag,game dengan sejuta kepkikiran jangan di download sumpah buat emosi doang klo main",1
game ga bagus udh berat banyak bug saat mau misi kontrolnya tiba² ga ad hdh tolong perbaiki supaya pengguna game nyaman saat main nya,1
kenapa gk ada mode Menegger biar makin seru kaya WA Mobile ada mode menejer,3
Obrigado por entreter entreter eu amo este jogo eu sou de Portugal,5
Pas melakukan selebrasi tinggi badan pemainnya sama. Mohon untuk di perbaiki dibedakan sesuai tinggi badannya agar grafiknya lebih enak di lihat,2
kalo bisa pas download data setadio sama yang lain nya kalo bisa Jang nyuruh tunggu,3
jaringan di perbaiki,1
"1 million download anniv, and only give 7 gacha ticket. what a joke.",1
karena tidak ada liga 1 Indonesia dan tidak ada master Ligue tolong adain min kalo ada du itu sayaa janji pasti bakal maen semua efottbal,4
ai tidak disiplin.,1
Game Bola yang sangat keren.,5
game bagua,5
kenapa pas pvp lemot padahal pakai wifi ping 12 kok lemot harusnya nggak lemot. cuma 2 player kan? bedaa kalau 5v5 . justru malah lancar di ping 12. coba jelasin konami?,5
"sinyal buruk!, kadang ngoper bola tiba tiba melambung. kalo lawannya lenih tinggi pas bola di depan gawang tiba tiba ngarah ke luar gawang. sinyal penuh tapi lag parahhh",1
"game gajelas,engine nya busuk",1
"Hapus fitur smart asist, itu merugikan pengguna yang lain ..",3
game p2w anyg,1
Game buruk,1
mantap sudah keren,5
"FITUR SMART ASSIST, FITUR YANG SANGAT MERUGIKAN, PLAYER YANG NON SMART ASSIST,",1
"efotbal tau emang ,susah payah divisi 3 udah 50% update hari kamis malah balik devisi 4 lagi...tak emang nih developer nya",1
game sering koneksi buruk tiba tiba logout sendiri,4
update untuk wajah pemain agar lebih detail dan grafik di tingkatkan.,5
gua top up eh malah gaada poinnya parah efotbal ati2 klo top up ni game,1
game knt,1
"ANALOG LU NOH BENERIN, BLOK",1
setiap pertandingan yang saya menangkan di akhir laga selalu terjadi eror.yang membuat saya kalah #cokkkk,1
"I was in a superior position and even came out on my own and the signal was very good, You developers don't have the awareness to improve this game",1
Tolong server jaringan diperbaiki lagi,4
game nya bagussss tapi kapan nih ngeluarin lagi pemain timnas,4
kelas bet,5
suara komentator udh d download masih gk muncul jg suaranya,1
seru juga,5
"low luck, just pay to win!",1
lumayan bagus untuk mengisi waktu luang 👍👍👍,4
"Gua pengguna lama efootball, semenjak ada fitur SMART ASIST jadi males gua, lu bayangin playernya disuruh nge cit. game macam apa",1
"freekick jadi jauh lebih jelek, gw udh sisa 1 on 1 ditackle ga kartu merah. movement makin berat n aneh. game terlalu pay to win, lu punya card lebih bagus, lu menang. game lu sampah",1
banyak bug,1
perfect ni game nya cuyy🙏🤣,5
game aneh tidak seperti kenyataan nya kebanyakan script dan pemain yang harusnya menang Duel tapi malah sebaliknya kadang berat sebelah lawan yang di untungkan,1
bikin males banget kalo main pvp operannya sering delay Padahal ngga ngeleg,2
sinyal jelek menguntungkan lawan lag parah patah patah parah! tidak adil tidak fairplay game nya banyak yang melakukan cheat sabotase parah!,1
mau kasih epi gratis aja pake gacha udah gitu ga dapat lagi,1
mantap rugi gk punya game ini,5
sudah waktunya uninstall kah??? makin kesini makin ngelag sinyalnya,1
"kenapa setiap abis update bukanya makin bagus ko makin buruk . kadang keluar ,tiba tiba masalah jaringan, padahal wifi bagus pakai game lain pun aman aman aja",2
"efootball makin lama makin berat. saya main settingan paling bawah juga masih sangat lag, menurut saya grafis pun tidak berbeda jauh dengan efootball sebelumnya hanya beda warna lapangan. dan di efootball sebelumnya device saya mampu memainkan settingan low dengan 60 fps. dan jga untuk jaringan masih sangat buruk yang sering membuat umpan bola menjadi terlambat padahal saya bermain game lain dengan wifi yang sama mendapat jaringan yang sangat lancar",1
game nya bagus bet cok dari grafik ny,5
"terlalu banyak iklan, tapi tidak pernah dapat pemain epic",1
"Coba jersey nyah kaya bneran,masa bnyak yang polos,,bola nya kaya di liga liga pasti lebih seru",4
"menu jeda dikurangi dan dibatasi, payah apaan dalam sekali main berkali kali jeda bikin gedeg aja",1
bagus bettt dah sumpah 10/10 sih kata gua,5
game bola ter the best sepanjang masa,5
Kekurangan ada pada garis umpannya klo bisa dihilangkan saja,1
kalau bisa Konami buat liga 1 liga 2 liga 3 dan liga 4 Indonesia. Memperbanya slot cadangan thankyou,5
hapuskan smart asis,1
tidak bisa berkata kata lagi,5
"dulu geam nya enggak kek gini,dulu geam nya seru, sekarang makin kesini makin tolol geam nya",1
game kancot,1
bagus jem###,5
sering kali di mode pvp di depan gawang tapi arah tembaknya ke tiang dan tiba tiba pinalti tanpa teckle apapun Terlalu Jembod lolotmau bekel malah buang pas mau umpan pendek power juga sedikit malah umpan panjang emang apalagi mau buang bola dan menerima bola bolanya tidak di tahan,1
ga pernah hoki wk,5
"tolong dong buat efootball, setiap abis update hari kamis, pasti divisi saya selalu turun, saya capek capek naikin divisi setelah update turun lagi turun lagi...tolong pengertiannyaa",2
"abis update layarnya mesti gamau full, bikin kesel",1
"benar yang banyak di bicarakan orang. gamenya bagus tapi servernya jelek. sehabis bertanding sering tidak bisa masuk ke server. saya coba tunggu beberapa menit tapi hanya muter2 aja. internet bagus sinyal bagus, setelah itu saya coba matikan data dan hidupkan lagi. akhirnya koneksi terputus dan kita harus login lagi setelah login ternyata kita dianggap kalah 3-0. padahal di pertandingan berakhir imbang 1-1. jelas ini kerugian besar player. buat developernya tolong ini di fix ya😭",2
lumayan lah buat ngisi waktu luang,5
game ase,1
mantaabbbb,5
perbaiki jaringan liga nya,2
tambahkan komentator bahasa indonesia. masak kalah sama EAFC udah di buatin komentator bahasa indonesia,1
"liga acara, musuh nya tidak seimbang bikin pemain emosi. dari history musuh udah devisi 1 dan 2 sedang saya devisi 8",1
game nya suka gajelas,1
game taii smart asist kagak di hapus²,1
jaringan kurang optimal,1
"game idiot, kenapa settingan diff di liga saya harus legend mulu? gak semua orang bisa legend, kan susah, ditambah, pemain gw gak semua kondisinya gak stabil, bisa gak sih hapus aja itu mode legend tetap di liga saya",1
bagusss sekali grafik nyaaaaaa,5
bagus tapi bisa turunin jadi mb,4
lumayan... cuma sistem gacanya menyebalkan...,4
region indo sepi event,1
d update mlah lag,1
game rusakk,1
kenap lemot ya,5
min sodaraan sama Moonton kahh?? Kikir amatt ke ID AseQ,5
GAME SUDAH BAGUS..GRAFIS OK..CUMA KALAU BISA PUS DIVISI ONLINE DIHILANGKAN SMART ASIS..KARENA KALAU LAWAN PAKEK SMART ASIS GAME PLAYE JADI BERAT ..MOHON DIATUR SMART ASIS HANYA UNTUK DI GAME Al aja..,3
"SCRIPT SO INTENSE ON DIVISION VS AI, THERES NO FUN ANYMORE PLAY THIS GAME. THE DOWNFALL THIS GAME WHEN SMART ASSIST ALLOWED IN DIVISION PVP. NEVER COMEBACK, TIME TO LEAVE AND UNINSTALL.",1
geme ya sangat mantap tapi masih ada bug ya nyendat2 maunya,5
game tidak adil mempertemukan musuh yang tidak seimbang ketika bermain divisi seharusnya menyesuaikan pemain kolektif,1
top,4
semenjak update lagi main tiba tiba keluar di perbaiki lah internet kenceng lagi menang jadi kalah gajelas lama lama,1
game ini tidak terlalu bagus karena kita banyak di curangi,1
kalahkan FC mobile,5
"Plis, siapapun yang mau download ini, mending gak usah, developer paling kikir ya ini, kalo kalian masih mau waras gw saranin gak usah mainin ini game.",1
gemenya gak profesional,1
mana master league yang kau janjikan 2 april itu????,1
jelek bangettttttttt,1
"makin hari makin ga jelas ini game, koneksi stabil yg ngelag gue 👎, main pvp sama player lain sering ngelag pula sedangkan lawannya gada kendala apapun gj bet ini game",1
knpa efootball sya ga bisa di buka habis apdate,5
bagus sekali,4
cukup baik tapi lama banget,4
"apaan ni game nya,padahal jaringan sudah bagus,hp juga ngedukung untuk game ini,tapi kenapa tetap ngelek ya ?? padahal main sama AI masih tetap sama ngeleknya,sudah di turun ke pengaturan paling rendah untuk gamenya masih juga sama ngelek terus saat main.game buruklah sekarang efoodbal ni paling buruk",1
cakep,5
game nya bagus sekali,5
setelah update tadi wasit semakin buruk,2
hapus smart asist,5
"I'm a bit bored playing e-football because lately it feels like there's no improvement and every update is also not interesting, it's just like that, there are no significant changes, the license is also always stagnant, it's really boring, I hope the license can be updated like the national team or club jerseys.",1
"beli koin tapi g masuk, gimana solusinya",1
gemnya sangat baguss,5
ok good,5
kenapa ngk ada kompetisi liga champion???,3
masih jadi kendala karna signal server sangat berat banget. padahal di pake buat game game lain lancar² aja. tapi ini malahan sering tiba tiba putus koneksi keluar dari laga dan ahhh sudahlah anomali pokoknya,3
siip,5
Keren Sihh Klo Handphone Saya Muat Untuk Game Ini,5
bagus dan gak muda bosan,5
kapan master league,5
🤘,5
Karena tidak bisa masuk jadi saya kecewa udah gua ikutin cara di tiktok padahal email Ama sandi udh benar tetap aja gak bisa masuk,1
game haram,1
sangat bagus dari segi grafik stadion sama pemaen. tapi ada satu masalah jaringan tolong d perbaiki,5
SERVER LU WOI PERBAIKI MASIH AJA NGELEG2 MAIN VS PVP,2
GG KONAMEX,5
"Developer, tolong Tambahkan fitur My Cup sebagai menu lain selain my league dimana pemain bisa memainkan turnamen seperti PES atau WE11 yang melegenda diantaranya ada format nasional tim dan club pasti lebih menarik dan legendaris",5
mending konami fokus ke mesin panciko aja,2
"berkali-kali menang dan berkali-kali dinyatakan kalah setelah laga usai. karena koneksi bermasalah katanya. kalo koneksi bermasalah seharusnya di dalam game sudah terjadi masalah saat bermain. tapi aku kalah setelah menang, saat loading menuju menu laga. wow. pengalaman bermain yang luar biasa dari sebuah game bola.",1
fans football ❌ fans Barca ✅,1
Udah gratisan ga mau sabar lagi haha ngakak dah. Pindah aja yang pada bacot ke fifa sono,5
game terbaikk,5
pusing terlalu banyak update..,1
kurang dan lambat update pemain timnas,1
games bagus,5
game gajelas. mau main pemilhara teruss...,1
"grafik dah bagus, ayo dong server dibenerin masih banyak player main data, dan smart assist dihilangkan saja di mode PVP online semua karna merugakan tim lain, dan tolong ditambahkan audio2 pemain tik indonesia, indonesia market besar buat Konami jadi jangan disia-siakan siakan",5
"Kontrol makin sulit,, sinyal selalu jelek",4
p2w 🥰,5
tolong hapus smart asist,4
"dari coba coba download pas masih pess namanya dari 2021 ga ngerti cara main belajar sendiri dan sampai sekarang masih main, dlu maksa bgt download di hp kentang klo setiap ada update pasti panik karna kurang memo sampai sekarang yg udah punya hp baru masih main ini game terbaik di Dunia pokonya ini game terbaik, walaupun ga pernah hoki",5
"Sering terjadi delay saat laga PvP karena server yang kurang stabil. Setelah update, sistem defense juga terasa kacau dengan banyak bug. Meski begitu, secara keseluruhan game ini masih cukup bisa dinikmati.",5
wasit dan hakim garisnya di munculin ky ny lebi elegan.dan logo clubnya jgn logo jadul.game ini keseluruhan lumayan bagus.gampangin dong gachanya.jgn susah².,4
tolong diperbaiki jaringannya pada saat pengguna bermain divisi,1
ga bisa gacha di region brazil masa harus verifikasi umur dulu,1
nggak ada liga 1 Indonesia,2
はいコナミ、今回のeFootballのガチャでは黒演出をください。,5
kalo bisa buat mets piala dunia nya supaya lebih seru lawan antar negara,5
"tolong turunin level divisi vs ai, sangat sulit sekali untuk divisi 1-2, kesulitan tidak masuk akal, levelnya setara 'mustahil menang'",4
keren ketek🗿,5
sangat gak jelas kadang kadang irit sinyal,5
terlalu banyak pemeliharaan server sangat membosankan,2
kok nggak bsa ke buka apk nya,1
"dikit""gangguan dikit""gangguan tolol banget anj",2
menurut gua ini gem nya banyak ram dan berapa hari abdet,4
"saran kasih tombol khusus buat ngeluarin skil pemain, supaya gameplay jadi lebih gampang",4
terlalu banyak pemeliharaan 😴👎mana lama lagi,1
gacha ga pernah hoki kacaww emang konamii,2
"gadapet koin 2025 padahal player lama,gabakal lagi top up sedikitpun, PILIH KASIH",1
gem nya bagus dan grafik nya bagus tapi tolong perbaiki sinyal nya dan skrip nya,4
tambahin fitur become a legend,5
sangat baik bagus no debat very god,5
"Tolong,saya sebagai penikamat game Efootball saya sarankan untuk membagi permainan yaitu dengan user pemakai bantuan cerdas VS bantuan cerdas, dan untuk user control Classic ( Tidak memakai bantuan cerdas) VS control Classic ( Tidak memakai bantuan cerdas). karena tidak memanapilkan permainan yg kompetitif kalau masih menggabungkan permainan tersebut di Update selanjutnya. Sekian dan Terima Kasih. Hormat Saya USER : ABWAH",5
bagus seru bikinnya gabut dan ga bikin ngeselin👍,5
mayan dah,3
kasih pergantian pemain ya dan tambahin sama UCL ya itu bang,5
game jos,5
"Beban server teros, gabisa dimainin.. Online match sinyal putus terossss",5
enak grafik bagus hd gak kaku tapi spinan gak hoki,5
hal hal yang sering saya rasakan kalau main lawan AI mode pemain top: 1. lari player di beratin (kayak ngangkat barang berat) 2. kiper musuh jadi ga logis menit 1-18 biasanya kiper musuh aman aman tiba tiba jadi mode dewa) 3. pergerakan AI yang ga masuk akal • lari nya cepet banget • high pressing yang ga logis • umpan yang ga logis 4. seperti nya saya di permainkan oleh script busuknya konami benerkan??🫵😡,1
bagus banget apa lagi kalo ada super league,5
katanya mau update lagi mana kok blom,3
gini deh bagus terimakasih telsh mendengarkan apa yang kurang sari kamu,5
Pay to win. Game stress.,1
game kucluk!,5
kurang banyak animasi,5
what a scripted mbappe fail to score when the goal is open trust me guys fifa is better what a Shame from konami,1
ini game samgat bagus tapi sistem gacha di ubah 1×=10koin,5
Love you,5
main devisi itu bukan lawan pengguna bro ternyata lawan server sudah di setting,2
Permainan nya sangat bagus sekali,5
"REMOVE SMART ASSIST, bad ai division, script, the player's movements have no clear direction, bad server, player control is not good",2
game rusak top up gaje,1
game script,2
lag mulu tll,1
Game nya bagus tapi tolong tambahin liga Indonesia,5
hapus smart asis meresahkan bikin males maen,1
"niat bikin game kagak sih ,udah main susah"" match udah selesai tim udah selebrasi tiba"" ngeleg bentar habis itu muncul notif kamu kalah kalau gak niat bikin game hapus aja kocak, minimal klo bikin game yang fair lah kocak main divisi sengaja amat dikasih cara biar kalah,klo orang komen baca dngo sinyal bagus digame gak stabil yang bener lah dngo,masih aja kek orang tll gak denger masukan minimal klo kasih lawan gak seimbang gausah kasih script dongo",1
please add a graphics setting to unlock 45 fps,4
tolong lah dilengkapi semua pemain cadangan dibens var nya blm ada pelanggaran handsball nya ga ada juga,5
konami edan dalam 2 hari udah 7x force close gitu aja mana jaringan full kok bisa ya,1
ngotak dikit lah scriptnya. masa iya 20 pertandingan berturut-turut pemain gua kaya orang ngk tau main bola. pelatih udah ganti. gaya main udah ganti. tetap aja kya orang gak tau main bola. kadang bola cuman di liatin aja lewat. pemain udah bagus bagus jadi percuma aja kalo begini.,1
MB nya terlalu besar tolong di kecilin lagi biar,1
"game nya sebenarnya bagus,tapi sayang kalau sdh main sama yang berhadiah koin besar selalu ngelek,klu gak ngelek,selalu susah buat mau main,ngoper selalu salah lah,bodi bal kalah lah,pokoknya ada aja kendalanya,tapi klu mau main biasa sama pemain top atau elit sekali pun selalu biasa saja,gak pernah ada kendala bgtu,mohon diperbaiki lagi",3
wunnak bingit,5
mantappppp,5
sangat jelek,1
game jelek kontrol sangat buruk mau umpan malah ganti player.,1
RIP,5
guys sama²kasih bintang 1 untuk game ini. biar developer punya otak mau dengar keluhan player.,1
sangat keren banget yaaa,5
"jaringan tiba-tiba buruk padahal cek jaringan bagus dan stabil, sering telat ketika menendang bola atau mengumpan bola, tidak lancar seperti dulu padahal dulu lebih enak buat dimainkan",1
Plis adain fitur on mic dong minimal di laga teman🙏🙏🙏,2
game nya bagus bgt beneran🤩🤩 the best lah,5
tolong tambahkan mode pergantian pemain yang lebih keren,5
bagus lah mayan,4
"makin aneh,lawan PVP gangguan sinyal,main sama computer makin gajelas kek tolol lama lama",1
saya sangat suka game ini,5
"sayang sekali,main udah menang,tiba2 keluar sendiri karena masalah jaringan,padahal jaringan sangat bagus tidak ada masalah",1
SCRIPT KAGAK JELAS,1
"ainya ga jelas,krusor tidak responsif, gerakan pemain seperti orang bodoh",1
"Kadang kesel kalo gasengaja kepencet keluar pas lagi main mana cape² maen lagi,harus login ulang trus gabisa masuk ke game nya lagi kocak emang",1
"PLAYER CHEAT SEMUA...... GILA INI. TOLONG DI BERANTAS LAH KONAMI.... player cheat banyak sekali gak maen divisi,gak maen PVP isinya cheat terus.... untuk apa kami yang memakai card epic. lambat sekali gerakan... tolong di berantas cheat ini,sangatt merugikan banyak player. sayang game bagus... berantas player cheat Konami, banyak bener yang maen lag"" gak jelas.... baru pegang bola di Pepet kayak lem,SA sistem buat orang frustasi. percuma top tier,planga plongo pemain kalau ketemu SA. SA hapuskan",1
game tai diley bgt anj***,1
hd bangett,5
server sampah jaringan aman tapi lag hp pun support game berat,1
konamii baik,5
very good 💯,5
tolong buat developernya masih banyak player script di divisi saya harap developer bisa menghilangkan script script yang merugikan pemain lain,3
LISENSI JUVENTUS 🥹🥹🥹,2
"Hay konami tolong tambahin agar pas lagi adu pinalti setiap player bisa pilih penendang sendiri dong. pass main posisi udah menang, sinyal bagus tiba2 keluar sendiri hey Konami niat buat game apa nggak sih, gini banget Lo sering, sinyal jelek gpp gk mungkin protes, la ini sinyal bagus Lo bisa2nya langsung keluar suruh login lagi awal🗿",1
"game jelek sinyalnya, ga rekomendasi yang pke data",1
kebanyakan skrip padahal jaringan bagus game tolol pliss lah konami perbaiki lagi permainan nya jangan update trus yang di banyakin kualitas game jelek!!!!!,2
cukup baik,5
mantap konami game mu sangat bagus,5
"sumpah dah dari dulu ini game gak pernah di pick apa yang pvp kebanyakan main pause, terus kalo menang kadang dikasih menang kadang dibatalin. kalo misalnya kalo udah menang skor trus afk lawannya harus dimenanginlah ini mah malah ada yang dibatalin aneh kalii. apalagi kalo ada event2 besar jadi gak semangat mainnya. percuma juga kan di iming2in event besar tapi peserta event nya sering melakakukan kecurangan. tambah taktik yg main sangkar burung harus banned sihh, ngeselin kek gak pernah menang",2
pemberian poin yang kurang adil ketika kalah dan seri berkurang sangat besar tapi ketika menang mendapatkan poin sangat sedikit,1
"Ganti genri aja jadi game RPG, game kok pake script,aneh",1
game burik sinyal lancar tiba² eror,1
kenapa ya kalo main divisi semua pemain kayak gak semangat gitu lako jumpa lawan yang poin kekuatan timnya lebih rendah dari kita? tolong dong di ubah jadi gak enak main nyaaaa,1
"jelek, banyak script",1
tinhkatkan lagi detail detail gerakan nya,4
game nya bagus bgt dan pas finishing dapet terus,5
"sejauh ini,ini game paling seru yg pernah gw mainin☺️",1
game setan,1
"game nya banyak bugg jelek bangatt coba hilangin lah bug nya hilangin cheat"" nyaa maless buat apa kede"" GB nya kalo banyak bugg",2
"kenapa game nya keluar terus,jaringan stabil,tapi pas main keluar terus,tolonglah diperbaiki, permainan seru tapi kok kayak gini,perbaikilah",2
game nya kurang bagus wasitnya seperti berat sebelah,1
"lama2 tambah kacau nih game, pemain nya sulit di kontrol, pemain kontrol bola sering lepas, shooting delay, kalo pake umpan trobosan pemain kekunci ga bisa berubah arah",1
"Gua mau rating divisi gua balik, tadi main internet lancar lancar aja, gak ada masalah tiba tiba menit akhir tinggal tunggu pluit tiba tiba kalah karena koneksi buruk, buruan kembaliin rating divisi gua",1
"aneh konami , masa match sudah selesai, tiba-tiba saja keluar dari game , saat masuk lagi kembali ke match itu di menit ke 79 , pasalnya laganya sudah berakhir dengan kemenangan... anehh",1
Gak ada laga cehmpion nya,3
"woy konami,game gajelas anjir.sinyal full tapi muter terus update aja tiap minggu tapi jaringan ga bener² heran",3
game yang seru mantap atep Rizal modal 10 ribu semoga master leuage bisa jadi fitur permanen,5
tolong jangan terlalu condong ke Barca dong harus netral buat game tuh semoga di baca,5
game lemot,1
bang Konami aku minta tolong buat menambah bansos epic Indonesia lagi ya kayak Bambang Pamungkas sama Boaz Solossa,5
"mudah""an lancar game nya",4
gamenya enak bisa mbr,5
game taikk jelas2 udah menang knpa tiba2 kalah,1
Mantap sinyal nya,3
"tolong kepada operator lain kali d benerin lagi sinyal nya ,,karena setiap sesudah match apalgi posisi nya sudah menang ,,tapi tiba tiba lag dan kalah,,sangat tidak jelas sekali ini game",1
sering ngelag woi gimana sih jaringan ok malah ngelak,3
"game aneh,lag terus ,padahal main game lain lancar ,tapi ini malah patah""",1
Thanks gamenya,5
sinyalnya mohon diperbaikiiiiii masa gabisa stabill,2
"perbaiki system lu, ini makin banyak cheater di game play",1
"Internet bagus gak ada kendala. tiba"" terputus dan kalah. mohon di perbaiki lagi servernya.",3
terkeluar sendiri pas main dasar,1
bagus lahh boleh pokoknya,5
tendangan kurang kuat,1
lumayan bagus,5
sistem gacha yang tidak masuk akal,1
"kenapa tiba tiba gamenya berhenti terus ada tulisan terjadi kesalahan jaringan padahal jaringan gua nggak apa-apa loh. kalau kayak gini terus, main divisi lama-lama turun terus gara-gara jaringan. tolonglah dibenerin lahhh, frustasi kalau kayak gini terus😭😭",5
"U are doom, just a matter a time... player dont mind loose coz the opponent super good, but scripted? really? u think still enough player will buy your products with this meta scripted? for now maybe, but let see in 5 years... ur Smart Assist is one of the worst, and u know what making it more doom?!, u guys never admit it and u blaming the players even though so many players complaint about it.",1
"gem kebanyakan script ngeselin, keeper musuh macam prime neuer, keeper ku kek onana MU, back musuh kek bek AC Milan jaman meta catenaccio, back gua kek ampas entahlah gajelas, ampun ampun",1
server sampah,1
Maaf yaa untuk ID lama terutama akunku ini ID ASAA itu kurang hoky banget soal gacha pemain2 baru padahal udah abis koin banyak & top up (dapetnya under rated semua) . Mohon diperhatikan lagi lah untuk ID pemain lama....,2
"Gameplay nya harus bener-bener jago, penting bgt sering"" main biar dpt pengalaman gmn cara kontrol bola yg bener,gmn nerima bola yg bener pas lawan langsung maju. Salah umpan dikit langsung kebobolan, susah nya minta ampun klo ketemu lawan jago",5
"game anj padahal udah menang,pas udah kelar pertandingan eh malah di bilang gw kalah",1
game kgk ada bakat player nya main aja harus di bantu ai game kocak,1
"game lawak, tidak bermutu",1
"tolong kalo untuk fitur gatcha pemain itu jgn parah parah amat Konami, masa iya 900 coin yg didapat 10 pemain rating 70++ semua, mana harga coin nya mahal gk ketulungan lagi",4
"Curang. klo sudah divisi 2 mau naik ke divisi 1 rating sudah 1700 ke atas. kalau kalah 1 kali langsung turun rating 30 , kalo menang naiknya cuma 20 mentok. tlg dong buat kita ini jadi gampang buat naik Divisi 1 nya.. sama jaringannya parah bener . gk pernah stabil. mending maen mobile legend",4
lain kali game nya padahal gk di sleding kena tiba tiba,1
game play sangat berat hapuskan smart assist,1
"game gajlas rusak masalah bug pemain,ga setabil lag, bnyk bug game gak bagus",1
"efootbal game is the stupidest game I have ever played, imagine playing and suddenly exiting by itself because of server problems, think like a dog if you want to make a game you have to be really prepared, that's really stupid, if you can't handle server problems, don't make this dog game",1
konami tolong lahh yang sportif menang sama kalah kok kebanyak kalah pengurangan point,1
jaringan bagus tiba tiba kalah laga dibatalkan padahal kondisi menang perbaiki gamme kalau mau dipakai terus sdah berapa kali begtu teru,3
"gak jelas ,saat main devisi jelas jelas sinyal bagus dan menang setelah keluar game kalah katanya sinyale buruk . hadehhhhhh 🤬",1
benerin server konami woiiiiiiiiiiiiiiii,1
game bola yang sangat seru dan menarik selama Gw main ini game grafik nya bagus bet njir🗿,5
terlalu berbelit Belit hanya untuk bermain. ku unistal kembali. bikin pusing,1
sering lag game ny,4
"game apaan gk bisa re connect, yang namanya game online seharusnya bisa re connect jika hanya dis connect 5 dtk, game sampah gk bisa re connect",1
"sumpah dah, ni game bikin kesel. masa sinyal kuat malah keluar mulu, kalah match sama pemain gak papa, ini kalah karena keluar dianggap hilang sinyal. gimana mau betah main ni game",5
"game aneh, cuman gara-gara gak main selama beberapa bulan, aku aku di hapus, balikin Oliver kah gw",1
gamenya seru,5
"LAWAN AI GAK NGOTAK MAINYA, GAK ADIL SAMA SEKALI",1
SMART ASIST NGRUSAK GP,1
"game taii kebanyakan iklan, ditambah lagi jaringan lemah bangett.",1
game ini keren dan juga grafik nya keren tapi game ini sering ngeleg,5
iwiw,5
game pay to win BABI,1
"bener² game bosok, sekali kalah susah banget buat ws padahal tadinya ws malah jadi ls pemain depan plonga plongo kek gak ngerti taktik",1
"server buruk, pvp gamplay lancar tapi selesai match hasil kalah karna kokeksi buruk",1
"sering keluar sendiri pas Lg main,jaringan tiba2 hilang,bikin emosi",1
makin tidak bisa diakses sering putus pada waktu masuk.,5
game tolol setiap main di kasih ngeleg alhasil kebobolan sistemnya dari dulu gk pernah di benerin,1
"jirlah,game GK terimaan mentang mentang aku ngegolin di menit akhir langsung dibales kayak lawan legenda (lawan ai)",2
sangat bagus tapi tidak bisa main offline,5
"This application is really a bastard. If you can't make a game, then don't ever make one. This game is not good to play because the network in this game is very bad even though the network we have is 100% good.",1
game bagus tapi sangat di sayangkan kalah nya selalau sama jaringan bukan player,4
seruu bngett,5
"kalian kn sudah punya nama besar nh KONAMI,kenapa yg pake config yg pake hack""n masih bisa bermain.coba lh berantas yg pake gitu""n niat hati pengen seneng"" tiap maen ketemu pemain pake gituan mulu jadi males.",1
cukup bagus tapi banyak orang yang HP nya tidak bisa karna GB yang sangat besar,3
game tolol sinyal burik,2
game GK jelas jaringan bagus tiba tiba leg dan ada lagi yg make smart asis jadi bikin leg maen nya nonaktifkan aja smar asis bikin game ngeleg aja plyer yg make smart asis,1
jaringan nya jelek konami gk jelas,1
"gak ada sport jaringan , games kadang kadang eror saat udh match seharusnya mendpatakan poin tpi gejala eror poin hilang sungguh burukk",1
jaringan bagus tapi pergerakan pemain sering patah2 atau delay,2
gacha dark sistem,3
"game ini bagus, tapi sayang sekali juga bikin bosan. kalau bisa ada tantangan baru. ada jual beli kartu bisa antar player dan juga developer. juga bisa bikin game menghasilkan uang buat players juga",5
moonton baik,5
"game nya makin ke sini,makin gak jelas!",1
"GAME JEMBOTTTTTT!!!!! GAME LEMOT!!!! MODE PVP GERAK LAMBAT, MATCHMAKING GOBLOKKK!!!!!",1
"game kgk berpaedah, di update makin 5mph, semoga jadi game D34TH DI TAHUN DEPAN, MAKIN SEPI NI PEMAIN DNG0",1
smart assirt hapus lah konami bikin ga enak main babi,1
semoga game makin bangkrut gara gara bikin orang stres p2w,1
karna geme nya baguss dan hd,5
oke,1
gevh,5
sangat senang,5
信号良好だったのに、奇妙なゲームで突然切断された,1
"sangat bagus, tapi masih patah patah",5
sangat seru dan grafik nya bagus,5
job,5
"bagus keren nyama,,,, bisa ngga admin di munculin semua klub liga indonesia 1 dan 2 nya kmudian liga eropanya 1,2,3,4. soalnx mau beli pemain ksukaan tpi gak dpat krna brada di liga berbeda. dan munculin jga liga bundesliga mhon di acc min🤝",4
pay to win game 😡,1
"KONAMI ANJINGG!!!, bisa dak hapus smart asist tu, tolol semua player kau buat ga ada skill sama sekali, KONTOLLLL",1
"min, kalo main online tolong benerin servernya dong, delay terus kalo ngumpan sama nendang",3
tolol bgt jing game asw,1
"The game is very good, the only drawback of this game is the network, even though I have used WiFi and private internet, it still lags, so please ask Konami to fix the network problem.",3
kasih komentator indo,5
"kapok main game ini, susahnya minta ampub",1
susah bener kalo lagi di keadaan stress malah makin gajelas mainnya anjir kaya judi aja selalu di kasih lose apa emng game judi ya efootbal,1
Sulthaan Haafizh Maalik,5
matap,5
game bujang,1
"Setiap permainan PVP sangat tidak nyaman, pergerakan pemain lambat dan terkesan berat, umpan dan tembakan juga lama sehingga direbut musuh lebih dulu, padahal kalau dilihat dari jaringan saya menggunakan WiFi yang sangat stabil, saya pakai device iQoo Neo 10 juga seharusnya kuat, entah lah apa yang membuat pengalaman bermain saya jadi kurang seru. Tolong untuk tim developer, perbaiki masalah seperti ini.",1
game script.... percuma beli pemain mahal kalah sama script.. ga guna,1
"jelek banget asli banyak script di akun saya tolong di fix ini parah bener busuk banget bikin stres game tolong di benahi konami, ingin berkata-kata kasar ke pihak konami dan para pekerja nya",1
"Game konten, gacha ga pernah dapet, harus top up, maen divisi ngelag asuuu",1
game lu banyak delay kalau main devisi padahal jaringan stabil,1
"What's the point of me buying players if the account that has POTW players gets help from the system, the account name is kingkong11, I also have a complaint when I have won and finished the match and the signal is lost, in the end I lose, please fix this. 🙏",5
game bola paling tolol sedunia.. cuma bagus di grafik doang sisa nya buruk..,1
"HASIL LAGA SERING TERJADI PERUBAHAN, PADAHAL SUDAH WIN DI SKOR, SETELAH LAGA SELESAI TIBA TIBA LAG LOADING LALU ""KAMU KALAH, TERJADI MASALAH DRNGAN KONEKSIMU"" WTFFF?????",1
mantap 👍,5
game banyak anomalinya anehh setiap divisi ketemu lawan yg aneh²,1
gajelass tolol game busuk baru pemula udh di kasih lawan yg rating nya di atas rata2 tolol bat dah,1
game lambat,1
hilangkan script,1
SMART ASIST TOLONG DIHAPUS UNTUK LIGA DIVISI KARENA SANGAT TIDAK BERGUNA DAN MEMBUAT PLAYER TIDAK NYAMANN,1
game aneh pemain dibuat blunder terus giliran tim musuh malah enak aja maennya bukan lawan devisi 2 yang berat emang gamenya rada rada berat sebelah kalo in game perbaikin lah tlol yang kek gitu,1
"game nya terlalu bagus, sampe sampe ada event harus liat iklan dulu، keliatan cacat nya,terlalu sensitif jaringan, permainan game yg selalu berubah ubah kadang udh one by one kiper eh gak goll, terus makin kesini ko makin gak seru ya mainin nya,kenapa ya?(baru ini gua komen game)",1
"game yang semakin bagus, konami beri kami dialy game box Cristiano Ronaldo please..",5
s*it game🙁,5
"game idiot, push divisi banyak cheater main data tolol game haram jadah",1
Kalau main PvP parah banget. ada dark system yang bisa-bisanya pemain itu tendangan pasti keluar dan meleset. tiki taka sering delay. gk recommended.,1
"tolong perbaiki jaringan lagi,jaringan musuh jelek kita juga ikut jelek",1
"sragam idn nya blm yg baru,sm komentatornya ga ada yg indonesia.",5
"semakin sering di update game i i semakin malah parah ngelengnya, belum lagi game ini di atur sama Konami, script sama Konami",3
jaringan parah !!!!,1
"gem buriiiik,kalah 3 kali,turun devisi,taiiiiik",1
makin males maen game dh ada iklan ya.. kalo ngeroll juga jarang dpt pemain bagus,1
tambahin liga Champions. Juventus muncen kemana?,4
wasit kurang tegas,5
sampah akun google play lama sudah hilang gara²gk di mainin parah konami. udh banyak pemain malah hilang akun lama.,1
kecewa dengan game berkedok online padahal skrip,1
"baru nyesel melepas banyak pemain , semoga kedepan nya ada fitur menebus pemain yg di lepas menggunakan koin GP",4
"kenapa sering loading abis tu server connection hs ended trus, perbaiki lg, btw aku main di s22, ga mungkin krna device",3
"najis konami, dari log in sampai pas maen pvp divisi sinyal bagus aman-aman aja, eh pas selesai maen, malah muter sampe akhirnya kalah W.O padahal di game menang, apa karna gk ikhlas players yang topup terus tapi pas tanding dikalahin 👎👎👎",1
game pay to win yang sebenarnya ! Dark system,1
tolong bantuan cerdas di hilangkan di pvp sangat tidak konvensional di laga pvp.,2
baik dan bagus grapik nya dan game playnya,5
enak di mainkan bisa mabar,4
kurang nya cuma grafik nya doang kurang hd padahal udah hp bagus,5
udh menang tapi pas match nya selesai servernya bug jadi ngga dapet hadiah nya. mana udh susah lagi dapet musuhnya,3
"kalian yang baru mau main e footbaal ti ati aja apa lagi yang punya darah tinggi dan jantung, bisa mati kalian, game broken gk ramah buat orang penyakitan😡",1
i like this game,5
the script hurts the game,1
tolong duit di g ogle sampai 5 juta.. tapi nggak bisa ditukar dengan coin mas nya.ini nama nya game pelit... jadi malas main kan game kayak gini,1
"game Rusak, kebanyakan bug pergerakan gak jelas, assist sistem juga gak jelas, bikin emosi orang main doang aja, gak rekomended..",1
game lol main udah menang pas udahan malah kalah game jelek cuh,1
game gajelas masalah jaringan dan banyak sistem match matching wkwkw,1
masalah jaringan,1
saran untuk update selanjutnya tambahkan item yang bisa membuat kartu biasa menjadi kartu unggulan dan kartu itu menjadi permanen agar kartu pemain bisa di koleksi. setiap penghapusan kartu pemain rasanya seperti dirugikan karena pemain itu awalnya ingin dikoleksi.itu saja terimakasihm,5
game rusak sinyal siapa yang jelek yang kalah siapa diperbaiki banyak cheater game devisi 2 kalah turun 30 menang naik 15 gamasuk logika tolol game rusak sinyal bagus tiba-tiba disconec terus kalah yang sinyal susah siapa yang kalah siapa anj game rusak nyari lawan sampe seminggu ga dapet gilak,1
"Terlalu banyak maintenance di tiap minggunya tapi tidak menghasilkan sesuatu yang berati. Server buruk, para cheater yang masih sering berkeliaran tanpa ada pembekuan atau penghapusan akun, malah yang ada hanya mementingkan event event kurang bermutu dan juga hanya mendahulukan menjual kartu kartu di tiap minggunya dengan menggunakan koin yang juga lumayan mahal untuk harga top up nya. Sangat mengecewakan.",1
"server jaringan parah, match udh menang, tiba2 lost koneksi, mohon perbaiki",1
"game gajelas dah tau banyak yg komplain masih aja diem, developer ganiat masalah jaringan aja gabisa benerin game gede nih woii masa masalah sepele aja lama banget ampe bertahun - tahun, gw dah ganti device ttep aja ngeleg",1
"plis tolong Konami sinyal kalo main divisi jelek buruk,padahal udah divisi 2 point 5.890 udah nurun tolong lah",2
"game kontol, gacha sampah",1
karena masuknya rebet bgt ribet gem ini jelek,1
"Matchmaking divisi jelek. Udah ngelag trus, power system nya gajelas. Stat dan condition pemain bagus smua pas main kayak gajelas kalah Ama kartu rating renday",1
"tolong lah min perbaiki lagi server nya lah, tiap kamis maintace update tiap minggu masa ga ada kemajuan sama sekali malah tambah buruk .gue sering banget main divisi tiba tiba terjadi kesalahan jaringan padahal mah sinyal bagus 5g, tapi sering banget kayak gitu ,paling nyesek ketika udah menang eh pas mau keluar malah kalah kan anjg ,gue main game online lain ga ada masalah yang kayak gini , tolong perbaiki lah sering banget kayak gini ,sangat merugikan pengguna min",1
"Update efootball 2026, masukkan mason greenwood dalam permainan",5
gameplay nya bagus .grafik nya bagus.dan banyak pemain top,5
"saya sekarang sudah bosan dan tidak terlalu tertarik dengan game ini,game hanya khusus untuk orang kaya dan sultan sdenakn kami yang hanya orang miskin tidak bisa beli koin untuk gacha,kami dapat kartu epick tapi pemain yang standar sednkan orang kaya bisa beli kartu pemain yang hebat karna uang,selain itu kurangx turnamen online sampai final dengan hadiah yang banyak",1
ilangin fitur smart asist woi jadi banyak anomali,1
"Terimakasih efootball dengan game yang bagus, saking bagusnya gua main lag lag mulu padahal spek hp memadai dan sinyal bagus. akhirnya uninstall nih game. Thankyou Konami, gua coba kumpulin duit buat mainin yang di PC",1
umpan bola lama banget,1
mantap man,5
tolong dong ubah lambang club yang asli contohnya Madrid ko gituh gambar real Madrid nya,5
"""Suggestion for Konami: please add an auto-setting feature to balance smart assist usage (on/off) in division matches and other games, so the app can be more perfect and players can feel more comfortable during gameplay. Thanks 😊""",5
bagus grafik nya gameplay nya juga bagus buruan download,4
ampas banget server ama sistem kontrol dari mulai defend sampe passing,1
Terlalu gak masuk akal untuk laga-laga tertentu👎👎👎,1
banyak yang koment negatif 🫣 tapi jujur mereka masih main pes (Konami) ini lucu x kau,5
Main udah ga dikasih hoki malah dikasih wasit yang kocak,1
"sinyal nya sangat buruk sekali,main divisi malah bikin stres sinyal anj pokonya👎",1
game sudah di setting,1
nicee,5
kalok bisa fitur SA dihapus saja. sangat meresahkan.,1
"game yg bgus, tidak lelet, grafiknya bagus",5
"game nya bagus cuman kadang² analog nya gak bisa di gerakin , jadii mohon developer perbaiki itu",1
memberikan peluang yg nendang bangat,5
"game stres ketika main game online lain lancar, pas masuk jaringan langsung down pemain pada berat ( cuma kasih saran perbaikin server nya)",2
game goblokkkk tolol tolollll passing² mabok,1
akun hilang tidak bisa diambil lagi game kikir,1
"game taiiiii, saya main udah lama dari jaman pes tapi sekarang sangat² terlalu mengandalkan sinyal , sinyal jelek itu lah yang kalah, gak adil taiiii, saya sudah menang terus 3 kali setelah permainan selesai tiba² koneksi muter² terusan langsung kalah karnaa koneksi jelek, taiii, babii",2
"gaada toleransi soal jaringan baru ngeleg bentar langsung keluar tiba""",1
dasar game scrip pemain jadi lemes tiba tiba game setingan,1
"game seru dan menarik apalagi ada kayak spin/gacha"" jadi lebih menarik BTW bagi coin dong konami bercanda""",5
game ini tida bagus kalau lagi mabar atau main sama orang lain jadi sering lag padahal sinyal bagut pokonya jangan dwonload game ini,1
sistem wasit nya pilih kasih ga seru,1
hapus aja fitur pvp online kalo server masih belum dibenerin sering ngelag dikasih saran gak pernah dibenerin dari dulu game taik,1
sinyal pantex,1
game bola terburuk di dunia kek fc,1
Game bola impian,5
TOLONG LAH KONAMI SETIAP SAYA MAIN DIVISI JARINGAN NYA TIDAK STABIL TERUS TOLONG BENERIN KONAMI OK SAYA MAU NGEPUSH JUGA MALAS KALAU KAYA GINI JARINGANNYA EFOTBAL KAN GAME TERKENAL DI PLAYSTORE MASA MASALAH JARINGAN GAK DI BETULIN,5
"Overallnya sih gamenya udh bagus cuman kurang lisensi 🙏, next update pls kasih fitur replay editor min🙏",4
gem bagus saya suka,5
plis lah jangan ribet ribet masukin tautan google,2
Game p2w gak logis,1
tiga dulu ya,3
game aneh masa jaringan bagus masih aja ngeleg padahal udah pake telkomsel aduh pusing tolong perbaiki lgi,1
game kucink,1
lag bgt,2
"Secara keseluruhan baik dari segi grafis maupun gameplay, mekanismenya terasa realistis dan cukup memuaskan untuk dimainkan. Namun, kualitas server yang kurang stabil menjadi kelemahan utama, karena sering menimbulkan lag. menggunakan jaringan yg sama, tetapi lancar saja memainkan game seperti ML dan PUBG...",2
"game cacad, kenapa ngeleg mulu",1
"server-nya jelek, semoga Konami mendengar/membaca keluhan kami dan segera memperbaiki eFootball.",2
bagguss,5
gamenya sudah bagus tetapi kalau sudah di sinyal itu jelek apalagi kalau udah di main di divisi selalu ngasih sekuat atau lawan yang nggak seimbang apalagi kalau saya gacha selalu dapatnya ampas pokoknya sinyal harus diperbaiki kalau main di divisi harus dicariin lawan yang sepadan masak dari dulu saya terjebak di divisi 3 doang,3
"game tempek akun ku hilang c0kkkk asuuu ancen, ooo lisensi kurang",1
jangan main game ini kalau kalian tidak mau mati muda,1
game jahanam ngelag waktu krusial,1
mohon di stabil kan pengaturan nya,1
game tolol game bego lemot banget ni pemain woi Konami atasi Masalah ini dong percuma game bagus tapi banyak kesalahan didalamnya👎,1
"Servernya ampas bgt. Padahal jaringan gw aman main game lain, tapi maen game ini sering bgt ngelag, tiba-tiba koneksi keputus. Kadang game selesai dan gue menang, tapi pas mau keluar ke beranda tiba-tiba gue jadi kalah. Banyak yang ngecheat jaringan lag pula. GAME AMPASSS",1
tong seimbangkan koneksi klo gni trus mah males juga main pvp selalu kalah krna koneksi,1
"semakin hari semakin parah ini game,, server selalu error padahal gue udah menang tapi setelah match selesai akhirnya kalah gara"" koneksi buruk, padahal bar sinyal full🤬",1
game bagus . sarver sinyal jelek sekali sering chatter gamenya dan delay. tolong di perbaiki lagi kekuatan sinyalnya. kalo bisa di kasih microphone agar lebih seru lagi bisa komunikasi dengan teman laga PvP,5
"untuk dapatkan pemain gretongan mesti nonton iklan dulu, parahh",2
minta tolong konami untuk mulai match kalau tambah animasi pemain keluar dari stadionnya.. yang lain sudah bagus,4
Game P2W 🤬,3
makin di updet permainan makin ancur,1
"PVP jaringan nya kaya Taiii !!! Grafis udh rendah masih aja leg,, BENERIN KONAMI !!? JARINGAN DOWN MULU !!!!!?",1
"2 match posisi menang gagal menang hanya gara"" kembali ke beranda sinyal muter koneksi putus, game rusak parah nggak mikirin user.",1
"Akhir-akhir ini sering terjadi lost connection dengan dalih ""terjadi kesalahan jaringan"" padahal posisi sedang unggul dan sudah menit 80-an lalu kita dianggap kalah meninggalkan laga, padahal menggunakan wifi yang bagus dengan ping di bawah 10ms. Entah sampai kapan game sampah ini tidak akan mendengarkan keluhan usernya yang sering dirugikan karena server mereka yang busuk.",1
Jadi tidak bisa log in,4
game ini memiliki beberapa fitur menarik dan mempunyai grafik yg bagus,5
"game stresss kasi lawan gada otakkk, nge lagg gajelassssssss fix dulu lah sistem game gajelass",1
"Gamenya bagus dan kontrolnya juga mudah, tapi untuk permainan melawan AI tolong di tingkatkan lagi AI nya karna saya merasa AI nya bermain terlalu bersih. Saya sangat jarang mendapatkan tendangan bebas dan penalti saat melawan AI",5
gema yg sangat bagus,5
"gamenya bagus tapi,kalo kita main acara PVP itu sering Bua kita emosi karena pasing bolanya lama",1
SEMAKIN BURUKK!!!,5
"game nya cepat bosan, cuma mau kasih saran aja, kalo lebih seru lagi buat lah kandang tandang , saya yakin game nya lebih seru lagi dan lebih menarik, jadi biar kita bisa bales dendam saat kalah",1
rilis VAR Konami!!!,5
pes sangat memadai bagiku,5
game gajelas system smart asist mending FIFA,1
pay to win nih game gak kek dulu. Player script dan cheat makin banyak. game kurang kompetitif.,1
game sampah gajelas setiap habis update kontoI asuu,1
game nya lumayan smooth tapi bisa di bilang game bola 3d terbaik karena ada timnas Indonesia nya dan semua klub semua timnas ada walau ada beberapa ke-kurangan 👍,5
"game anj gamplay delay pdhl jaringan bagus, game script PIG.",1
tolong hapus smart asist dari match PVP Dev anj,1
Script Game,1
"tiap main divisi pvp, posisi lagi unggul, pemain selalu kocar kacir ga karuan",1
"game ini sangat bagus , tolong perhatikan lagi jaringan sangat buruk",1
"game gak masuk di akal, uda menang lawan orang malah aku yang kalah, dasar mata duitan, Konami bangsattt",1
"kecewa banget, udh menang 2-1 , laga sudah berakhir tinggal pencet ""berikutnya"" eh malah tiba-tiba ke logout,, yang tadinya udh menang malah jadi kalah karna laga dibatalkan, padahal selama permainan aman dan lancar, tapi pas selesai pertandingan malah tiba-tiba ke logout dari sana nya, ANEH, tolong dong min di perbaiki lagi",1
wasit kek plerr kontolll mmmmkkkk anjiggg,1
"I still give this application a 5-star rating because, perhaps so far, it's not easy for developers to provide the best, but as a long-time user, I want to give some criticism regarding the efootball pvp league division. Please be more thorough. I am personally very disappointed because when I lose, my points drop by 30 or more, even sometimes against opponents who are lower than us due to the script, while when we win, we only gain +- 15 points, which is very unpleasant.",5
tolong yh di tampilkan menjernya saat permainan sedang berlangsung,4
kontrol tidak sesuai yang kita inginkan,2
sinyal bagus pas di ingame lag,1
SMART ASIST SANGAT MERUGIKAN DI DEVISI...,1
semoga fitur fitur game ini lebih memuaskan lagi.,5
"sejak fitur edit formasi sendiri, player sekarang jadi pengecut dalam bermain dan tidak sportif",5
game sampah jaringan udah 5 g masih ngelag,1
"pergerakan pemain yang aneh, saat lawan tackling ngawur, pemain pembawa bola gerakannya jadi terpengaruh dan malah mendekat ke kaki lawan yang tackling. lawan yang asal skill bek jadi bodoh, banyak tembus badan dan umpan ngawur tanpa melihat posisi badan yang sesuai. tak perlu skill bermain dan build up play yang bagus, asal punya pemain rating tinggi, umpan dan shoot ngawur pun dibantu. kesimpulannya not worth to buy anything from this game. tolong bangun gameplay yang lebih bagus.",1
udah bagus. tapi sayang kenapa kita ketemu lawan yang kadang jauh bgt Ama retting dan itu ga seimbang banget. dan sedikit kritik sebenarnya jaringan aku ni bagus. wifi bagus. tapi kenapa bisa ngeleg Ampe keluar dari pertandingan,5
game burik kalo main di laga saya lawan ya Barca mesti dibuat ngelek masak Sampek segitu y gak patut di beri bintang 😡🫥,1
gemnabagu pokonybagus,5
"game skrip pemenang pvp udh diatur pemain tiba tiba dongok, game ga jelas poin 1750 ke atas kalo menang dikit 17 poin nambahnya, kalo kalah 35 poin hilang, game jahanam uninstall aja.",1
"hapus bantuan cerdas, game jadi gak adil dan gak seru. user asal asalan mencet tombol tapi umpan jadi akurat, aneh emang konami. bantuan cerdas merusak seni dari efootball. sama satu lagi konami kalau mau cetak gol dan tinggal nendang saja terus di sleding tackel itu harusnya kartu merah bukan cuma kartu kuning. bikin malas bermain saja. efootball no fair play. kembalikan efootball sebelum adanya smart assist.",1
terlalu susah tugas nya,3
udh menang 3 0 tiba tiba bug jaringan jadi kalah najis cuihhh,2
"banyak script, game sampah, blacklist aja game nya",1
min update squad timnas Indonesia,5
game monyet sinyal bagus pakai wifi tetep ngelag mending pindah fcmobile,1
"game GK guna ,saya sebagai player 2024, main laga tantangan misi coin di region japan 50 kali laga gak pernah menang, kala Mulu, coin nya udah mau hangus lagi mau pergantian misis GK dapat ni coin nya",1
kasii satu lahhh,3
"Yes, I hate Konami. It's unfair. When I get tackled in the penalty box, I don't get anything. Konami is unfair. I hate it. I spent thousands of coins but never once got a good player.",2
"Game ini aneh menurut saya, ketika saya berada di divisi 2 dan poin saya sudah berada di atas 1700, dan saya melanjutkan game lalu saya memenangkan match nya, akan tetapi setelah match selesai tiba tiba kalah karna koneksi yang bermasalah, padahal saya memakai provider yang sinyal nya kuat terutama di wilayah saya, ini sangat merugikan bagi para pemain, sehingga para pemain games ini merasa kecewa karna dirugikan, seakan akan seperti dipermainkan dan sudah di atur kalah di match match selanjutny",1
game yg bagus,5
game yang seru sekali,5
player sekarang mainnya takel semua,4
game anjinnnggghv tollloollll jelekekkkkk jelekkkk,1
ga guna kocak game sampah sistem rusak blok,1
"bagus, tapi kok pemain timnas ada yang kurang. tapi grafik nya bagus 👍👍",4
"game ini cuma fun kalo buat lawan AI,kalo main online servernya lemot parah bikin emosi,lawan mainnya jelek pun bisa kalah karna servernya lag terus",1
"tolong lh perbaiki tu server, udh menang kok tiba2 kalah bbi²",1
suka banget,5
tolong di perbaiki server dan jaringannya masak main devisi muter terus sinyal ujung - ujungnya jadi kalah dan berulang kali bikin males main,1
"sering banget sinyal nya lagi baguss banget ga ngleg sama sekali tapi pas menit akhir tiba tiba musuh kek keluar Afk tapi yang ke deteksi malah saya yang kalah, tolong di perbaiki ini merugikan Bange kalo lagi main divisii!!",5
kalo ngelag musuh harus ngeleg tapi dua duanya ngeleg nya diem ditempat langsung😡😡,1
"min tolong ubah timnas Indonesia seperti Jersey, pemainnya,dll",4
mantulllll,5
permain Indonesia yang baru sama Jersey Indonesia baru sama pelatih Indonesia baru di kuarin donk saya kasih bintang satu,1
Kecewa min,5
masa sisa 6 GB ga bisa download apk ini padahal isi nya ga sebanyak itu developer anehhh,1
game masuk angin ngelek mnta ampun setelah di upgrade,1
"keren bgt hdnya, smga ada peningkatan trs",5
jujur pas daftar nya ngulang ngulang anj,2
kapan Jersey Timnas Indonesia di ganti,2
game tai cok asu,1
saya mau minta sama Konami agar Jersey club di tambahkan seperti real Madrid. Manchester city. chelsea. Liverpool semuanya,5
game ini bagus banget sumpah sampek aku ketagihan,5
"game aneh susah susah buat naik divisi sudah menang point penentuan malah scrip muter""terus kalah dasar game aneh",1
update timnas Indonesia dong min,5
game bagus grafik nya juga enak,5
👌,5
lumayan,1
lama² ini game jadi lawak...di liga devisi udah tau menang pertandingan selesai...gk taunya kesalahan sistem...suruh masuk lg...eh gk taunya di liga devisi di cek sistem bilang anda kalah...thun baru 2026 tgl 2 bulan 1 buka tp game gk dapat piliham shotime tahun baru sharusnya kan dapat...,1
dont add script to ur bad game bro🤣🤣 and why efootball is so bad🤣🤣🤣🤣😹😹😹😹,1
vamossssssss,5
game yg membuat otg stres karna developer nya,1
reaksi kiper NOL BESAR,1
game tai anyingg,1
"benar2 g masuk akal saat maen liga efootball melawan AI...saat mulai naik divisi lawan maen lancar jaya sedangkan kita umpan sering salah,berat saat lari...formasi,gaya main dan taktik permainan terbatas... pokoknya parah",1
saya tidak bisa download aplikasi kenapa ya,5
tolong adaain liga Indonesia nya🙏🙏🙏,3
"WASIT LO BENERIN ANJ CURANG BANGET,PEMAIN GW DISELENGKAT GA PINALTI BABI, GILIRAN MUSUH PINALTI .BENERIN DLU TU WASIT",1
"kacau kacau kata developer gak ada script taunya kek apa, mau nyerang lag tiba"" giliran keserang lancar, tiba"" nyerang one on one kiper tendangan mlenceng padahal finishing 97 kavacau game ampas",1
making puyeng maen game INI kebanyakan error nya jdi males maenin nya !!!,1
kan ap,5
karna bisa ngerasain jadi pemain bola,5
keluwar melulu,1
"game terbaik didunia , dengan jaringan terlancar didunia",1
"sering update tiap Minggu malah bikin banyak kekurangan nya bukan nya kelebihan nya,tolong dong kali bisa update game nya dengan sebaik baiknya, banyak bug terus, saya pengen menghilangkan stress malah nambah strees main game ini , plis update yang bener , gua tuh pencinta game bola , apalagi efootball itu kaya pes",1
kalo selebrasi keujung dekat bendera bukannya di depan kotak penalti,3
kurang optimas kurang stabil,1
"jujur aja ini game bagus hanya saja suka delay kalau main laga teman, dan untuk jenis pemain autentik, tolong disediakan buat ngatur waktu laga, jadi bisa puas main dengan tim autentik",3
"gamenya sangat kurang menurut saya, masak pas saya main jaringan saya bagus tapi belum memulai kan laga sudah tertulis ""anda kalah"" tolong di perbaiki,dan pas saya main jaringan di hp saya bagus dan jaringan yang terterapkan di game juga bagus masak ngeleg pas main TOLONG di perbaiki bug jaringan nya jangan GB nya aja besar game nya tidak bagus",1
"sinyal full tapi terjadi masalah dengan koneksi anda,. maksudnya apa sih konami",1
"kena skrip Mulu mainnya, apalagi kalau soal jaringan harus pake wifi kalau main online",1
KONEKSI JARINGAN SANGAT BURUK!!!!!!!!!!!! TOLONG PERBAIKI. GAME LAIN TIDAK SEPERTI INI,1
kenapa pas udah beres download harus dowload lagi ini woy,1
"benahi dulu masih bnyk cheater klo pvp sama player lain dan ngeleg, pdhl kita lancar, masih kecewa sama game ini, kurang nya kesenangan bermain para player², apalagi yg dri dulu. bnyk kurang ny sih",1
game KONTOOOOL,1
"Saya harap pembaruan Android di masa mendatang akan menyertakan fitur Master League dan kompetisi seperti Piala Asia, Piala Afrika, Piala Dunia, Piala Eropa, Piala Amerika, Piala Oseania, dan lebih banyak negara Oseania seperti Kepulauan Solomon, Kaledonia Baru, Vanuatu, Papua Nugini, dll. sepertinya itu yang membuat pemain efootball android semakin banyak",5
main divisi bnyk main data jaringan sering turun GK jelas,1
bagus tapi nggak ada komentator Indonesia dan nggak ada klub dari Indonesia,5
"jaringan selalu bermasalah dari awal di rilis Konami tidak serius memperbaiki ya,👎",1
"Makin gak jelas selama update, ngebug nya gila bnget, kondisi hp dan jaringan padahal sangat mendukung",1
game kikir sama yg baru main aja dikasih giliran sama Sepuh malah di kasih yg jelek,1
Mantep grafik nya bagus,5
tolong papa Konami satu hal perbaiki. meta. sinyal digital nya. main itu bug keluar sendiri. geme kayak ngebug banget main divisi tahun 2026 in tlong di perbaiki ya. papa Konami. 🗿🗿,2
menurut saya game ini sangat lag saat di mainkan di divisi dan kemungkina pemain yang bagus itu sangat sulit di dapat kan,1
"niat bikin game ga sih, update terus tpi gameplay ancur.. ngoper sembarang, pemain ga mau lari, rebut ga bisa",1
sistem yang aneh dengan pemain pemain nya,2
saya udah seratus dapi ulang lagi,1
Salah satu acara di game ini memaksaku melawan Isr**l,2
karena saudara saya coba 😊😊😊😊,5
server game tidak pernah di perbaiki sering kali terjadi lag,1
"gw kasih bintang 3 karena ni game sering ngelag padahal di game lain kaga lag trus gw main divisi udah menang 0-5 sampe waktu nya habis malah tiba' kalah gara"" jaringan padahal sebelumnya gw main ga ngelag sama sekali",3
kartu yg di dapat malah gk muncul,4
"tolong dibenahi masalah sinyal, kalau bisa ditambah fitur penguat sinyal gabungan antara Wi-Fi dan Data Seluler",1
gemnya seru,5
aku mau lawan ai malah di tanding sama orang,4
"pliss lahh jangan delayy muluu, setiap di in game kalau mau ubah ke wifi pasti abis itu delay ngumpan lama banget dan ngeshot jadi lama, ayokk lahh Efotball gua main dari dulu gapernah tuh di update yang ngumpan delay, setiap kamis update dan gak ada perubahan capekkkk.",1
"game gjls ,eror sinyal padahal bagus ,tiba tiba suka ngelag gajls, trus painnya tiba"" gabagus aneh sekarang ,gasuka asliiiii",1
"mi Konami ini sampai kapan Lo jualan kartu terus tapi server divisi gak di perbaiki dari dulu server divisi Lo bejat kita main sinyal bagus kok bisa leg patah""gitu / kalau gak bisa benahin server minimal para chiter yang main data itu di banned lah",2
menurut saya sih kalo bisa baju nya ya sama logo klub nya di perbaruin bang kaya logo madrid dan yang lain di aplikasi nya bang saran saya semoga di respon makasih🙏,2
saya kasih bintang 5 tapii ada banyak hal yg saya ga suka yg pertama kadang koneksinya eror padahal internet saya bagus 2. gamenya beratt bangett hp saya panas muluu jadinya padahal baru 5 menit main 3. lawannya terlalu sulitt klo di liga saya trs level kesulitannya tiba² langsung ke legenda.tapi gapapa karna grafiknya sangat bagus menurut saya trs semoga di perbaikin lagi yg kurang maksimal terimaa kasih,5
makin sini makin ngk jelas nih game ngeleg nya parah bngt trs ada iklan segala dapet pemain mah bagus mah kagak klo gini trus yang ada bkl berkurang yang main efootball™,1
"game busuk,sinyal penuh bagus udah menang 4-1 tiba"" kalah karena koneksi aneh banget",1
"bang konami tolong notice ulasan ini,bang tolong besok kamis tgl 4 maret tolong keluarin pemain persib lagi dan wasitnya ganti bang tidak kok itu itu doang seperti wasit cewek dll. dan tolong keluarin pemai indonesia terbaru itu pasti laris. udah bang terima kasih",5
"ini game kalo main divisi jaringan harus berapa mbps si,,,,bar jaringan wifi full semua masa masih ngelag",1
sangat seru game nya..kalau bisa keluarin pack Ronaldo muda+Thierry Henry dong,5
game nya susah ada yang gampang terlalu banyak lag,3
"game g ramah gw kena scrip mulu udah jelas jelas membayangi bek gw malah diam giliran gw yang nendang penyelesain nya 90 an malah tiang mulu, sengaja gw ksih bintang 5 biar koment gw di atas",5
"Wallahi ta'ala haqqan gamenya gak jelas, banyak cheaternya, mohon dihapus cheaternya percuma game bagus banyak cheaternya",1
servernya dibenerin tolong,1
"game goat, game terbaik abad ini, lebih baik dari fc yg gp nya kaku(i love konami❤️❤️❤️❤️❤️❤️)",5
"Game lemott jaringan bagus delay parah,Penuh Script game Pay to Win...",1
"game ini bagus ,tapi tolong pihak Konami benerin lagi servernya dongg ,jangan cuman gacor ngeluarin kartu bagus tapi server masih kurang bagus .itu aja saran nya terimakasih 🙏🏻",5
saran HAPUS SMART ASSIST DI DEVISI,5
game nya bagus tapi tolong dong wasitnya benerin padahal kesenggol dikit dianggap pelanggaran,4
"udah game kikir,urus cheat yang main data gak bener,7k koin gak dapat apa apa???,udahhnya,kalau aku main banyak cheat,game sampah.",1
keren 😎😬,5
game rusak di game tiba tiba kalah karna Disconect padahal jaringan/Wi-Fi full,1
"JELEK BANGET SERVERNYA WOI, JARINGAN GW BAGUS BANGET MAIN GAME LAIN JARINGANNYA DIBAWAH 20MS. MAIN INI GAME DELAY BANGET, PING NYA JUMPING JUMPING MAIN DIVISI, KATA GW MENDING PERBAIKI DULU SERVER NYA BARU KELUARIN PEMAIN PEMAIN OVERRATED LU",1
"Evaluasi team2 yg gak sesuai,pvp mode dibuat sulit padahal sesuai kemampuan sama bahkan bs unggul tp seperti pertandingan mode sabotase kalau sudah aman saya naikan bintng",3
"sinyal selalu buruk, walaupun sinyal wifi/data seluler sudah bagus, Konami tolong diperbaiki fitur smart assist mengganggu permainan dan menyebabkan delay masih begitu sampe sekarang dan seterusnya, malas betul",1
ke tololan pertama efootball ya wasit yang berat sebelah main berasa 11 vs 12 apaan pemain nggak di sentu tiba tiba penalti gw kasih bintang 3 noh biar wasit lu nggak berat sebelah,3
games memuaskan pelanggan,5
game aneh banyak script merugikan saat main laga online. hilangkan smart assist pada pvp,1
"game scam event doang yang di gedein, jaringan tuh perbaiki",1
mantap. wasit tengah gak ada pas main,5
"Memang gua gak memainkan game ini di hp gua melainkan di hp adek gue, krn hp nya dia gk bisa buat rating lewat play store krn google nya dia google kids jdi gua yg rating lewat hp gue. tolong dong dibenerin game nya, masa iya sinyal baek baek aja tapi pas maen beberapa tombol gak bisa dipencet seolah-olah lag padahal jaringan bagus. gak enak bgt loh kalo lagi maen begitu, apalagi pas mao nyerang tiba-tiba tombol umpan terobos gk bisa dipencet atau tombol buat shooting jga gk bisa dipencet.",1
wow,5
"Konami tolong fitur smart asist di hilangin di laga P vs P percuma gaca pemain mahal lawan pake SA kalah gerakan dan umpan, tolong buat game jadi lebih kompetitif main player pake smart asist pemain serasa di nerf",5
"game miskin kikir mahal , nyepin 10 x cuman dpt pemain ampas, game tholoo",1
"game babi, benerin server lu jangan gacha mulu lu pikirin.",1
"tolong hapus smart assist itu sangat menggangu dan menyulitkan lawan, dengan adanya smart assist pengguna SA sangat di untung sedangkan pengguna yang tidak menggunakan SA sangat dirugikan",5
main santai,5
masuk game sonde bisa,5
"kenapa sih ini game pake script kalah menangnya,udah menang beruntun,di script jadi kalah beruntun,terus masih ada cheater dimana mana,jelek banget",1
game bola paling anehhhh!!!,1
game terburuk sampah,1
game banyak script,1
saat bermain bnyak player yang sengaja mengatur jaringan agar performa pada saat main jelek dan merugikan 1 pihak,1
"game semakin bagus , tetapi terkendala sinyal sekarwng sering tiba tiba hilang atau lag , jadi saat bermain tidak bisa los seperti dulu",4
Tolong lah konami jangan cuma mikirin cuan aja tapi pikirin juga para user biar nyaman mainnya.,5
"sangat lag, padahal grafik sudah di set yang paling rendah",1
bagus bagus game bagus untuk mobile sih ini bagus👍🏻,5
ni game aneh fans messi,1
game yang tidak netral dalam kompetisi online.. server plus script Konami mengganggu,2
"gak ngotak,pemain bagus tapi banyak bug nya",1
"bagus, tpi adain komentator indonesia valentino jebret",5
"terlalu pay to win, dan scripting parah. g worth it",1
epic gratis woii,4
game nya mantap cuman mines nya harus slalu d afdate,2
lebih banyakin event,5
Sinyal harus stabil klau msih pake data sering ngelag,1
"akhir2 ini sangat mengecewakan. berkali2 sinyal penuh tapi saat pvp sinyal tiba2 turun, padahal indikator di hp penuh. saat push liga, rasanya seperti perampokan. saya akan segera uninstall.",1
"terlalu banyak script, kalau bisa jangan terlalu mempermainkan player dg script bodohmu itu, gunamu maintenance setiap kamis untuk apa kalau memperbaiki server aja gak becus",1
"bagus sich masa sinyal lawan bar 1 masa yang lag tim saya kan aneh konami ,sini aja sinyal penuh kok lag kan aneh banget...",5
"di perbaiki LG, leg terus, padahal jaringan bagus, konyol",1
makin kesini makin kelihatan gajelasnya. apalagi kalo maen divisi. ini kalo bukan sana yg main curang brrti Konami ikut campur. gajelas,1
game nya seru banget,5
analog kurang,3
"game pepek,game rusak jaringan trus masalahnya",1
"game gak bermutu, tiba2 pemain jadi berat, mudah kehilangan bola, di senggol dikit udah ke rebut bolanya, pemain juga jadi plonga plongo",1
game ini gak jelas ga cocok untuk dimainkan dan jaringan nya juga ngak jelas. yang penting ga cocok untuk dimainkan,1
"push divisi 1 (PvP) luar biasa susahnya (dengan berbagai kendala),, tapi akhirnya bisa tembus juga 😁",5
game ini sangat bagussz,5
untuk game sangat bagus sempurna tapi script ai nya bikin emosi.,5
"mau main dari awal lagi aja susah nya minta ampun, daftar konami id nya kalo bisa di permudah, orang mau main seru seru tok, di persulit",1
lag mulu setiap main divisi pvp padahal sinyal bagus bug kok terus terusan,1
"makin hari makin ga jelas, script ga jelas",1
in the match eksibisi In the European part there is no Bosnia and Kosovo and in the Asian and American part please add it to make it more exciting,3
permainan ini sangat bagus Karena nga patah Patah sama ngekek,5
game anehh kenapa gua udhh main 100 match lebih ngestag di divisi 2 gegara tuh visual ga bisa gua kendaliin + skrip yg lu pake selalu kena gua kenapa game ini pnya dendam pribadi kah sama gua?? gua pemain old tapi rasany management update rasa ga guna buat sekarang gada perubahan cmn update card doang,1
bagus banget sih,5
"game buruk, jaringan delay terus",1
"Gamenya bagus sih, tapi makin lama makin gak masuk akal, AI di kasih Level Dewa, main online server jaringan gak boleh turun dikit. yg gak masuk akal lagi saat sudah hampir naik divisi 1 poin kita semakin dikurang, harusnya Sdh divisi 1 malah kurang 1 poin lagi yg ternyata cmn naik 13 poin saat menang",2
sinyalnya ajing,1
game broken masa semua provider ngelag main game lain bagus aja jaringan nya,1
"game udah bagus, tapi tolong iklan nya dihapus, jangan ada'in iklan nya, soalnya udah bagus nggak ada iklan, mohon dihilangkan iklan nya",3
"konami anj, selalu kena script, konami dong0",5
your smart assist so broken this game,1
game gajelas,1
server tuh benerin udah dari 2022 gak ada perubahan cuma update pemain legend doang kocak,1
amazing grafis,5
"sumpah parah konami jaringan aman tau"" logout sendiri",1
lumayan bagus,4
"pay to win, delete smart assist please",1
kenapa saya login akun sendiri di hp satunya kok koinnya jadi nol padahal di hp lainnya ada 700 an,3
game nya mantap poll dari grafik oke pemain nya juga real face Mayan kalo pake grafik high btw Konami minta hokinya dong pas nyepin ni nickname saya Yusuf-Jr,5
"setiap main stamina selalu kalah dengan lawan, dan setiap permainan unggul server selalu menjadi down dan kalah.",1
game ini emng bgus smua fiturnya lengkap.Cuma sayangnya klo main PvP jaringnnya parah.. tolong Konami coba biasa seperti main di AI,5
"game apa ini umpan delay parah, HP bagus dan sinyal lancar pun belum tentu lancar main ini game apalagi pada bagian laga cepat delay nya sangat kerasa saya hitung delaynya berkisar antara 1,2 detik untuk menendang dan umpannya suka salah arah meskipun bantuan cerdas mati, update dibanyakin tapi server masih jelek ya percuma",1
saya udh menang tapi tetap kalah di buat sistem sendiri,1
game tolol....delayyy terusss game ini tololll bego,1
game ini bgus yg harus di perbaiki jaringannya sja,4
kalo bisa update pemain timnas Indonesia.. atau tim indonesia,5
setiap abis laga langsung koneksi Mulu pdhal posisi gua menang dasar game busuk,1
Konami kan Indonesia Collab nih minimal ada pack nya agar daya tarik nya baik,3
game sampah cape cape menang tiba tiba kalah padahal game udah selesai,1
"Update ngga pernah optimalin buat yang make jaringan data, masa harus pake wifi terus kadang orang juga mau nikmatin game ngga harus pake wifi, tolonglah konami dioptimalin lagi buat yang menggunakan data seluler, masa pake wifi doang yang lancar jaringan data seluler ngga, jangan perbanyakin kartu apa gunanya tiap hari kamis update tapi koneksi yang buat data seluler ngga pernah di optimalin",1
"jika main buruk,suka ngandet gamenya sinyal seprti ilang-ilang.",1
"game settingan , masa aku divisi 7 lawan nya divisi 4 atau 3 ngotak sikit la pemain ku masi rendah ee kalo buat game yg btul sikit jangan di seting dari sana curang kli nmpk nya , ga hargai yg msi msi pemula ini",1
log in nya ribet,1
tolong dong tambahin fitur yg mempermudah pengelihatan jika teman sedang online seperti di gim moba sebelah.. dan juga kasih fitur turnamen antar teman,5
"tolong lah,jaringan nya di pas kan,tiba² hilng jaringan wifi kok kalah,ga jelas",1
oke,3
"orang udah menang 3 kali, 3 kali kena jaringan loading padahal sinyal lancar banget, terus ada tulisan ""terjadi kesalahan jaringan"" dan ""kamu kalah"". l Konami ajg, bukannya tambah bagus, malah tambah banyak cheater di divisi 2 lol.",1
"game bikin stress, grafik elit sinyal sulit..., padahal sinyal dah bgus tp tetep lag ketika divisi, nambah stress main game ini",1
"tolong dong ni game masalah jaringan di perbaiki saat main pvp, padahal jaringan saya udah bagus tapi saat di dalam game malah nge lag, bikin ga mood saat main divisi, padahal event event nya udah lumayan bagus, masalah nya cuma di jaringan 🤡🤡🤡",3
"Saya ingin untuk maintenance Minggu depan eFootball bisa membuat Jersey tim sendiri setiap pergantian musim si liga saya , supaya setiap musim klub tersebut mempunyai Jersey barunya gitu selain itu juga saya mau ada fitur transfer pemain di liga saya , ada chants khas tim itu tersendiri , sudah itu saja TERIMAKASIH🙏🔥",5
"masa pass geem play keluar sendiri, padahal jaringan saya pakai WiFi bagus pas login lagi anda dinyatakan kalah gak jelas lah lawak",1
game kontolllllk GK ad otak yg nyetinggggg,1
grafik nya gak Terlalu bagus kurang lisensi,3
Pemula bisa stress mainin game ini.. konami sekarang makin gak jelas.. main sama musuh rating 70 an kalah telak padahal pemain saya rata2 90 keatas.. atas nama legenda pemain bau kencur bisa kayak maradona mainnya.. senggol nya susah kayak robot .. mau naik divisi ke 2 aja gak pernah nemu tim dibawah atau minimal sepadan.. tim nya 100 keatas semua pemainnya.. enak jaman dulu waktu masih di PlayStation. skill kecepatan tendangan dll mirip sama pemain di Real Life.. sekarang seperti dibuat2..,1
bagus lebih banyak event menarik tapi kalo boleh usul event gratisan nya banyakin soalnya saya player bansos,5
"hallo Konami. fitur smart assist nya tolong dihilangkan, susah main kalau lawan Paka fitur itu. dan juga kami yg main melawan pemain yg pakai fitur Smart Assist game play nya jadi berat.",2
ngoper bolanya gajelas bangett.,4
"tolong perbaikin diving nya, masa tekel lepas langsung penalty",5
"hapus smart asis, permainan suda tda ril kalo pake pitur itu lagi",1
Cool,5
saya tidak mendapatkan pemain legendaris,1
cocok game ini dikasih bintang satu,1
"kalah terus menerus karena delay, patah patah kadang berat sekali digerakkan, terutama saat divisi lawan juga nggak ngotak gak seimbang . beda saat lawan komputer padahal jaringan bagus. rekomendasi game sepak bola yang lain gang.",1
"game ga jls udh ngopernya lama ,umpan trobosannya ga jls ,mending FC mobile",1
grafik lumayan,5
keren sekali game ini,5
kerennnnnnnn,5
"game nya kikir dan ga adil terutama jika pemain anda jelek akan mengalami konami scripth(pemain terasa berat,ada delay)dan system ai bertahan yang sangat buruk",1
"Mohon selebrasi nya di perbanyak seperti calma,dan keluar kan kartu Cristiano Ronaldo yang epik big time,cit tolong di hilang kan konami, sering ketemu cheat padahal ga pernah nge cheat, kon jaringan orang yang jelek kita ga bisa gerak dia bisa gerak, ngotak lah, gems rusak",1
"tolong perbaiki, sinyal sering lag. pada ram udah 12gb+256gb. norak banget. jadi gak bisa menikmati permainan nya",1
tolong banyakin misi pelatihan pemain konami karena masih banyak yang belum ku up 😭,5
"server jelek, payahhh",1
game bola yang sangat seru,5
"game nya sangat berat makanya game nya peringkat buruk karena 2,8 gb",1
sangat di sayangkan. liga Champions nya belum tersedia,3
bang tambahin server baru,1
"main game ini, skil nomor sekian. asal cardmu epic, jaringan ngaceng (asal ngga ketemu player curang tp ga penah di sangsi sama kongnaim) pasti masuk div 1. maintenance aja senin - kamis (kek puasa sunnah) tp in game banyak kendala yg ga penah diperbaiki. gunanya fitur (tindakan - laporkan) buat apa? kalau masih banyak player yg ga sportif",2
konami pelittttttt kikir,1
gem lama,2
"game bodoh, pay to win, sangat jelas berat sebelah saat tim kalah ovr, hal hal yang gak mungkin jadi mungkin kalo Lo punya uang di game ini,",1
suka ngelag tiba tiba padahal jaringan lancar,3
"game nya sudah bagus ,, cuma tolong animasi mulut nya di gerakin",5
tolong ya passing nya tolong di bagusin lagi karena gak enak banget kirim umpannya satu seperti pemain semenjak sprint kadang gak bagus kedua ketika mau melakukan seragan tidak ada support antar lini tengah ketiga lini pertahanan ketika mau menutup itu sering kali ada celah gak seringkali membantu seperti ketika di push rank divisi 1 ataupun divisi lainnya di divisi apa aja seperti pokoknya tolong perbaiki masalah ini segera,1
Kenapa ya Konami. saya divisi 2. Padahal jaringan bagus. wifi dipake 2 orang tapi kok tetep ngelag. Konami setingan,1
Scriptnya bikin gag nyaman...,4
Harapan kedepan tolong server jaringan ditingkatkan. scriptnya juga jangan berlebihan.,1
"buat kalian yg ingin download game ini saya sarankan JANGAN didownload, karena game ini punya seribu masalah & anomali, mau di uninstall sayang, mau dimainin emosi Mulu. DELAYnya itu lho gak ngotak anjir. kadang pergerakan pemain enak, tapi seringnya pergerakan pemain bawaannya berat semua kayak bek nya plonga plongo. dahlah capek..",1
"tolong untung konami jangan pilih kasih soal server,ya kali server turki dapat epik gratis sampe 3 kali sedangkan server king indo di anak tirikan",3
"game gila. main divisi lagi menang, tiba² log out sendiri. GILA",1
"jaringan bagus² aja, main nya baik² aja, posisi menang, tiba² mati dan pemberitahuan kamu kalah. maksudnya apa?",1
WOY kenapa kallo main di visi pvp kalah dengan situasi tidak terduga udah 3 kali berturut turut dari pas zaman pes engga pernah kalah dengan situasi tidak terduga baru kali ini 3 kali berturut turut,1
senang karna main game ini,5
Mohon ditambahi lagi klub berlisensi nya terutama lisensi Chelsea dan pemainnya,1
ngeframe parah,1
oke apik,5
kasih kemudahan saat bermain melawan ai konami,5
"game bola buat apa ada skrip tolol, ngapain ngelatih skill capek2 kalo kalah nya ama player cupu di bantu skrip",1
makin ampas,1
game nya seru aku suka,5
Game NGAK JELAS SOAL JARINGAN LAH SOAL AI PEMAIN LAH OVERALL NGK JELAS AS*,1
di setings buat kalah terus main devisi 2 kalah 10 laga berturut turut,1
gimana sih gua gol in kok ngulang lagi,1
kalo mau dapat koin GK gampang harus lawan orang dulu e footbal GK punya otak,1
you can make a pure football? Back to the true essence of football.,1
gem bagus main divisi sering ketemu lawan pakek sermak asis dan waktu gaca gak dapat Pamain bagus,1
sangat bagus grasiks nya,5
Game bagusss,5
Gamenya sekarang suka keluar sendri,3
Akun gua ilang 😓,4
"Gameplay sama grafik sih ok, tapi servernya gak banget, jaringan bagus hp mendukung masih aja patah-patah mainnya. Diperbaiki lagilah masalah servernya biar gak delay ato patah-patah ketika pvp, urusan jaringannya lawan ya biar aja, kenapa kita ngikut lag juga",1
"woi klo update tuh devisi juga di perbaiki,kenapa setiap main entah data atau wifi tiba tiba keluar sendiri terus malah ada tulisan server terputus,terus juga ada yg make SA(smart assist) yg ngebuat pemain kita jadi terasa berat dan delay",1
haha konami script,2
tidak bisa di instal,3
rekomendasi:bikin carir mode dong developer,5
"selalu update, tapi koneksi server selalu masalah. udah 2 kali full time menang match pvp tiba tiba loading lama dinyatakan kalah karena lost sinyal. aneh banget ngga jelas !!!!",1
bagus sih cuma gua setiap spin ga pernah hoki🤣,2
"sinyal pakai 5g , wifi full sinyal tapi kenapa sering macet macet padahal grafis sudah sangat rendah agar main lancar tiap main push divisi PVP kenapa itu itu aja kendala nya , update tiap hari Kamis , game bukannya lancar dan berkembang malah tambah gakaruan.",1
gw combeck lagi main efootbal soallnya dulu saya main tapi saya pensi 20 tahun ganti game sebelah skrng saya combeck lgi,5
"sudah makin kacau ini game, Makin kesini hampir semua lawan saat main online pasti macet.. script nya sudah semakin menjadi, saat lawan membawa bola lancar. saat kita yg pegang bola malah lag. kacau kacau",1
"jeleeekkkkkk ,jaringan ga pernah stabil padhl internet kenceng",1
sinyal bagus tiba tiba suka keluar sendiri mulu ni game,1
kak tolong diriliskan update piala dunia 2026 ga sabar pengen main di tunggu ya terimaakasih,5
"kenapaa d saya ada iklan nya ya , apa yg lain juga sama",1
"kemarin 3 maret 2026 saya beli koin event senilai 138rbu dan di bayar lunas via bank dan item tersebut tidak masuk ke akun saya, tetap tidak nambah,, bagaimana ini,, seolah2 penipuan, hati2 guys banyak korbanya,,",5
game ny bgus bgt,5
game ini sekarang server nyah sangat parah ngelag game play nyh delay di tambah iklan yang sangat mengganggu bikin permainan sangat lambat,1
udah update terbaru bukannya makin bener malah makin tolol. apus smart assist nya gaguna,1
server buruk. masak iya sinyal penuh game ngelag..,1
tambahin fitur nyimpan replay dong,5
hapus smart asist bikin sinyal patah',5
gamenya tidak bisa di instal,1
"Parah ini Konami, barusan saya main sudah menang 3-0 dan laga sudah berakhir, tiba2 dibuat kayak jaringan putus dan saya dinyatakan kalah karna koneksi buruk... Sudah capek-capek bermain malah aplikasi berpihak pada pemain lawan. Banyak sekali ketidak-adilan pada aplikasi ini sekarang.",1
tambahin komentator Indonesia min,5
ampun makin kesini jaringan nya padahal telkomsel udah 5G tpi jaringan buruk. padahal main games lain lancar lancar saja,2
"game sering pro musuh, padahal jaringan stabil dan posisi unggul tiba² game lag parah dan stuck ujung²nya musuh tambah poin terus jaringan stabil lagi, emang ga jelas ni game",3
gamee banyakkk minuss nyaa,1
"jaringannya paraaah, smart asisnya meresahkan",1
saya sangat menyukai nya,5
"suka ngelos, udh kelar main tiba tiba muter padahal sinyal bagus",5
Sinyal sudah bagus.. tetap saja patah²,1
"game lol banyak script nya bego udah nge spin gadapat dapat lol main devisi 3 musuhnya devisi 1 lol lol main liga ai banyak script nya babak ke 2 musuh tiba tiba licin,jago,kipernya gabisa ditembus",1
"game buruk, fitur aplikasinya membunuh player dan pelit dalam memberikan pemain walaupun gaca coin",1
membantu,5
aplikadinya bagus gamenya hd.cuma tidak ada liga seru seperti campions piala dunia pokonya ifen bergensi tidak ada padaal game yang lain yang jadul lengkap dengan kopetensi bergensi masa ini tidak ada,2
geme nya baguss,5
bagus kayak ps,5
"jaringannya gak sebagus fifa,",1
sekarang gk jelas banget suka tiba tiba keluar sendiri padahal jaringan lagi bagus,5
"untuk sekarang 3 dlu, mohon untuk developer coba dicek apakah ada bug pada layar sentuh untuk hp tertentu soalnya di hp saya pada saat match dimulai bisa di awal,tengah atau akhir tidak menentu layar tiba2 tisak bisa disentuh tetapi game tetap berjalan saya sudah cari berbagai solusi tetapi tidak menemukannya teapi digame lain normal2 saja seperti fc mobile. jika ulasan saya direspon lalu bugnya ada dan difixed maka saya akan kasih rating 5 untuk overall gp sudah bagus thax developer",3
sinyal benerin,2
saya kasih bintang 4 Karena tidak ada yang sempurna di dunia ini ✨,4
"saat main aman aman aja,setelah selesai pertandingan,malah Nge lag balik ke menu nya,alhasil kalah dgn alesan terputus jaringan,sering banget begini.jadi males maen game ini perbaiki dong min, buseeet,masih gini aja ini ga ada perubahan,game",1
enak untuk dinikmati,5
"update setiap kamis tapi game tetep burik, lisensi nya sedikit, jaringan gw udah bagus tapi game tetep ngeleg, hp gw udah bagus tapi tetep ngeleg",1
maaf devoloper bagi saya efootball sekarang sudah tidak bagus lagi karna sudah di kuasai iklan maaf saya kasih bintang 1 dan unistall.,1
"game sialan,dikit2 ngelag,delay kaga jelas,game sampah",5
"makes me lazy to play, it's not fair when I'm in a winning position, the enemy always exits the game with the excuse of a bad signal, even though the game was running smoothly before conceding, the match was immediately canceled.Once or twice I understand, but every time I win I become lazy to play, the efootball members are not being sporting",2
"game nya sudah bagus, tapi pas lawan divisi 1, button kadang tidak berfungsi.",1
"update, control nya makin GK jelas",2
di hp saya patah patah,5
saya pengen semua pemain bisa di tranfer,3
gamenya agak patah-patah,4
gme yg habisin kuota anjg🥱🥱🥱,1
Tolong size game nya lebih kecil lagi..,1
seru ada pemain king indo,4
"SETELAH UPDATE MAKIN GA JELAS, MAEN DEVISI UDAH MENANG TIBA2 AKUN KE LOGOUT SENDIRI, ITU GA CUMA SEKALI, HAMPIR SETIAP AKU MEMENANGKAN PERMAINAN, SELALU SEPERTI ITU, APALAH KONAMI, JANGAN CUMA PEMAINNYA AJA YG DI UPDATE, SERVERNYA ITU LO",1
sinyal ok ko malah loading tau tau kalah. emang resek ni game...jgn kasih iklan buat masuk...ngeselin jgn bikin firus iklan JD malas buat main,1
mau login aja di persulit malah di suruh ulang ulang Mulu,1
lawak,1
"fitur smart assist tu apasi? game udh bagus malah dikasih fitur aneh aneh, tll ajg",1
"ni game udah bagus dari segi apapun, cuma sinyal ama server doang yang perlu dioptimalkan, sinyal pas push divisi ngga stabil banget deh",5
KECEWA! Saya cinta sama game ini. Tapi script nya keterlaluan. Divisi Pvp yang susah jaringannya. Divisi AI yg script nya konyol banget. Gerakan pemain AI yg gak masuk akal. Sangat mustahil jika dilakukan seorang player. Yg harusnya 99% gol menjadi tidak gol. Kiper lawan yg notabene statistiknya B aja jadi GG banget..pdhal kartu highlight aja. Sedangkan kiper Buffon Epic aja kebobolan dengan mudahnya. Kalah berkurang 30 point menang cuman dpt 20 point imbang malah berkurang 5 point ASU,1
"makin lama gamenya gajelas, apaan ai pemain gajelas banget ada ruang kosong gede banget, malah milih ke pojok dua duanya cf lagi.. Mau oper bola lamanya minta ampun, jaringan tiba² lag padahal lancar, dipake download 1gb cepet kok, kenapa di game ini doang yg lambat, posisi pemain makin gajelas kalo dimainin sama ai nya, mau passing bingung pada ketutup semua.. Udah kecewa sama nih game, mending jual akun aja, padahal rating total udah 3200 an, makin gajelas mending jual aja akunnya",1
"game g adil kalah turun 33 masa naik cuma 19,padahal udh mau divisi 1 loh 25 poin lagi hdh lol",1
Tidak puas dengan gameplay nya karena analog dan tombol yang lainnya tidak sesuai arahan yang membuat permainan hancur. Fix secepatnya agar bisa lebih responsif,1
GK suk bolh,1
"gblk joystick ngawur, sering bgt salah oper gara gara joystick, mana gak bisa di batalin lagi nying",1
"SUMPAH INI GAME UDAH RUSAKK... TADI SORE SAYA MAIN LIGA EFOOTBAL SAYA MENANG 4-0 TRUS LAWAN PAUSE.. SETELAH ITU SAYA JUGA PENCET PAUSE.. TRUS KETIKA LAWAN UDAH SELESAI PAUSE SAYA JUGA MENYELESAIKAN PAUSENYA.. TIBA TIBA NOTIF ""KAMU KALAH KARENA TERJADI MASALAH KONEKSI"" PADAHAL DISITU JARINGAN SAYA BAGUS"" AJA... INI PIHAK KONAMI HARUS DIPERBAIKI LAGI MASALAH IN GAME NYA.. SEPERTI INI SANGAT MENGECEWAKAN BAGI PENGGUNANYA!!!!!!!!! TERIMAKASIH!!!! MENDING UNINSTAL AJA GAME INI!!!!",1
"game ini di update bukannya makin bagus malah makin gak jelas, sinyal stabil tapi gerakan pemain delay parah tolong lah diperbaiki hal - hal kayak gini agar pengguna nyaman memainkannya",1
"ini game kok makin kesini jadi buruk Bangett sihh? sinyal udah bagus ehh malah ngelag hp juga uda suports,ini gimana konami? update tiap Minggu tapi kalo main divisi ngelag trus!!!!!!! tolong respon dengan baikkk!!!! jangan di baca doang!!!😡",1
"sinyal !!!! tiap selesai laga muter terus udah 4 kali berturut turut padahal keadaan menang,laga udah usai muter jd kalah,rating keaantunan jd B,padahal kesalahan jaringan,tolong donk di perbaiki😡😡🤬🤬🤬!!!!! kesel banget sumpah!!!!",1
"ini gimana konsepnya konami, padahal saya sudah menang tapi ketika sudah selesai laga justru saya yg kalah, GAK JELAS BANGET INI GAME",1
Kompensasi tidak sebanding,5
game idiot pertandingan dibatalkan karna ganguan padahal lagi Menang dan bukan sekali 2 kali cih,1
tambahin piala dunia dong biar seru aku kasih bintang nih please pengen ada piala dunia,5
GOKILLL,5
game plenger buat nambahin skill pemain yang kita mau meskipun udah ratusan ga dapet dapet wkwk,1
delay parah jringan pvp,2
game gak jelas aku mau ngoper ke siapa malah ngoper ke siapa terus kalau mau ngebelokin pemain tuh susah berat banget jadi gampang ke ambil bola nya gara gara ngebelokin pemain tuh susah sama kenapa sih mau pemain itu ovr berapa pun pasti jelek beda sama game sebelah ovr tinggi kualitas pemain juga tinggi tapi kalau disini agak aneh ovr besar kualitas pemain masih gak sesuai sama ovr perbaiki lah Konami jangan dibiarin terus,1
"gua top 2500 koin spin show time ga dapat apa"" scam lu",1
"menurut gw,ga usah di Adain koin tos ujung ujungnya tim tuan rumah yg mulia Kik of, rubah lah biar tim tamu juga bisa melakukan Kik of biar kaya sepak bola asli",5
bagus cuman jaringannya perbaiki lah masa wifi +kuota masih ngelag apalah minimal perbaikin lah bansos doang,5
"jadi game sampah, game terburuk 2022-skrg. karena byk kendala jaringan padahal wifi full... jaringan full. Aneh. gua maen dr 2021 dulu sampe November 2025. dulu msh PES namanya dan berubah 2023 menjadi Efootball. perbaiki jaringan aja deh dr pada tambah² yg lain. apa gunanya hari kamis dong? dari jam 07 pagi - 1 siang, kadang suka ada perbaikan yg selalu upgrading application. ternyata Nihil.",1
"sinyal full, tapi suka error terkait jaringan (PvsP). coba fokus dulu deh perbaiki jaringan saat mode vs dengan player lain. gak usah embel² nambah event laah, icon card lah. fokus dulu aja jaringan. game online lain malah lebih lancar dr pada efootball... aplikasi ini mungkin byk bug nya.",1
konami tolong dong kenapa bisa tiba pas kita terasa berat padahal laga sebelumnya tidak berat.,5
"GAME SAMPAHH, BEK BERTAHAN KOK BISA MAJU² GAJELAS, MANA JARINGAN NGELAG MULU PADAHAL WIFI LANCAR",1
jelek banyak script pay to win,1
kalo matchmaing yang ngotak gua baru main udah di suguhin lawan yang dewa gila lu ya,1
game udah okelah tapi masalah nya satu nih game kebanyakan script contoh nya kiper musuh rating nya jelek tapi pemain saya yg punya rating gede kesusahan buat nge gol ketepis mulu sedangkan kiper saya yg ratting nya hampir sama cuman one shoot one gol,3
"game gak jelas, kasih sistem yg jelas",5
di foto aplikasinya ga ada Ronaldo jadi agak kurang gitu,2
"game lu rusak Konami! lagi main tiba² laga berhenti gk bisa pencet² yg lain stuck gitu aj, mana mo buat laporan susah bngt lagi, sampe² laga tetap di hitung kalah padahal dari gamenya sendiri yg rusak! kecewa banget asli! banyakin event tp lupa benerin gamenya sendiri yg banyak orang lain rasain!",1
"TIMNAS INDONESIA,Dan timnas-timnas di asia DONG PLEASE DI LENGKAPIN gamenya sangat bagus soalnya,sayang kalau pemain-pemainnya ga komplit..🙏😂💪🥰🇮🇩🔥🔥🔥",5
Hadehh update lgi update lgi Kerenan yg tahun 2021 bisa bebas durasi waktu nya,5
APUS dlu tuh script baru gua rating 5,1
Game berat,1
buruk gem rusak musuh yg jaringan lemot kita yg normal mlh kita yg klh wo gem ga jls aku uda meng mlh d nyatakn klh wo gem rusak,1
"habis uninstall sebentar buat fokus ujian kok malah akun hilang gajelas pdhal udah ditautkan kok malah ngulang lagi dari awal,pdhal udh habis berapa uang untk akun saya",1
"Game scrip, sejak kapan pemain di teakle dari belakang gak pelanggaran",1
"Payah game nya bobrok abis. Habis di update makin aneh. Uninstall aja bro. Game busuk sinyal jelek, hahaha. KONAMI cuma fokus nyari cuan, gameplay kalah jauh dari FIFA",1
bagus sekali,3
seruuuuu bangett dan game tuda kaku,5
game nya sangat seru dan tidak bikin bosan,4
"kenapa aku beri bintang 1 karena mb nya enggak ngotak banget masa 2,5 mb",1
game buruk giliran mau menang Ajja di permasain di jaringan,1
"GAME BURIK,kenapa ya ga ada game sepak bola yang bagus buat dimainin kok jelek semua",1
akun gua ilang pas update kemarin😞,1
"Grafik Nya Bagus 😎👍, Minus Nya Menurut Saya Ketika Tendangan Bebas Atau Free Kick Itu Jarang Masuk Ketika Saya Arahkan Walaupun Pemainnya Bagus² & Saran Saya Tolong Ketika Pelanggaran Dan Mendapatkan Hadiah Penalti. Semisal Kita Sudah Arahkan. Contohnya Arah Kanan, Kita Bisa Merubah Arahnya Ke Kiri Atau Arahnya Ke Tengah. Begitupun Sebaliknya Dengan Kiper, Jika Kita Arahkan Ke Kanan Bisa Diarahkan Lagi, Diarahkan Ke kiri Atau Ke tengah. Dan Saya Juga Sebenarnya Juga Main Game Sebelah (Fcm)😁",4
bagus mah bagus tapi ram nya besar tapi agak kurang kualitas gerak nya lambat banget bikin kesel coba di perbaiki lagi dan plis baca komen ini sering mengalami bug dan kalau nyepin jarang dapat apa² kalau yang lain malah gampang banget dapat,4
tolong yg membuat efotbal kenapa saya setiap baru donlod tidak bisa login kenapa ya emang efotbal sekarang tidak seperti yg dulu langsung login kalau ini tidak,1
sinyal jelek terus,1
mohon dong Konami kontrol nya diperbaiki kasian yang mean pake tilt analog nya bergerak sendiri Dan suka nendang sendiri pemainnya,5
Game tolol udah download gak bisa harus persetujuan orang tua padahal udah tapi tetep aja GK bisa game tolol 😡😡,1
baru mau coba,3
"hapus fitur ""smart assist"" annoying bikin jaringan down",1
most stupid feature ever is smart assist.,1
"overall enak bisa main main pake gamepad, tpi tolong tombol lari bisa di pindah ke R1 jangan R2 karna kita udah kebiasaan pake R1",3
saat main script nya terlalu terasa,3
usahakan kalo lagi nyerang waktunya jangan dulu habis nunggu bola out bari ini lagi nyerang tiba' lepri,5
server jelek gameplay jadi delay,1
muncul Mulu iklannya mana GK bisa diskip lagi jadi terpaksa download jelek lagi gamenya bagusan FC,1
sinyal sangat buruk wifi 50Mbps 5G tetal buruk,1
tolon memperbaiki sinyal nia karena cuma dih game ini iyan kami main sinyal nia jelek kalo ngak mau memperbaiki mending jangann buat game deh,1
sangat Terbaik,5
"buat game nya jujur bagus sih, tapi ini gak tau kenapa entah ada kelicikan di sistem apa gimana aneh soal nya gua sinyal kuat tapi kok tiba tiba keluar sendiri terus kalah padahal belum sempet main Lo, terus lagi maen sinyal juga biasa kuat bagus udah menang tiba tiba keluar sendiri dan tentu saja kalah, trus lagi main ada aja gangguan nya jadi lelet lah jadi muter padahal jaringan bagus udah muter tiba tiba masuk ke gawang club Saya ber kali kali, coba min jelasin dan tolong di perhatikan",2
pemain nya berat tiba tiba gimnaa ini game apa ini coba,1
"tolong perbaiki bug nya terutama setelah laga divisi itu saya sudah selesai menang tali tiba² pas udah beres malah kalah karena pemberitahuan jaringan padahal jaringan dan koneksi saya full looh tolong banget inimah bikin nyesek, udah gitu dapetin pemain epic juga susah harus gacha mulu coba kedepannya ada market gitu saya bakal rekomendasiin bangett buat pemula",1
jaringan padahal bagus tapi di game nya sangat lemot gimana mau main nya,2
bagus game ny,5
selagi kontroler tidak bisa di ubah besar kecil nya saya tidak akan main game ini lagi jujur sangat mengganggu dan saya tidak pernaherasa nyaman menggunakan kontroler joystik bergerak atau analog bergerak saya lebih nyaman menggunakan analog tetap tetapi kekurangan pada game ini analog tidak dapat di ubah ukuran sedagkan jari saya lumayan besar. tidak seperti game lain ny yg bisa di ubah setelan sesuai dengan kenyamanan player,1
habis di update pasti ngeleg abis,2
"game ini mah game bola yg terbaik menurut saya number 1 tidak peduli komen buruk orang, tetap game ini game bola paling terbaik nomer 1 ada saran sih dari saya kalau bisa ditambahin mohon di tambahin fitur chat online di pertemanan biar enak makasi itu aja",5
"ini maksudnya apa, udh lama ga main, stlh main lagi akun tidak bisa d trnsfer lewt google play kocak kali nih konami, masa iya gw msti mulai dari awal??",1
"cuma saran aja.pada saat kami nyerang cepat sering ngelag, trus pada saat enjury time, saat ai nyerang waktu tidak habis, giliran kami pegang bola habis",3
"kalau gak top up ya jadi player gembel aja di dalam game, mau pemain sekelas bintang pun bakal tetap kalah, emang game pepek ini",1
game yang mantap,5
nggak jls rating tinggi kok lemah pack Barca harus di nerfff ga jelas masa maen sama pack Barca pemain ranting besar kalah trs gajelas konami,1
game ini sangat bangus dan tidak mudah ngeleg,5
ini gamenya udah jelek banget takutnya gak bisa main gara-gara game ini kayak game jadul ya udah gak bisa dimainin nih udah jadul banget aku benci sama game ini ntar kayak game game apa ya kayak game apalah yang kayak gitu yang ini makan apa ya udah bisa aku mau beli dulu,1
tolong jaringannya di perbaiki lah..,5
sering keluar mulu dah padahal sinyalnya bagus,1
rumputnya itu kurang hijau dan lisensi logo clubnya kurang lengkap semua..,4
iklan anj gak lucu iklan lu bikin gw gk bisa main game lainnya,1
"gamenya ini sangat baguss,tampilannya apik,gamenya ringann,juga jaringannya yang tadinya sering ngerasa lag sekarang udah di fix makin bagus,tapi kedepannya minta tolong tambahin fitur main dengan gamepad biar kayak di playstation gtu pasti makin ramai peminat dan jadi game bola terbaik android🙏",5
kebanyakan scrip,1
"selama saya main bagus kekurangan liga Jerman atau Bundesliga tidak ada,mohon diperbaiki lagi seluruhnya oke👍👍🤲",5
kalo bisa jangan update terus kasian yang punya hp ga muat penyimpananya kalo bisa kecilin GB nya,2
"overall bagus sih, tinggal kalo lagi main entah divisi lah atau yg lain itu sering lag padahal jaringannya bagus bagus aja, dah itu aja sih",4
geme nya burik,5
wasit tidak ada baru,1
"weh anjir lah analognya ngebug, pemainnya gajelas semua, udah pake 30fps masih ngeleg anjir lah game apa ini rusak banget, bagus si bagus cuman kalo ngumpan arah ke bawah tuh suka keatas anjir ngacak operannya benerin lah",1
kena script konami terusssssss ilangin lahh jangan gituuuu butuh effort buat ngepust malah di main in,2
no debat. no komen pokok nya bagus bangat dah,5
game nyaa baguss,5
Wasitnya kurang adil tapi gameplay nya bagus,2
konami tolong di perbaiki untuk keamanan permainan kenapa mesti banyakk scripp dii efootball pusingg tolongg dii perbaikii untukk sistemm permainann Dann tolongg adaa inn evenn evenn bansoss nyaa keluarinn,5
"MAIN LIVE SERING LAG, PADAHAL PAS DI CEK BUKA APLIKASI LAIN LANCAR"" AJ, TIBA BAGIAN IKLANNYA GADA LAG. STANDAR GANDA NJIR",1
hapos aja kalian game ini. sekarang udah banyak sekali iklan. dulu enak banget mainnya . pas mau ambil pemain baruu gak harus nonton iklan. tpi sekarang harus nonton iklan.... hapos aja.. bosan mainnya kayak gitu,3
apaan dah jaringan wifi jelek. game laen lancar. setiap divisi jelek terus heran ini game. ane banget,1
"makin kesini makin ngeselin...maen liga ditekel sama musuh kaga ada pelanggaran,giliran gw tekel musuh dikasih pelanggaran",2
ini game masih gak ad aperubahan dalam gameplaynya.. masih pake script.!!!,1
good football games so far,5
"Game Delay Parah!!!! UDAH PAKAI WIFI, PAKET DATA FULL KUOTA JUGA TTP DELAY. HARUS PAKAI APA BOS BIAR GAK DELAY",1
"Bagus yang kemarin, yang sekarang bapuk banget grafiknya",5
game ini sudah sangat sangat lah bagus dari segi grafik terus pergerakan pemainnya sudah sangatlah bagus cuma minusnya cuma di segi jaringan tolong kualitas sinyal nya di perbaiki supaya saat main tidak leg dan patah patah itu saja sih dari saya tlong di perbaiki segera ya kekurangannya terima kasih,4
main tekelan tapi ga pelanggaran padahal tim gw di tendang ga pelanggaran tim lawan di senggol dikit mental benerin mainnya,1
joss mantap,5
sangat bagus dan serua,5
GAME KONTOLL TA COKKK,1
Servernya lag,1
next update mending ganti nama eLegendFootball 🤣🤣,1
Akun ku di hack anjg,1
tolong di perbaiki saat laga online dan tolong wasit nya di perbaiki soal nya wasit kurang adil masa pemain di tackel di kota pinalti ga pelanggaran masa pemain musuh cuma adu body malah pelanggaran tolong lah di perbaiki,5
Cursor control is bad after update.,3
lama banget sih loading nya!,5
Abis update jadi ngelag,5
grafiknya bagus banget sama pemain nya kayak real pemain nya ada semua dari pemain lama pemain baru ada semua aku gak salah pilih game ini menurutku layak dapet bintang lima terus pemain nya bisa protes bisa berantem itu bagian yang paling seru menurutku tapi ada kekurangan nya pemain nya gak ada di bangku cadangan kalo ajah ada di bangku cadangan ada pemain nya pasti banyak yang donlot efotbol itu ajah,5
"malah ga bisa berkembang kita bermain , bener2 di buat kesal saat main , musuh enak buat main umpan dan susah sekali di block sedangkan kita selalu di tahan mau gimana pun kita main",1
ga bisa login kegem wagu burik,1
ngeleg amat,1
WOww! bagus banget😎👍,5
"jelek banget sumpah,main PVP mesti ngelag ngelag,ga niat banget bikin game,event dibanyakin tpi gameplay sampah",1
saya suka dengan penambahan fitur dimana player dapat menggunakan gamepad untuk bermain tapi tolong untuk update selanjutnya tambahkan fitur keymapping dan gamepad bisa digunakan di pvp mode,5
"kualitas permainan sangat kaku dengan pergerakan analog yang kurang responsif, kualitas jaringan ketika bermain divisi sangat drop yang pasti nya pemain akan terasa sangat di rugikan",2
game ngelag banget -_- jangan download kalo mau download mending FC mobile,1
lumayan seru,4
kenapa selalu lag ya setiap main PVP padahal sinyal jaringan lancar 😡,4
overall ini udah bagus gameplay oke grafik oke tapi tolong lah SA ini meresahkan minimal nerf maksimal nya hapus dari divisi pvp kalo ai masih boleh lah dan tolong perbaiki server buruk kali bah lebih bagus server ff,3
"KENAPA PAS PUSH DIVISI VS PLAYER MENDEKATI DIVISI 1 SINYALE SUSAH,Meskipun lawan dengan skuat biasa selalu kalah, rating turun banyak. Konami sudah seperti judi online dengan iming iming pemain epic, biar user top up coint, tapi ketika main vs players script e benar benar bekerja..main dengan pemain bansos ,potw dah paling bener, selama bukan konten kreator yang hidup lewat game , ngapain buang buang uang buat top up coin dan nanti ujung² nya script e bekerja.",1
terima kasih,5
Request update Football minggu depan bikin pergantian pemain dampak pemainnya sama pelatihnya pelatihnya ganti pemainnya nampak pemain,5
grafik tingginya suka lemot coba perbaiki,5
"lumayan bagus, untuk kelas android saat ini.",5
game buruk makin di Update makin gak jelass Lag lag an mulu Makin Bobrok,1
game ini sangat cocok untuk pemula,5
perbaiki sinyal,4
"saya mau download grafik pemain tinggi tapi loading terus, tolong fix it!",3
game ngntt,1
untuk game nya sudah bagus ....untuk apdute nya tolong logo club dan seragam nya di update lgi seperti logo asli club nya 2026 terima kasih,5
lagi laga tiba2 ngebleng,2
keren hehehe,5
game ruksak,1
GAME FOOTBALL TERBAIK DI DUNIA,5
sempurna,5
geme bagus cuma gak ada liga champions kalau bisa coba kasih kaya piala Dunia dan piala Asia,2
"update mulu tapi loading awalnya aja lama bet!!! kenapa gak pakai Optimasi Engine Game, Manajemen Data & Cache, Peningkatan Infrastruktur Server, Optimalisasi Perangkat seperti mobile legend , agar loading awal dan transisi masuknya lebih efisien, trus kalo lawan player lagnya minta ampun, pemeliharaan mulu tapi gak ada peningkatan dari dulu , GAME SAMPAH!!!!",1
tolong ada liga Indonesia,5
"Game bola kok kayak aplikasi novel, pakek nonton iklan",2
gak ada liga Indonesia,4
bagus dan grafik nya bagus bisa kalau dipakai kalau bosen❤️❤️❤️❤️❤️ひやまや,5
Tolol gak bisa offline apa lagi gak bisa liat tin penggain Tian pemain apa lagi kalau ada baju baru tim malah gak di gergain hoo,1
game-nya seruu cumann masalah nyaa tidak bisaa jadi akun tetap tolong tingkatkan agar bisa jdi akun tetap agar bisa pindahin di hp manapunn,5
"game banyak script,smartassist bukan fitur!!! HILANGIN SMARTASSIST DI LAGA ONLINE !! MERUGIKAN",1
"mantrp banget ini, udah maen lama game udah menang tiba tiba for close. mahal konami 😅",1
coba dong bikin komentator berbahasa indonesia soal ny player bnayak dari indonesia juga,5
sinyal issue ga pernal dioptimalin,1
pemain terus yang di promosi sinyal tidak pernah beres,1
game ya baguss,5
game kon game rusak banyak script,1
ini bisa download game game semua seru dan enak di mainkan,5
"saya top-up coin 750 ko ga muncul-muncul di akun game saya,Uda saya bayar gimana ini.",1
ini game kok tolol ya selalu waktu tambahan disaat lagi nyerang waktu habis apaan Cok di dunia nyata aja gak gitu,1
"game ini jelek karena saat saya push divisi 3 dan saat poin saya 1.495 hampir divisi 2 malah di kasih musuh squad full epic dan memakai script,sampai sampai saya membanting hp saya ini.saya cuma mau bilang tolong hapus script di game ini dan tolong matikan smart asis saat bermain di laga divisi.dan tadi saat saya main divisi lagi saya ketemu musuh script padahal udah ku roket dari Deket tapi masih tetap di tepis kiper nyalalu saat saya main umpan umpan pasti tiba tiba nge umpan ke arah musuh nya",2
"game gak jelas tinggal 2 match ke divisi 1 sampe turun ke divisi 3 lagi, tiba tiba lag tiba tiba putus koneksi bahkan disaat masih pencarian lawan poin saya tetep turun kan kocak ini game makin sering push divisi malah makin banyak gangguan non teknis lebih baik rehat dulu sekarang game nya lagi sakit",1
"ifen nyaa gak pernahh keluar ifen jelek"" semua gua main dari awal masih burik dulu aja ifen nyaa masi bagus enak sekarang geme makinn besar malah makin ilang ifen nyaa",3
game celeng,1
game ga jelas terlalu banyak script...game p2w sampah,3
"scrip gak jelas...jadihya gak adil,jadi males main",1
signaaallllllll biasaaan maen liga signal ilang²an,1
"berulang kali out game karna sinyal lalu poin divisi berkurang, padahal jaringan fine fine saja. sangat merugikan bagi saya ! permasalahan sinyal seperti ini seharusnya poin tidak perlu berkurang. muak dengan hal seperti ini. dan setiap seperti ini selalu saya dalam kondisi menang. atau seri ( dlm game sedang kejar skor musuh ) apalagi pas saya main menang karna comeback. tolong benahi",2
server busuk,1
"Sistem jaringan yang sangat ampas. Di grafik bar saat bermain punya kita lancar dan punya musuh naik turun. Tetapi yang patah² punya kita, pemain musuh tetap gacor lancar aneh",1
kalo mau nendang jangan deley sama kalo mau ngoper aduhh parahh kehel lots of deley if you want to kick ahk,2
"ngak jelas.....lawannya ngak setimpal.. bukan ""apel to apel""😏",1
mantap aplokasinya,5
game script kartu bagus atau jelek kalo sudah di setting kalah ttp kalah dan juga ini game ptw jualaan kartu pemain setiap minggu keluar sedangkan masalah jaringan dan fitur bermain tidak prnah ada peningkatan,1
SISTEM STUPID,1
permainan nya sensitif harus ditingkatkan lagi,5
mantap tolong kameranya jngn trlalu ngezoom buat lebar dinamis trus sistim menyerang bertahannya harap sekali sentuh jadi cepet,3
KAPAN SMART ASIST DI HAPUS!!!,1
"terlalu delay dari jeda umpan, intesep tiba tiba overpower, setiap bermain divisi dikondisi jaringan bagus tetap banyak delay dan lag, musuh bisa umpan dikondisi saya sedang memegang bola, kesiapan musuh untuk mengambil bola terlalu tidak masuk akal saya merasa banyak kejanggalan setiap saya main dimana banyak pemain saya yang sering tidak mau menerima umpan, kontrol bola saat mau finishing tidak pernah bagus, drible terlalu susah untuk sekarang padahal stats tight possesion dan dribel bagus",1
kadang ngelag,5
BAGUS BANGET,5
"game ga jelas , kebanyakan script ai merugikan , musuh tim gampang dibuat susah , ga lama abis player nya",1
"Gmae yang sangat seru. tapi masih kurang club yang belum berlisensi dan juga ada saran dari saya supaya ada fitur yang bisa kirim kartu pemain ke pengguna efotbal lain pasti lebih seru, kaya saling tukar kartu gitu.",2
Konami kurang tegas akan player yang menggunakan cheat atau aplikasi curang untuk mendapatkan kemenangan secar instan di online match khususnya divisi dalam sehari saya sering mengalami tiba-tiba keluar laga sendiri kadang sampai 7x dalam sehari tolong perhatikan KONAMI,1
"when iam play division (vs ai) the enemy always unpredictable, and ubnormal gameplay. like my rijkard (103 ovr) vs neymar (102 free ovr) in header my player is lose. fix it stupid konami",1
"jaringan jelek padahal sinyal bagus.. lama"" unistal bareng"" nih... makin ke sini makin berat sama jaringan jelek... bapuk.. tolong d perbaikin lagi sinyal yah makin jelek nih game sinyal yah makin lemot dodol nih engga becus pada Konami",1
game nya sangat baik dan grafik nya bagus cocok buat yang suka bola,5
main divisi vs user padahal sinyal bagus.. pas akhir permainan tiba2 muncul tanda loading muter2 aja terus pertandingan dinyatakan kalah.. saya bukan sekali dua kali kyak gini.. apakah ini bug atau apa ya.. tolong jawabannya Konami..klo seperti ini jadi males mainnya...,1
jempol,5
game pay to winn,1
sangat baik keren saya suka banget,5
the points system is all over the place,1
GAME PAY TO WIN & BEST SCAM EVER,1
"ada gila gilanya game ini,harus beli koin banyak biar dapet pemain yg ratingnya bagus. terus maen divisi kebanyakan mendadak lemot pergerakannya berat padahal signal bagus banget,musuh yg harusnya gampang,malah jadi susah karna bola umpan gajelas arahnya kemana,shoot kena tiang bolanya mantul terus ke pemain lawan,ada lagi fitur smart assist yg malah kaya cheat sebelahan sisi,maen malah jadi berasa di curangin konaminya sendiri. buruuuk !!!",1
semenjak tidak pernah beli coin selalu kalah..,1
spesialis lag,1
"game ini sangat bagus,tapi tolong di perbaiki jaringannya dan di perbanyak pemain free kebanyakan orang f2p ga hoki² terima kasih",4
Gem ini bagus tapi banyak kendala contohnya sekarang kalau mau login harus pake perizinan orang tua,5
seru sekali,5
bagus banget sih nih game tapi untuk jaringan bisa diperbaiki lagi ya konami,5
game ajg tiba² keluar pas main tolong lh di perbaikin bug nya kmi yg sedang asik main tiba² keluar kn ngak enak ngulang baru lgi,1
developer nya kikir banget,1
Bagaimana ini. Beberapa kali Bermain divisi keluar game dengan sendirinya. dengan kehilangan banyak point.,1
semua sudah bagus grafik bagus permainan bagus tp kalo gaada akumulasi kartu gaasik min.kalo ud kartu kuning di 2 pertandingan tolong pemainnya tidak bisa dimainkan untuk laga selanjutnya sama tambahin liga indonesia Sekian terimakasih,4
"game bgsd, org ga ngapa""in tiba"" server terputus terus kalah",1
"game rusak, game GK jelas",1
selagi Smart asist Masi bisa divisi PVP bintang 1. terimakasih konamex,1
makin lama makin buruk draftnya,1
mantap geam ny saya suka,5
"Dari segi gameplay bagusnya ketika lawan VS AI aja, tapi kalau mode PvP entah mengapa gameplaynya terasa berat walaupun 60 fps ataupun jaringan lancar. Tapi dengan adanya fitur smart assist gameplay kita jadi tidak terlalu berat. Untuk rating card Efootball sekarang terlalu berlebihan, dikit-dikit rating 100+ padahal statsnya hanya beberapa yang tembus 90an, rating tinggi kebantu skill spesial sama nama pemain doang, tak heran terkadang pemain yg ratingnya lebih rendah gameplaynya lebih bagus.",4
game taiii,1
"tambahkan fitur create player agar player tidak cepat bosan dan tambahkan komentator Indonesia seperti eafc yg sudah ada komentator Indonesia nya, harus nya kita dapat memilih cuaca stadion dan bola disetiap pertandingan tambahkan juga drama² seperti perkelahian pemain,cidera pemain, pergantian pemain juga harus ada cutseen nya, buat juga mode,di mana kita dapat membangun tim dari awal sampai jadi besar, kita dapat membangun stadion kita sendiri,jual beli pemain dan lainnya",3
"woy, kenapa controller di Poco F7 ga bisa digunakan? di game lain lancar tapi di Efootball gamau gerak!!",1
𝚜𝚊𝚗𝚐𝚊𝚝 𝚋𝚊𝚐𝚞𝚜 𝚜𝚎𝚔𝚊𝚕𝚒,5
"tolong kurangin script nya masa mau menang jadi kalah gara"" script padahal sinyal bagus",1
"game tidak jelas menggunakan script ke pengguna, jelas jelas menendang ke tiang jauh diubah ke tiang dekat agar ketepis",1
"sudah bagus,tapi kendala jaringan tolong di perbaiki,jaringan sudah bagus,tapi kadang suka delay",5
"segi grafik oke,tapi jaringan kurang,+ kasih tampilan wasit sama kasih komentator indo",5
"TUTORIAL NYA UDAH TERPENUHI MALAH DIBILANG SYARAT TAK TERPENUHI,FIX KONAMI BODOH SEKALI,DEFINISI SEKOLAH CUMA SAMPE DEPAN GERBANG DOANG.JANGAN DOWNLOAD GAME INI GES GAME BUATANNYA ORANG BODOH BANGET,KONAMI JELEK LEBIH BAGUS FC MOBILE,BOOOOOOO JELEKKKKK BINTANG 1!!!!!!",1
Tolong diadakan mode UCL dan mode carier pesepak bola,4
bagus dan mudah dimainkan,5
mantap 💪🏼,5
"perbaiki server,selalu kalah karena disconnect setelah selesai laga padahal skor saya unggul",1
game pay to win jemb,1
"This game is already good, but there needs to be animation when changing players to make the game even better. (Game ini sudah bagus, tapi perlu ada animasi saat pergantian pemain agar game nya tambah bagus)",4
"sejauh ini bagus.. grafik dan gameplay nya asik, seru.. terus kembangkan, buat yang terbaik",5
game bagus grafik memuaskan game play sangat bagus,5
game rusak full script,2
"Makin gak jelas aja ni game, 4444ssssssu",1
hapus smart assist untik laga Divisi PvP,1
tolong tambahin liga satu dan pemain liga satu ny ya minnn tolong banget tambahin liga satu nanti kalo udah di tambahin saya kasih bintang 5,4
BARCELONA NYA BAYAR WASIT!!!!!! MASA DIA TEKEL GUA DARI BELAKANG PAS AKU SENDIRIAN MAJU TIBA-TIBA DI TEKEL DAN KAGA KARTU JIRRRRRRRRR,3
kebanyakn skrip ini game,1
"ditambahin karir pemain sendiri,pelatih,club,pemain yang sudah ada",5
P2win terasa bngt,1
game nya bagus pemain nya banyak plus grafik nya bagus tapi minus nya game nya kekurangan lisensi jadi tolong untuk update seterusnya tambahkan lisensi 🙏🙏,5
koneksi di perbaiki,5
plis kasih gua pemain bagus ke bos dah gua kasih 5 bintang nih,5
"game apaan ini, maen padahal sinyal bagus giliran buat maen, ngelag ngelagnya setiap lagi di depan gawang musuh game apaan ini, tolong lah di perbaiki lagi ini game TERUTAMA JARINGAN sinyal padahal bagus giliran buat maen pvp ngelag pas nyerang gawang musuh toloong pliis lah tolong ini TOLOONG BANGET",1
Game Apaan Ini Setiap Mau Naik Divisi 1 Udah menang tiba tiba lag trus kalahh padahal sebelumnya lancar lancar ajaa game scamm,1
event liga kurang,1
game ini katanya offline ko online jawab dong saya dari jam 8 sampai jam 10 nungguin download game ini Karana tertarik bisa offline ehh gak bisa,1
semoga di update selanjutnya di laga eksebisi ada banyak pelanggaran di kotak pinalti dan luar kotak pinalti dari musuh/komputer dan ada var biar seru,5
tidak akan pernah ada permainan tanpa lag dan bug,1
"tolong dong dari pihak konami kalau update adain fitur ""Lepas tautan Google play"" kami para user efootbal yang mau jual akun karena butuh jadi susah mau jual akun nya gara - gara itu akun tiba tiba naut ke google play. mau di lepas tautan nya tidak bisa tolong yaa ""Ada in fitur lepas tautan google play"" maaf saya kasi rating bintang 1 sumpah kecewa",1
kenapa di hp ku ngga bisa buat donlowad,2
💯💯💯,5
sistem nya curang,4
game tolol masak akun lama gua dihapus,1
Lagi asik main tiba-tiba server terputus padahal jaringan bagus. Jika gak bisa perbaiki jaringan pecat saja developernya ganti dengan yang baru biar gak makan gaji buta.,1
"masih aja gajelas nih game. kebanyakan settingan. 3 th bersabar sama Efootball, sekarang beneran bosen dan capek. rugi tim 3160-3200an, masih aja suka plonga plongo. setingan 60%, hoki 20% dan skill 20%. pantes banyak citer. nih game ga ada bedanya sama FIFA19. kebanyakan setingan. drama engine 🤡 *edit : akhirnya Konami masang iklan. udah ketahuan miskin. kebanyakan curangin playernya. nyesel gw buang duit buat nih game. tapi ya udah setahun gw ga keluar duit buat ini game. ngapain juga bjir.",1
semakin ada update dan maintance gameplay nya jadi kurang asik pemain di atas 100 pada berat bawa bola nya yang sebelum² nya pada enak dan semua kontrol analog maupun umpan dan shoot pda ngaco semua,1
Laga sudah selesai dg kemenangan 3-1 tiba2 loading hasilnya kalah. 🤣,3
seorang mantan player fc mobile pindh ke game ini hanya karena lebih susah dan menantang,5
"game sangat memuaskan saya, saya sangat suka sama game ini.",5
istimewaaaa,5
Gamenya realistis ga kaya game sebelah,5
kasilah 100coin epic konamek,5
game aneh.jaringan bagus posisi sudah FT pdhl menang tiba² jaringan eror jadi kalah.perbaiki server jgn cm cari cuan jual pemain saja #efootballampas,1
"overall bintang 5 tapi player di divisi terlalu jago bermain bahkan sampai data pun ikut dimainin,",4
tolong tambahkan klub yang ada di liga Indonesia dan sedikit kurang in ukuran game nya,5
next do messi's choice please👍,5
gem buruk jelek bangat,1
game anjinggggggggg,1
"GAME PENUH BUG DAN SCRIPT, DIVISI SELALU BERTEMU LAWAN RANK RENDAH DAN OVR TINGGI, KALAU MENANG TAMBAH SESIKIT, TAPI KALO KALAH MINUS BANYAK, DITAMBAH KALO SIDAH UNGGUL MENIT-MENIT AKHIR SELALU JARINGAN DELAY, PADAHAL BAR SINYAL FULL",1
mantap lah gamenya,5
baru mau instal semoga aja seru,5
"game sangat bagus,puassss",5
"beda gak kaya pes dulu banyak event dan modenya, sekarang makin lama makin kaya TCG kartu Mulu dikeluarin.",1
hp kentang ku menangis,4
game seru untuk di mainkan,5
"lag mulu bangke, giliran main game fps anteng ae sinyal bagus make data pas main game ini gila lag mulu",2
"plis lah konami , kasi gua hoki kek",1
"tolong dong di perbaiki tentang skrip yaa, mana selalu main kenak skrip Mulu",3
sangat bagus gemes nya,5
game najis gak jelas.. kangen dls 2019 game nya simple,1
"apa apaan,gw main jelas jelas menag 3-2 kok di batalkan,mana streak 4 match ,Ampe turun,taik banget lah,tolong dong di perbaiki,padahal jaringan lancar ga ada problem selama match",1
game nya bagus tapi pas di download jangan lama dong,5
sangat mengecewakan,5
Pihak konami yg tolollll tolong ketika lawan mengulur waktu bisakah dari pihak kalian juga memberikan tambahan waktu yg adilll....,1
"kemarin saya bisa main, tapi kok sekarang nggak bisa ya padahal udah diupdate dan jaringannya bagus",4
"konami bangke,kena bola dulu malah kartu kuning",1
tolong untuk pihak konami untuk memperbaiki saat mencari musuh pvp itu lama sekali dan aku tungguin lama sekali gak dapet²,1
kenapa dalam keluar tiba-tiba padahal jaringan bagus,2
Tolong hapus smart assist pliss,3
"Pay to win bet jingg, game script taikk",1
"Game sedot batre , sedot kuota ,kalo mau naik divisi harus banyak topup kalo ga topup lancar awal aja pas mau naik divisi 1 di bikin lag padahal jaringan full , game sampah",1
walau gamenya grafik nya agak burik tapi gamenya gak pelit sama kontrol nya lancar👍👍👍👍,4
spent koin tapi gak pernah dapet.. kocak,2
bagus sekali ini karena berbagai jenis pemain lengkap dan jenis jenis kartu terimakasih efotball,5
"mau jual 2 akun,akun 1 sudah 6tahun, akun 2 kurang lebih 3 tahun, pemain banyak epik nya,",5
"tolol, script nya script bngt tau",3
game kalau top up banyak dia bakalan menang teruss wkwkwk,1
harus ada BRI liga 1,5
game nya udah bagus tapi saat membutuh kan kerjasama dengan orang tua tambah ribet,4
oy konami tolong ya jngn atur menang kalah. meneng menang aja jngn bikin pemein palanga plongo biar kalah. trs kalo udh memeng jangn d keluarin paksa. gak adil. udah sush susah cetak gol malah lu keluarin..,1
"Bapuk, game aneh apalagi kalo divisi vs ai. Luar biasa aneh pemain, jadi lemah, emang disuruh kalah akan tetap kalah",1
"game p2w, apalagi masalah jaringan sering eror, pantes banyak yang berenti main ini game",1
"overall game play udah bagus lah, tapi tolong Konami tambah beberapa event lagi agar tidak bosen sama event yang itu-itu saja. Sama pas gacha pemain epic tolong jangan mempersulit player mendapatkan pemain epic tersebut",4
"sinyal bagus, tapi game nya lag parah, kalo udah lag dikit, malah jadi terus terusan lag game play nya, kalo musuh nya ngelag kenapa kita jadi ikutan ngelag kocak",1
kenapa setiap update harus hapus aplikasi permainannya seru tapi update jangan harus hapus aplikasi.padahal memori masih banyak,4
Keren Banget,5
"“Sinyal PvP patah-patah, delay parah, main jadi gak nyaman.” tolong dong plis konami plis",5
sangat cocok,5
"sedang main tetiba keluar,aneeeh",2
"game ini saya pribadi suka, tp saya greget muak sekali sama sistemnya... main divisi vs ai gak di bolehin menang, main divisi vs player sinyalnya yang jelek padahal jaringan dan bar nya oke. ampun dah, tiba² pemain jadi planga plongo bener² kadang ini game suka bikin nerf pemain.",1
tolong kasih aku epick jangan kikir,5
PAY TO WIN!!!,1
"gamenya sungguh jelek, apalagi soal jaringan belum optimal, sangat disayangkan menjadi pengalaman paling buruuuuuuk bermain game ini",1
"game gj, udh menang skor malah tiba-tiba gw yg kalah",1
"saya sangat suka game ini, tapi saya minta tolong haus yang nama nya script, dan smart asis di game ini karna itu sangat tidak adil menurut saya, berbeda dengan game2 lain tidak ada yang namanya sistem seperti itu, saya minta tolong untuk mentenens kamis ini di ubah dan event di perbanyak,atau yang lainnya, dan yang paling saya gak suka di game ini adalah ketika saya sedang main tiba2 ngeleg padahal jaringan bagus, jaringan lawan yang ngeleg jadi saya tiba2 ikut ngeleg padahal jaringan saya fuul",5
"game lambat, lemot, ngoper bisa² langsung di rebut lawan, sepak bola zaman sekarang udah mustahil bisa salah umpan, ini hampir setiap kali umpan salah, pasti nyangkut di kaki lawan ada aja pasti, pokoknya game lemot lambat,game gatel, ngoper aja susah amat, kenak potong terus game taik intinya",1
"TOLONG HAPUS FITUR SMART ASSIST, TIDAK BISA MEMBEDAKAN MANA YANG BENAR-BENAR BISA BERMAIN DENGAN BAIK,,, SMART ASSIST MERUSAK PERMAINAN,,, FITUR YANG BODOH",1
saya mau akun saya dulu nma akun nya takat laju fc,5
"pay to win,gk newbie friendly parah.Ovr tim 2500-2600 main masih di divisi 7 lawannya dah pada 3000an keatas,sprintnya timpang parah gimana mau menang",1
sering kali error 005 koneksi terputus padahal udah unggul sangat mengecewakan,1
game anying bug terus pas masuk keluar masuk keluar masuk mulu dasar game anying,1
gene buruk,1
"overall sudah bagus, mungkin sistem pay to win yg bikin f2p gk terlalu suka, dan untuk kedepannya tolong tambahkan mode liga seperti champions League, Europe league, dll di divisi AI dan PvP, dan semoga kedepannya bisa lebih baik lagi dan ramah kepada f2p",5
game ini seru,2
extra bonus 🤘,5
ternyata terlalu banyak SCRIPT di dalam game nya akhirnya saya uninstall,1
bagis,5
GAME NGELAG jaringan harus bagus terus,4
setelah hijrah dari fcm langsung ke efootball jujur perbedaan nya cukup bagus efootball 😁,5
"perbaiki bug sorotan gol tidak menayangkan 2 tim , tapi menayangkan gol yg tim nya menang aja, gimana jadinya mau liat replay malah yang ditayangin gol nya yg tim nya menang aja.. gak beres !!!",5
"Woi Konami lu update buat apa sih, game nya jadi P2W gajelas,gw minta tolong banget sistem wasit lu benerin, gw di body si slengkat masa kaga plnggaran, giliran gw cuma kena badan musuh sedikit gw yang pelanggaran padahal dia yang nabrak, kalo mau buat game otak pake dong",1
"server konami jelek banget,jangan download apk ini jelek mending fc aja",1
sudah bagus,1
"saya sangat suka game ini, saya sangat terhibur dan saya ingin beri masukan tolong dong konami kami pengen sekali menikmati liga Indonesia di game efootball tolong konami kami sangat menantikan itu, percayalah konami kami bisa jamin kalau itu terjadi (ada liga indo) pasti pasaran koin efootball itu bakalan tambah laris begitu juga game nya bakalan makin tambah rame. Tolong konami tambahin liga Indonesia 🙏🙏",5
sering pelanggak pelonggok bek nya padahal bagus jadi aku kasih 4★ dulu l,4
game rusak!!!!!,1
gk bisa di donwlod karna hp ku kentang turunin MB nya,1
emang ada masalah apa sama saya game efootball. pas waktu menang sinyal jelek langsung kalah. giliran pas kalah sinyal nggak ada jelek² nya. kalau emang ada masalah sama akun saya . balas komenan ini. saya akan hapus game nya. dari kemaren kayak gini terus . padahal sinyal saya bagus² aja. tau² permainan udah selesai hasilnya kalah . coba teman² apa kalian sama kayak saya .,2
nice,4
download nya lama Sampek 2jam,1
"game gak jelas, sinyal bagus jarungan lancar tiba tiba keluar dari game trs jadi gwa yg kalah, kartu terus di keluarin yang baru, SERVER LU BENERIN!!!",1
PVP dari dulu tak ada peningkatan sangat buruk saya lelah dengan game ini .... Gacha pemain di kasih dalam agar top up banyak. tidak ada peningkatan kualitas jaringan agar PVP tidak lag,1
"semenjak update perbaiki gameplay ketika defend, bek susah sekali untuk menjaga posisinya padahl tombol nya ga saya sentuh tapi bek saya maju sendiri (bukan bek tipe perusak), dalam menyerang juga sekarang lebih sulit ketika sedang melakukan serangan balik penyerang kita bukannya ikut maju mencari celah tapi malah bediam, malahan striker kita dempetin bek musuh, hilang kan aja fitur pelatih berbicara g ada gunanya, yang ada ganggu permainan, JANGAN SEMAU HATI GANTI2 META, CUMAN KARENA DUIT.",1
bagus cocok tapi game nya bagus offline si,5
"eeh, knp main mode PvP sinyal hancur banget. kocak banget, buka aplikasi lain amat banget sinyal HP gua",1
"Good Game, Good Gameplay",5
"game bola,tapi tidak ada yg pake formasi pemain sayap,rwf lwf tidak kepake sama sekali. harus nya dibatasin klo untuk formasi. misal kalo mau 3 striker,harus pake lwf atau rwf,kecuali 2 striker 2cf langsung gpp. kan sayang kalo dpt pemain sayap tapi ga kepake sama sekali.",1
huhhh mantull fiturnya sudah hampir lengkap eeee tapi boong mending main FC mobilee.,5
"smart assist ilangin dulu, cape lawan smart assist.",5
Game tolol,1
"jualan kartu doang pas main divisi / pvp ngelag parah padahal jaringan bagus sering kali udah menang , tiba2 keluar sendiri dari game dan ya 'kamu mengalami kekalahan' nyesek banget sumpah game apa ini cuk server nya ga pernah dibenerin mau main aja malah bikin setres",1
"Game buruk, setiap kali push divisi jumping dan patah-patah",1
tolong benerin sistem jaringan nya konami,3
game asu giliran mau menang malah keluar sendiri...,1
setiap upgrade selalu buruk ini lagi login ke akun kita aja susah tolol lah,1
"Update terus, ngabisib kuota doang,",5
game babi niat bngt bikin lose streak,1
terlalu banyak player scam,1
saya ingin main efootball,3
"karena saya sering bermain vs AI, Alhamdulillah sudah di rillis juga liga saya, tapi saran saya tambahkan lagi seperti ucl, world cup, dan lain lain, agar tidak membosankan, terimakasih saya harap saran saya ini di berikan update yang mendatang dan tambahkan juga master liga vs AI biar bagus dan tidak membosankan",5
ayolah bikin model offline,5
bagus menarik,5
mantap👍🏻👍🏻,1
"jaringan kondisikan, heran kikir",1
"tolong lah ,setiap kali main pasti keluar truss tanpa sebab, udah pake wifi pun ttp sama , baru pas lagi push divisi apa enda turun trusss ,tolong kalau kalian MMG bener2 mau maju ni game ,tolong utamakan kualitas server nnya ,kalian ini salah satu game terlaris tapi masa kualitas jaringan masih burukk 😑",1
aplikasi game paling keren,5
main devisi udah menang tingal kluar selalu terjadi kamu kalah karna terjadi masalah jaringan padahal jaringan bagus mau ampe kapan begini konami,1
setiap pertandingan udah selesai dan menang. Lalu tiba2 lag dan kalah,1
"Game pay to win...full scripp,aneh",1
hapus fitur SMARTASIST di mode divisi konami,1
tolong dong servernya dibenerin lagi biar lebih stabil sinyalnya... udh pake wifi masih aja sinyal hilang,2
game apaan ini cok udah menang bisa2 nya jaringan hilang padahal sinyal bagus nggak ada masalah sama sekali,1
dark sistem di pelihara plus masa squad dengan kekuatan kolektif lebih rendah di buff rugi aja top up bagusin akun kalo akhirnya yang free to play di pelihara,1
"bintang 2 dulu, fitur gamepad emang sudah ada, tapi untuk main online nya fitur gamepad belum bisa setelah bisa di stiap laga baru bintang 5🙏🏻",2
sebenarnya secara keseluruhan bagus cuman yang sangat disayang kan itu delay sama jaringan nya gk stabil padahal untuk sinyal atau jaringan hp saya udh sangat stabil,5
game ruksak kadang pemain kita terasa berat ngoper pelan ngefres lawan cuman jalan kaki doang padahal sinyal wifi bagus,1
Kalo di tambahin carer mode pasti banyak yang download 😄😄,5
game nya bagus bikin nagih awal² susah tapi main² terus jadi bisa.,5
"For Developer, perbaiki respon kiper ketika bola rebound, perbaiki transisi kontrol bertahan dan menyerang, perbaiki pergerakan AI, posisi dan respon pemain ketika menerima operan dari pemain lain, booster posisi dan keahlian pemain jangan random, perbaiki untuk body charge, perbaiki server dan sinyal, terimakasih",2
game gak jelas,1
gameee apaa Niii cokkkk kalau bukan pemain yangg bapuk jaringann yanggg ngelaggg padahal wifi guaaa lancarr memang game bikin naik darahhh anjirrrr,3
kebanyakan scrip ni game,2
"apakah aku bisa mengembalikan akunku?, aku coba chat support tidak bisa, memang kesalahanku sendiri sebab aku tidak bisa menautkan dan membuat akun Konami, apakah kalian bisa membantuku🙏",1
"kuota nge download nya terlalu besar,sampe kuota saya hampir habis",3
"kalau ini ada fitur obrolan suara seperti ff ,semua orang mungkin download",5
izin bang tambahin liga Indonesia,5
min bikin fitur bisa kirim pemain ke akun lain dong min,5
semakin lama semakin jelek ini game,1
papma game ase,1
sinyal bagus ngelag,3
akan lebih seru jika konami menambahkan fitur stiker stiker yang ngeselin 😅,4
bagai mana jara mendollot efotbal,1
bagus bet,5
saat saya bermain musuh lag atau bisa di bilang jaringan di buruk dan itu berakibat juga sama saya padahal jaringan saya sangat bagus,2
Gamenya bagus banget,5
"gamenya udah ancur ga kaya pes, e football lebih banyak sistem yang di monopoli sama konami, dari jaringan yang gajelas, jaringan yang kadang seakan² berpihak ke lawan kita pada saat online match, bahkan salah satu yang sangat menonjol yaitu permainan player di lapangan aja seakan² di persulit oleh konami (script), ni game bener² semakin kesini malah semakin gajelas walaupun banyak event² pemain gratisan tapi klo lu udh kena script sama aja lu bakalan kalah. JARINGAN BUSUKKK",1
bagus tetapi susah untuk menembak,5
geme ini permainan nya susah sangat jelek bintang ⭐ jadi nya tolong yang jadi mudahin pas main nya,1
game ini terbaik di dunia tapi dia tidak terbaik dari mobile legends,5
"MOHON PERBAIKI SERVER NYA, SANGAT LAG WALAU JARINGAN BAGUS",1
sangat memuaskan permainan nya,5
dari grafik semua sudah ok satu kelemahan paling utama sinyalnya yg kurang stabil itu aja min?,5
tolong min saya ngebug pas mau login in game pas waktu minta kode.. kodenya sama mulu jadi ngebug tolongg respon secepetnya,1
bagus dan mirip pemainnya,5
kebanyakan delay padahal sinyal lancar terus performa pemain tiba tiba bagu tiba tiba jelek anehhh sekali ini game saya sarankan jangan di download tidak seru anj,1
"Untuk saat ini, game ini menurut saya sudah sempurna. Tapi satu kekurangannya! Akumulasi kartu belum ada. Seharusnya akumulasi kartu itu diterapkan... Disini kita disuruh nonton iklan. Tapi begitu iklan selesai, yang muncul bukan pemain yang digambar itu tapi pemain lain. Sebaiknya iklan dihilangkan karena sudah berkali-kali nonton iklan tapi hasilnya tidak memuaskan.",5
"Tampilan kurang bagus, pemain kurang lengkap, formasi sangat terbatas. Tampilan jelek. game sangat sangat jelek",1
game muter ga jelas tll,1
bagus tapi pas mau masuk lama👍,4
game epic,5
tidak ada tombol,1
game apa ini banyak sekali scrip nya bikin ga mood main saja,2
saya udah sangat suka bermain game ini tapi masih ada hal² yang mengganggu penguna lain misalnya saat lagi main divisi jaringanya banyak bug padahal saring ada pembaruan tapi sistemnya masih gitu² aja,3
gamenya kurang lisensi gak enak mainya,2
"game gak jelas, dah menang 6 - 1 massa jadi kalah otomatis keluar",1
"Please remove the ads and if it's just to get players and others why watch useless and very annoying ads, it's better to have no prizes than to watch ads for nothing",1
saran fc mobile ae bree,1
Mode vs Player sangat buruk,1
"Makin kesini cuma mikirin epic, tanpa Brantas pemain yg curang,, udah menang tiba tiba kalah pas selesai dimenit 90 HAHA game busuk padahal koneksi jaringan bagus,, kalo kedepan ga ada perbaikan soal player yg curang/cheater fix game ini ga menarik kedepan nya, lisensi nya sedikit 🤮",1
"di game ini sleding tekel terlalu berlebihan, capek capek banget serangan sekali sleding selesai dan musuh gak kena kartu sementara saya harus mengganti pemain karena cedera, mohon sleding di nerf biar gameplay lebih stabil",1
wasit nya rada haram jadi kalo main rasa nya kaya wasit qatar,1
mntaf,5
sanagt tidak work it untuk dimainkan terlalu kentara game skripsi diatur sesukanya siapa yang beri menang,1
masak ada iklan judol 😑,1
tolong ada n liga Champions dng,5
"ehh ini game benerin si setiap gua nyerang offside ada sampe 10 kali giliran musuh didepan jauh ga offside gaje bener,,sekalian tuhh benerin bug2 aneh udah pas mau ngoper ke pemain lain malah ganti kursor!??!!",1
jaringan kek babi bikin kalah PVP,1
coba kasi komentator,4
"saya stress karena game ini, gara"" jaringan jelek saat main di game padahal kalau di luar game efootball jaringan saya aman2 saja malah tergolong lancar (entah kenapa main efootball tb2 jaringan drop)",4
scripted game,1
"tolong hapuskan script karena sangat mengganggu saya menggunakan squad bagus kalah dengan squad basic padahal saya menang 5x beruntun di divisi tetapi setelah itu pemainnya jadi berat,umpannya harus nunggu lama,rasanya seperti main tetapi dikendalikan sama developer",1
game gajelas tiba tiba sinyal ilang pdhl 5G full sinyal nya,1
"kacauuuu , grafiknya masih lambat lawan musuh online, seolah2 tuh mushb jago banget, bisa ngerebut terus , shootingan masuk, saya shooting tiang teruz seolah2 udh diatur intinya e football grafiknya belum bisa cepet, SANGAT LAMBAT",1
permainan gak seimbang kalau sudah menang bbrpa kali langsung di lasih ketemu lawan yg gk wajar aku 2800 point di lasih ketemu lawan 3300 point mana bisa di lawan game pembodohan,1
"Game ini bagus banget, klo gk ad dark sistemnya. Saya ketika main selalu saja ad hal yg tidak masuk akal. Contoh; ketika main di fitur kami sinyal penuh sedangkan sinyal lawan hanya terisi 1-3, namun yg kami rasakan kebalikannya alias sinyal kami yg terasa 1-3 dan lawan penuh. Out sendiri. Dan masih banyak lg jenis dark sistem yg sangat menjadikan pengalaman bermain anda sangat tidak nyaman. Tolong perbaiki jaringan dan sistem kerja AI-nya! Klo gak mau mending berhentiin game ini sekarang juga!",1
"perbaikin game nya cog, makin berat aja control pemainnya",1
game gk ceta baru aja maen tiba tiba akunnya ilang,1
tolonglah tingkatkan jaringan game nya sama hilang kan Smart assis,1
lumayan enak,4
tolong pelis tambahi bri liga satu yah biar ga geboseni cuman ada 1 tim indonesia pelis di baca .....,5
"Game sampah tol*l, game paling ga logis",1
umpan delay terus sama kalo shot kena tiang melulu emang ga kita menang aja ini game,1
gamenya tidak bisa di download padahal sudah di riset dan memori masih sisa banyak lebih dari cukup tetep ngga bisa di download,1
ayo lah Konami tolong sinyal nya it Lo di hp ku padahal full kenapa kok di efootball nya ngeleg tolong lah di perbaiki jangan update pemain terus la sistem nya juga di perbaiki biar enak di buat maen,1
ini game kenapa dah analog nya ga bener udah di arahin ke pemain tim malah ga ke pemain nya. smart asist padahal udah di matiin,1
bagusssssss,5
"woy bug buruan dibenerin pe'a tiba"" crush log out saat match alasan karena kesalahan jaringan.. klo gak dibenerin dlm wktu seminggu dijamin 50% player uninstall nih apk",1
bagus coy,5
tolong y konami minimal paket pemain tuh murah murah lah udh mah lisensinya kureng lagi coba lengkap kaya ea sport main lebih enak lg,3
"game rusak karena sering update,kaloo main menang terus tiba-tiba kontrolnya gajelas. lama lama rusak game ini",1
"masih suka ngelag, dilay padahal jaringan bagus. belum lagi masalah kena skrip. masih banyak sisi menyebalkan dari game ini.",3
"game tolol yg ngelag musuh kok kita ikut patah""",1
Lumayan sih tapi tolong untuk bajunya dan timnya dilengkapin lah.,5
"player gratisan dengan hp kentang ga layak kah dapat menikmati gameplay yang bagus? ntah jaringan yang ngelag banget atau hp yang udah terlalu ketinggalan zaman atau memang servernya yang down(terus)? in-game delay padahal ikon antena nunjukin jaringan full, ngoper delay padahal pemain punya skill one touch pass, in-game delay parah, delay, delay, dan delay",1
game burik,3
jujur ini tidak adil bagi Ronaldo mengapa hanya MESI MESI dan MESI saja di gambar nya jangan berat sebelah lah tolong keadilan nya (buat apa di buat game ini kalo nya untuk muka MESSI apa apaan ini jujur saya tidak respect dengan game ini ),1
rubah bantuan cerdas hanya untuk belajar player pemula bukan untuk push divisi,2
susah mendapatkan pemain,1
"Hello Konami, the eFootball game is very good, but there are still bugs or loopholes, not in the game system, but in the network system. For players with a good signal (green bar) when facing players with a bad signal, the player with the good signal will experience in-game delay, causing difficulties or losses in the match. Please fix this network issue, thank you.""",3
sistem makin jelel,1
gamenya yang bagus,5
game bola kok pay to win game tolol,1
mode vs AI seru banget gameplaynya meskipun kalah menang tapi bgtu mode PVP pemain nya auto kaya orang mabuk lagi nggiring batu,2
"aku kasih bintang 4 jujur aku udah suka sama ini game tapi setelah update terakhir ini server sering error udah 5 kali tanding push divisi sinyal jaringan aman pas udah menang tiba"" keluar langsung server error jadi males main karena pengen push divisi tp selalu error servernya, dan 5 kali itu udah di in game semua dan posisi menang, tolong perbaiki server dong!",4
woi konamek perbaiki sinyalnya Napa blok,1
bagus grafik nya,5
game nya bagus banget dan sekarang pemain nya bagus bagus,5
tambah buruk aplikasinya,3
game ajg kebanyakan iklan,1
game berat jaringan,1
buruk bnget cuh,1
game crash at online match,1
"gua mau jual akun karena lagi butuh duit, tapi gajadi kejual gara gara akun gua tertaut di google play, jadi tolonglah dibenerin supaya bisa unbind dari google playy.. pleaseeee i have no money anymore",1
dari awal game ini bagus tp setelah upgreat 2026 kenapa jadi gk jelas permainanya mohon segera d perbaiki agar nyaman di saat main game ini saya hampir swtiap saat main game ini tp setelah gk jelas jd males main terima kasih,1
permainan nya bagus tidak ngelag,5
"gamee apaan ini sinyal gk jelas ,konami tolong perbaikii cuy",1
"knp skrng jadi banyak iklan ya, sudah kick of aja langsung muncul iklan, setiap bola out iklan",2
bagus banget gamenya realistis sampe bisa ada yang berantem cuman sekalinya update bisa berpengaruh banget buat hp lain kali kalo update jangan besar besar ya 😄,4
mahon maaf aplikasinya bagus tapi apdetnya mb saya terlalu besar sampai hapus game kesayangan saya,5
susah mendapatkan pemain bagus,2
game ini enak dan sangat nyata .,5
"gak bisa login, karena harus daftar id Konami dan ribet untuk di urus",3
geme nya suka ngelek ngelek apa lagi pas main bola nya ngelek,4
"saat sudah menang di liga, laga telah berakhir tiba-tiba keluar sendiri, dan kalah. saat itu posisi menang, sudah lebih dari 10 kali main seperti ini",1
GAME NDLOGOK!,1
sangat cocok,4
Game efootball game paling realistis tapi lisensi nya kurang sekali ga ada real madrid dan klub besar lainnya semoga diperbaiki selanjutnya,1
iklannya buang... aduh ngurak aplikasi,1
"geme ajg,terjadi kesalahan jaringan mulu kalok pakek wifi,padahal jaringan aman aja, 6 geme kesalahan jaringan mulu babi",5
woy jaringan nya benerin jaringan gue bagus jaringan konami kayak ktl bangett makanya gua kasih bintang satu,1
asu lag bangett,1
bagus op banget ni game,4
"apa ini konami hari hari ini sering ngelag nggak asik bikin emosi, saya mau pindah gem aja gem ini buat saya naaik darah doang",1
SMART ASIST MERUSAK GAME,1
"game ini anj, delay, scrip.",2
grafik nya jd banget,1
game rusak lagi main PVP online tiba2 diam dan gak bisa bergerak dari awal maen GK knp pas udh menang gamenya rusak banyak scrip maen sinyal kenceng tapinya ngelag trus kan,1
"Konami perbaiki lah server lu, main PVP online lemot Mulu, serba-serbi delay. terus vs ai liga busett fixing nya jelas bngt buat nguntungin bot Konami drpd player. Busuk banget gk suka dengan sistem seperti ini.",2
bagusss dan sangat menarik,5
"tolong untuk pihak konami, fitur bantuan cerdas bisa dihilangkan saja sih, player yang memakai fitur bantuan cerdas disebut skill issue..... karena cuma modal tap tap doang kontrol umpan dan menendang sudah otomatis bagus, tolonglah konami kembalikan efootball seperti di tahun 2022 , HAPUS FITUR BANTUAN CERDAS aasssuuuu",5
🤩🤩,5
game lumayan bagus cuman Susa cari pemain yg bagus,3
di beberapa perangkat tidak kontiftable,1
jaringan buruk,1
"mohon maaf game ini bagus tapi mohon hilangkan fitur semart asis kalo ngga hilang ya di kurangin,,masalah nya nyebelin banget lagi main divisi ad orang pake fitur itu (semart asis).mohon bantuannya",5
Shard is Back!?,1
"GAME LEMAHHHH, BANYAK SCRIPT GAK WAJAR WKWKKWK",1
"game cacat, server ga pernah di benerin, bentar² logout akun gua gara² lag jaringan ,padahal ping gua 7 ms",1
jahat banget konami buat login ke akun sendiri aja dipersulit password udah ganti ganti dan udah bener tetep ga bisa juga gila gila,1
Scripted,1
tolong bantu saya kenapa saya tidak bisa login akun efotbal pembaruan sedang berlangsung,2
"main pvp ga adil,tanda mau kalah pergerakan ngelag padahal sinyal full",1
"GAME SKRIP BURIKK!!!, GAK LOGIS, BOLA KAYA PINGPONG MANTUL², GK BISA KONTROL BOLA, NYUNDUL AUTO AIM, PAKE ADA BANTUAN AI SEGALA, LAPANGAN LICIN BANGET, GAK BISA NGOPER, OFFSIDENYA GAK NYALAA, SUMPAH GAME SAMPAAHH!!!,MESSI MENANG SUNDUL LAWAN VAN DJIK!?!, KOCAK,",1
"game gjls anjir rumah dekat tower Telkomsel masa iya main online pus divisi PvP ngumpan nya lambat bgt kalo begitu ya keburu direbut musuh bolanya, 2 jaringan gua bagus 5G bos kenapa patah patah anjir gamenya gila segala delay buat umpan tiba tiba keluar sendiri gilaa",1
"Game paling bagus di dunia FC MOBILE aja kalah, tolong pemain nya di bagusin",5
game ini sangat berat untuk saya turunin beratnya,5
"game ini semakin tinggi poin semakin di sengaja di beratkan game nya,seperti sinyal jelek, padahal sinyal penuh sampai selesai main,operan lambat, padahal posisi sudah pas, saat memutar badan sangat lambat,akun yang isinya pemain gratisan di kasih speed kencang, anti bodi,bukan seimbang lagi, malah pemain gratisan dengan nilai rendah yang lebih cepat lari nya di banding pemain Gacha yang nilai poin nya tinggi,kurang jernih pikiran saat mau update game nya, keluhan pemain di abaikan",1
"game dongo, perbaiki noh sinyal lu. ngebug mulu",1
selamat tingal efootbal 2027 aku famit godbay terima kasih engkau telah menamni ku aku akan pergi karena hp aku gabkaln cukup terima kasih kaw memang gem terbaik konmai terbaik memng aku tida mebenci mu sama sekali,5
Are you Serious Konami? players with rating 107????,2
"game nggk jelas ,tolong lah analognya tuh dibenerin yang kayak di mobile legend biar ngarahinya enak,harusnya pasing kanan malah jadi kedepan, bikin emosi banget sumpahhhhhhhhhh",3
game nya bagus sih tapi tolong di tingkatkan dikit pas umpan terobosan agar lebih mànja dan tidak gampang direbut lawan,4
aku dah menang tiba tiba keluar baru kalah,1
"script is real, suuuu",5
"Game ini tidak direkomendasikan menurut saya. Saya ingin sampaikan saja bahwasannya jika KALIAN bermain divisi maka otomatis kalian akan terkena Script Game. Bagi saya hal tersebut merugikan sekali, seperti contohnya ketika bermain Divisi tiba tiba Jaringan Leg, Kontrol Bola terkadang terlepas saat oper, umpan yang sembarangan padahal sudah on point dan juga merasakan efek berat ketika sedang membangun serangan. Ini bukan tantangan, tapi memang Algoritma kita sudah kalah diatur oleh sistem. 0/10",1
"Masukan saja.. cari lawan yg pemain² nya berbeda dong, jngan cari lawan yg pemainnya sama dr dua kesebelasan.. Algoritma search team lawan nya disesuaikan gitu.. trimakasih👍👍🙏🙏",4
"server ee busuk, pergerakan abot passing pending ra jelas",1
saya suka gamain game ini. versi sekarang ada iklan di game. tapi sayangnya hadiah pemainnya gk bermutu. masak selesai nonton iklan dapatnya pemain bintang 1. buat apa? dijual juga gk ada harganya! jadi malas nonton iklan.,5
saat mainn laga online sering ngelag parah,3
TOLONG DI KASIH FITUR AGAR BISA LIAT TEMEN SEDANG MAIN VS TEMEN. JADI BISA LEBIH SERUU LAGI,5
punya saya harus pake persetujuan orang tua wali manurutku susah ribet masuk game nya saya juga ga masuk masuk,5
"gameplay kaku mending bakrut aja, fokus bikin gim pc aja",1
"game aneh, setiap kali menang lawan player pvp pasti gamenya putus2 sampai musuh bisa nyetak gol balasan, bukan karena signal tapi memang setiap kali menang selisih gol jadi putus2., kalau musuh komputer lancar jaya, emang game sampahh...",2
"sinyal sering hilang,padahal dah pakek telkomsel",1
"sebenarnya bagus, tetapi tolong di pisahkan player yang menggunakan bantuan ai(smart asist) dengan player yang tidak menggunakan bantuan ai(smart asist), karena ada beberapa orang yang cuma mau havefun, tetapi ketemu dengan player smart asist jadinya try hard, tolong ya Konami, dipisahkan atau di hilang kan fiturnya🥰🥰",1
Gacha Pemain Sulit,1
bagus tapi susah banget kontrol nya umpan ke tim susah aku suruh kemana malah kelain jadi di ambil lawan tolong di benarin dan jaringannya susah kali jadi lambat umpan nya padahal dah bagus loh jaringannya masih aja lambat tolong yaaaaaaaaa di bagussin lagi😊😊😊😊😊,4
"ngasih lawan divisi tuh yg sebanding ajg, punya gw masih di rendah dikasih lawan tinggi tinggi bangke emg",1
script parah...seperti sudah di setting siapa yang menang dan kalah...,1
"game bola mobile terbaik, jgn pelit pelit rate up gachanya Konami 😁😁😁",5
Gem nya cukup bangus tapi tolong perbaiki ko ga ada hen bol nya,3
"GAME RUSAK!!! BOTNYA TIDAK MASUK AKAL, MATCH VS BOT TIDAK LOGIS DAN TIDAK MASUK AKAL!!!!",1
"perbaiki gamenya,nerf aim asists",1
"HANCUR GAMEPLAYNYA.... LOLA.. ALASAN SINYAL JELEK, PAS MAIN PANJI MALAH LANCAR AJA",1
apalah spin ga hoki hoki,1
jaringan nge-leg,1
jaringan lelet,1
game nya berat dan tolong berikan filter pertemuan antara player SMART ASSIST dan TIDAK MENGGUNAKAN SMART ASSIST,5
"Si gia Ramos, gratis",5
tolong perbaiki koneksinya,1
"Main divisi 2 aja susah banget anj di kasih ls, ketemu lawan ga seimbang mulu b2",4
"ngelag parah, delay Terus sampai ga Bisa menang lagi semenjak ada iklan",1
seru dan bisa mabar walaupun ngelek tapi seruu,5
jaringannya tolong di perbaiki dan kecepatan permainannya terlalu lambat,2
"you can make a game, if the player moves forward, the back will go forward, fools who make games like this don't have to make useless games. what's the matter like that, beck, come forward if you don't intend to make a game, there's no need to make a game",1
game sampah! masa kenak tekel gak pelanggaran emang mending main EA SPORTS aja eh game bangsa#@,1
"game. taaiii,, sinyal bagus, full jaringan, abis maen tiba² "" Kamu kalah karna jaringan "" game tololll",1
game ini sebaiknya jangan di download karena sering lag dan merugikan kita,1
"game tahik , push divisi sudah menang pertandingan selesai tbtb lag tapi dihitung kalah , tahik lah",1
waktu tambahan curang kalau lawan AI divisi,1
apalah tendangan Ama umpan nya delay banget padahal jaringan lagi bagus dan udah login ulang tapi tetap sama aja.,1
bagus si tapi download nya lama banget,5
harus jaringan kaya gmna kah bagusnya masa dalm permaianan lancar giliran selesaikan permaianan kalah bangke lah,2
game tolol dev yah gak mau mengakui script,1
kalo masih ngelag mau beralih ke FC mobile aja kayakny,1
tolong laa Konami server di perbaiki. sinyal penuh. wifi penuh . hp sepek bagus. tapi bag . server putus saat bertanding. dari dulu ini Mulu masalahnya.,1
bagus banget wajib di coba,5
"dapet pemain sampah terus, di belabelain beli koin yg 900 , dapet pemain sampah",1
saya suka game ini dari lama udah main tapi tolong bgt akhir akhir ini servernya suka eror terus mau main kekluar sendiri alasan masalah server trus padahal jaringan aman aman aja sayang bgt di poin kalo lagi push divisi tolong di perbaiki lagi🙏🙏,4
game ini sangat bagus menurut saya karena saya setiap hari mendapatkan pemain yang bagus,5
"game bagus, tapi server jaringan busuk",3
tolong lah server ga sesuai sama ukuran game nya server bapuk dari dulu gini mulu sampai 3 kali saya turun divisi karna hal itu benar benar game perusak mental,1
banyak player (akun) yang bermain curang. padahal ketika main lancar dan menang 4:0 pas pertandingan selesai tiba tiba ngelag dan kalah. bukan cuman 1 kali tapi berulang kali.,1
"Kepada Konami sinyal nya tolong diperbaiki, jikalau memang sulit masalah sinyal tambahkan fitur wifi + data agar sinyal dapat lebih maksimal digunakan dan pengguna nyaman",3
"online match lebih di perbaiki lagi, yaitu masalah deley, lambat respons, selebihnya sudah ok.",4
tolongg jaringan di perbaiki lagi minnnn,1
Bagus sekali,5
"gem kikir,gacha rate gak ngotak,masih bagusan pes yg dulu drpd efootball sekarang.",4
burik banget geme konyol,1
"game nya sangat bagus dan luar biasa sih tapi sayang nya buat hp kentang gak bisa mainin terbatas sama ukuran giga nya, saran aja sih supaya ada yg mode lite nya biar bisa main juga",2
sangat bagus game nya tpi sering ngadad,5
Bagu s,5
"Game nya sangat bagus dan realistis, dan animasi nya juga sangat bagus, semoga aja kedepannya bisa ada yg namanya career mode. itu pasti bakalan seru, apa lagi bisa menjadi seorang pemain😅",5
"game dan grafik nya bagus tapi kalo bisa tambahin fitur transfer pemain supaya kalo misalnya mau kasih pemain ke player lain itu mudah,tapi game nya tetap bagus kok",5
ntap,5
jaringan baikin dupake di lain bagus begitu main inj game kok ngelag sekali,1
"awal nya suka dengan game ini lama kelamaan ini sepak bola jaman jadul njir pemain tua semua yang di masukin .. saran reset saja lah pemain"" dan yang realistis saja sepak bola era dulu sudah berlalu tetapi sampai sekarang pemain tua yang di spesial kan kurang masuk akal 😄",1
bang update pelatih gratis,5
game aneh sinyal bagus main mavet macet,1
"Kenapa sering banget waktu mengumpan, pemain kita langsung sembunyi di belakang lawan umpan sering ngasal, udah posisi enak bgt buat terobos, eh umpan terobosnya kelewat",2
"game apaan si ini, itu benerin dulu sitem offside nya masa jelas"" pemain musuh ada di belakang pemain gua ga offside giliran pemain gua aja yg gitu lngsung offside gajelas emang ini game",1
"game lucu, saat main di liga online, pada saat maen sama yg rating lebih tinggi, kendala nya pasti sm sinyal buruk, padahal sinyal di hp kita pull, trus kursor ngedadak freezz, pemaen gak bisa gerak, lucu, kayak nya berharap kita akan topup buat beli ini itu, jangan harap nya min, bisa bohongin kita..😁😁😁😁",1
"parah masa main divisi /PVP udah menang koneksi sering hilang yang pling ngesilin pas, laga udah selesai,auto muncul kamu mengalami kekalahan, padahal sinyal kenceng",2
game hebat,1
baru nyoba,4
"Tolong di perbaiki servernya, Hapus Fitur Smart Asist di laga PvP dan Laga Teman Buat jaringan Ngeleg",2
ini gem makin ksini makin ribet,3
update pemain lgi,5
Game ini banyak cheaternya !!! jangan download!!! nanti kecewa!! yang sudah download uninstal aja!!! laporan gak pernah digubris!! gak ada peningkatan👎👎👎👎,1
"cape2 main udah menang tiba2 jaringan buruk,padahal jaringan ga ada masalah sama sekali percuma tiap minggu update !!!!",1
juara,5
keren tapi kenapa pas aku ngeoper gak sesuai sama yang ku pikirin ini bikin jadi kejebolan pls lah benerin ya tolong nanti aku kasih bintang lima klo di benerin yaa👍,4
saya minta tolong liga Champions di adakan ya min,5
"untuk Konami,server tolong di perbaiki lemot parah asli",1
bagus tapi tidak ramah untuk hp kentang,4
kapan ada van persie?,5
"kebanyakan orang menggunakan fitur smart assist, jadi ga ada perkembangan pemain",3
kocak wasit lu benerin orang lagi nyerang dipeluitin mulu,3
geme ini bagus sekali walaupun download nya lama,5
Klo di update yang bener bikin emosi aja.. tiba tiba kluar muter muter laga yang tadi menang jadi kalah,1
game nya asik dan seru,5
hilangkan fitur smart asist di setiap laga PVP udah itu aja saran gua,2
kalo belum jelas sistem gausah di liris game nya bikin orang emosi wasit nya ya Allah banget dikit2 kartu kuning padahal ga layak dapet kartu BACA ULASAN NYA DONG,1
game delay game pay to win jaringan buruk,1
game kebanyakan iklam,1
why i can't refund?,5
"Secara grafik dan gaya bermain bagus , fitur lengkap semua pemain terbaik,tapi masalah nya kalo aku main divisi pvp suka delay dan lag tiba-tiba,jadi suka kalah main Ama musuh gara gara delay dan lag ,mohon diperbaiki lagi ,supaya makin semangat ngepush divisi nya!..",2
fitur bagus sangat mudah untuk di mainkan,5
delay trs,1
bagus banget ni game,5
penak,5
"mohon maaf sebelumnya, sebenarnya game sangat super duper bagus, hanya saja ada 3 hal yg kurang bagi saya. berikut ulasannya : 1. sinyal di efootball harus di tingkat kan lagi agar tdk mengalami gangguan saat bermain 2. permainan di liga saya seharusnya bisa menjadi lebih menarik jika adanya liga champions ( ucl) didalamnya 3.di liga teman, bagian autentik seharusnya setelan waktu bisa di atur oleh pemain agar lebih lama ketika bermain, jika hanya di batasi 6 menit terlalu sedikit",2
"untuk statistik kiper coba dong diganti jadi cleansheet sama save, masa kiper statistiknya goal & assist, sulit dicapai",5
"kenapa sekarang saya tidak bisa masuk, setelah pembaruan",1
aplikasi ini sangat menghibur,5
"Delay delay, lawan divisi ga sepadan, mending uninstall aja njrr bikin stress",1
gak bisa masuk untuk anak di bawah umur,1
disini aku enggak bisa ngegocek game nya jelek banget uuuuuuuu dasar game ampas,1
tidak bisa login padahal jaringan full dan paketan ada,1
Untuk grafis ny tolong di ubah menjadi ultra hd trs ukuran download di perkecil kasian yg ram nya kecil sekian makasih,5
"kecewa bngt sama update kali ini, hp ram 8 internal sisa banyak kok bisa patah"" sinyal juga bagus padahal, tolong diperbaiki konami",1
setelah pembaharuan kok sekarang mau masuk kok susah ya..aq sdh main hampir 2 th.. tolong adm kasih tau cara masuk yg mudah ya,3
game yang sangat baik,3
game kikir.. sampah,1
bagus mb na badag,5
oke itu,5
saya sangat suka game ini karena setiap hari ada aja ifen yang sangat bagus,5
benerin lagi bug nya masa main divisi menang tiba2 kalah alesannya jaringan / koneksi gak stabil,1
please give me epic and big time!,5
bagus sekarang,5
"kalah bukan karena skor,tapi karena koneksi selalu bermasalah ketika menang, dan saat akhir laga malah kalah karena koneksi padahal pas main lancar terus, harus nya kalo skor nya menang ya menang, jngn krna koneksi lemas pas kembali ke loby malah d amggap kalah, padahal pertandingan sudah selesai, tinggal kembali k loby, malah d anggap kalah, sangat tidak fair",2
mohon maaf game ini sudah bagus tetapi ketika pvp berat sekali tolong diperbaiki ini penyakit efotball,3
"apa apaan, menang pertandingan setelah match selesai kalah.game sampah.",1
Konami ga pernah dengerin ocehan pemainnya tentang jaringan kek taik yang menghambat permainan ayo dongg benerin ga duit aja yang di ambil,1
game nya bagus tapi tolong jangan terlalu berat game hampir nge heng hape gw tolong di baca oleh developernya,5
"game t4i penuh script asw,pemain kerasa berat banget,jaringan tiba tiba nge lag padhal jaringan wifi full, game gk jelassss",1
sistem gacha tolong di perbaiki gua cuma player gratis nggak pernah dapat pemain bagus,5
GAME BOBROK .. PERCUMAH SERING PEMBARUAN GK AD HASIL.GAME ONLINE TERBURUK,1
Game script,2
game nya bagus tapi agak dikurangin lah penyimpanan jangan sering sering update kasian yang hapenya ngga support di mohon berubah kan konami🙏🏼🙏🏼🙏🏼kasian yang hape nya ga support contoh pas main pvp kadang jaringan ga stabil dimohon dikurangin penyimpanan nya kasian yang hape nya ngga support,4
sangat seru،😎,4
I want to log in with my old account but it always fails even though I have entered the password and ID correctly but still please fix it immediately because it makes things difficult for the users.,1
"Apaan game makin rusak setalah MT udh MT ny lama udh tu 3 kali MT dadakan msh be server padat terus dri tdi gk bisa masuk, kbnyakan update tpi gk bgus2 kocak2, game pelit rusak, apa sih ni game abs update selalu be ado yg kacau, delay lah pemain jdi bengak pencet kpn nendang kapan, respon makin ssh. Percuma game bagus tpi delay, rusak2 kalo down terus server nya mending gk usah kasih fitur iklan deh, apaan masak server penuh terus, rusak²",2
banyak banget delaynya katanya update kok tambah hancur. dan masi bnyak itu yg pake cheat perusak jaringan tiba tiba rusak jaringannya padahal awalnya bagus,1
banyak skrip di game ini!!!,1
udah pakai iklan...semakin kesini semakin jelek... pakai iklan.... saran aja ya kedepan nya diperbanyak ikkan nya ya...mantap,1
"masih aja kendala dijaringan,mohon diperbaiki dong,dari dulu kayanya kendala jaringan belum diatasi.",1
smart assist babi.,1
bagus di bandingin game kikir,5
di hp jarngn ful tpi maen kaya jaringn jelek patah patah emng taii game ini,1
"game tolol , banyak pemain yang memanipulasi permainan dalam mode PVP",1
server busuk,2
"klo musuh yang ngelek sinyalnya saya juga ngeleg gimana ini biken kesel main aja, bobrok banget sistem nya",2
game aneh server lag Mulu setiap main tim musuh nya div 1 peringkat 100 San gua baru div 3 padahal bisa bisanya nya ketemu yg div 1 terus aneh,1
"Please improve the signal stability, I play with a good signal, but it's still slow, this game has been around for a long time but with every update there is no change in the signal",1
"game murahan. jaringan bagus hp ram tinggi tapi nge leg leg leg leg trus, tiba tiba lawan depan gawang, tiba tiba pemain gak bisa di kontrol,gol gak masuk akal, lawan gak seimbang, tiap Minggu di perbaiki tapi tetep sama gamenya",1
sangat bagus tapi tidak bisa menandingi fc mobile,4
ᴋᴀᴘᴀɴ ɴɪʜ ᴜᴘᴅᴀᴛᴇ ᴛᴏʟᴏɴɢ ᴅᴏɴɢ update ɪᴋᴇʀ ᴄᴀsɪʟʟᴀs lagi yg baru🙏🙏🙏🙏,2
Game aneh punya Kiper ngeliatin doang,1
game ini cukup rekomend dan fungsi karna kita dapat byone,4
jaringan sangat buruk,3
server sering ngedown sering ngedelay udah unggul skor malah kalah alasan jaringan buruk plis Konami udah muak gua bikin emosi mulu,1
game gak jelas udah ku pasing yg kepemaen malah Kepasing deket musuh,1
saya sangat suka,5
game nya bagus enak mainnya,5
game ini bagus saya banyak golnya pokoknya bagus sekali,5
kenapa ya kok aku baru mau login efotball langsung keluar sendiri ?,3
sinyal bagus main sama temen lancar pas main liga e footbal malah lag parah penyakit aplikasi kancing,1
TOLONG LAH PERBAIKI SERVERNYA JARINGAN BAGUS TAPI GERAKAN PEMAINNYA KURANG STABILL!,1
worst football game,1
game bola idiot..kadang berat kadang enteng..,1
sinyal nya pls lah,1
"sebelum update device gua kuat main di high, tapi setelah update main di standar aja udah frame parah",3
hanya 1 tolong tambahkan fitur master league terimakasih,5
sangatt baguss,5
siiiuuuuuu,5
game gak masuk akal saya divisi 3 malah ketemu player mantan divisi 1,1
gila tim 3100 sekian susah payah sampe div 2 ketemunya 3200 terus. game sialan,1
"beberapa kali menang, pas pertandingan sudah selesai tiba-tiba jaringan muter terus, jadinya kalah. tolong diperbaiki buknya",1
aku entek 2500 nyepin sg lumut ga oleh oleh kurang 1 watu tok pilih kasih epep,1
"script nya haram, bikin player males main",1
"tau2 di hp GK bisa login, pas coba di hp temen koin yg beli sampai 200rb an hilang sumpah ini game GK ngotak",1
"Mantap gamenya,,,kalau gacha jangan pelit kasi epic😁",5
sinyal dah bagus ram hp juga gede tapi main masi patah2,5
"sangat buruk : 1. server. 2. smart assist. Sekarang push divisi diisi user² smart assist, fitur yg sangat buruk, skilmu bagus percuma , karna jika ketemu user smart assist. *Smart assist = merusak gameplay.",1
"game tol00000l gak maksud akal pato kecepatan dan akselerasi 100 bisa kalah lari ma rijkard bansos, pdhal jarak dah jauh bisa dikejar bener2 konami script taii",1
"Tolonglh batuan cerdas di hilangin ngaruh banget di gamplay, masa iya pemain biasa kaya punya skil khusus, kecewa bngt sma konami",1
"game nya jelek banyak bug nya, untuk smart assist tolong hilangkan ganggu pada saat main di pvp game no recomended",1
gc enak banyak selay mending e footbal 2021,1
"Anda seharusnya menambahkan Liga Champions di liga AI dan cup liga nya, agar menambah rasa permainan yang menarik, dan bisakah kita membuat turnamen sendiri?, seperti cup dalam pes konsol, karna ini sungguh membosankan",1
gamenya asik tapi sayang pelanggaran nya gak ada tolong d perbaikin lagi,5
"game ini sekarang tambah parah tidak jelas, sinyal penuh tiba2 ngeleg, parah banyak pemain yg chet",1
"👍👍I really like the current update where players can play Exhibition mode offline with fully officially licensed teams, and what I like most is that it now supports the use of Ps4-Xbox Joystick controllers. Hopefully in the future a split screen multiplayer (co-op offline)feature can be added like the console version so you can play together with just one mobile device. Please add the split screen multiplayer feature from Konami🙏",4
untuk saat ini bintangnya 3 dulu. nnti kasih 5 bintang kl musim hujannya di hilangkan dari liga..,3
Kerasa banget kalo Pay 2 Win 😌,1
bagus cuman kalau bisa tambah kan liga Champions,5
baguss banget dan seruu,5
apakah ada liga 1 Indonesia,5
"berbaiki jaringan anda, dengan data ataupun wifi",1
"game rusak,lawan AI di devisi perbaiki tolol,selayaknya manusia aja permainannya.",2
"game ini adalah sampah, gw beli pemain awal nya bagus atribut nya beberapa Minggu kemudian attirbut pemain gw di kurangin. bukan hanya satu pemain tapi semua pemain. jadi nya pemain gw jadi jelek. belum lagi game yg suka ngelag dan pemain belakang yg suka diem tiba tiba pas waktu di serang. emang ini game paling sampah. ga worth itu di install",1
game gk jelas kalo by one sama temen patah patah game rusak,1
hapus smart assist di pvp hapussssss smart assist di PVP,1
"game yg selalu buat player emosi,karena setiap naik divisi terutama divisi 2,pemain jadi tidak setabil,terasa berat dan tidak pada posisinya,,,",1
makin kesini makin parah lag nya.. kalo gini terus makin berkurang yg main nya!!!,1
"klu g becus perbaiki bug saat main PvP tutup aja aplikasinya, bos.. atau g usah ada main PvP. Buat g nyaman banget saat main.",1
"game bikin kesel ngejar devisi setiap main jaringan selalu lemot pakai kuota all jaringan juga lemot , pakai wifi juga lemot sebenernya ini game sudah setingan kalo akun lama pasti selalu di bikin kalah, giliran signal bagus setiap di kotak gawang musuh selalu blunder kiper gada aja selalu kena tiang game bener2 ujin kesabaran",1
"sistem match making di divisi tidak fair,mantan divisi 1 bisa ketemu mantan divisi 2 itu kan tidak masuk akal,perbaiki ini!!!",1
sudah lumayan,4
klo maen sering sinyal hilang jadi maen,1
bag lag nya tolong parh baget ini susah up divi,1
"sinyal saya lancar jaya buat Lain-lain, bahkan sebelum update main PvP lancar banget. anehnya setelah update malah sangat ga stabil",1
online PvP lemoooooooottt.... beraaat.... signal ping bagus pke wifi jaringan stabil.... parah lemot dan berat gerakan delay,1
kebanyakan yg make scrip buat naik divisi,1
lagi deffend ama atack ko ngeleg kaya sengaja amat jaringn saya full tapi maen efootball doang ngeleg,3
sistem gacha dan sinyal mohon di kondisikan min..... wkwkwkw,5
saya top up di apknya labgsung ga masuk koinnya gmana ini tolong penjelasannya,3
"pemain sangat"" tidak memuwaskan pada pertandingan karena sudah di pencet tombol nya tapi masih tidak merespon pemainya",1
"menang setengah mati,Mala ngeleg trs tiba tiba kalah anj mau menang itu susah setengah mati anj",1
game nya sangat bagus cuma saran pencahayaan di lapangan nya supaya lebih cerah sama tambahin event,4
"Ayolah, padahal saya gak ada kendala jaringan sama sekali kok saya kalah, padahal musuh yang keluar dari jaringan krn kalah kok malah saya yang kena imbasnya, ayolah Developer, udah 2x berturut-turut saya kena begini, padahal jaringanku normal dari awal sampai selesai🥲 pas udah mau selesai, tiba tiba jaringan hilang padahal gak ada masalah jaringan sama sekali🥲",3
server jelek,1
tolong akun saya ilang,5
"payahhhh, padahal sinyalnya penuh dinyatakan kalah karna jaringan tidak stabil, payah asli jadi turun kesantunannya.",1
"gamee anjg , ngga pantas di mainin sama orng tempramen",1
udah bagus gamenya cuma kenapa setiap saya main itu pemain saya bermain laga pvp itu lebih berat ketimbang melawan ai,5
enak cuyyy,5
"Sering koneksi terputus saat kondisi menang,stats pemain terlalu meningkat setiap pekannya sehingga player harus mengeluarkan uang untuk bisa mengimbangi pemain musuh,terkadang umpan selalu tidak mengarah ke tempat yang mau dituju.",1
"bagus min,kalo bisa tambahin mode ucl,btw fc mobile jelek",5
"mohon min,untuk ubah layar judul nya jadi tidak terbatas.agar yang punya 2 akun bisa di ganti"",jadi nggk perlu nunggu lagi bulan depan untuk login.mohon yaa untuk di atur agar jadi tidak terbatas layar judulnya untuk kami seorang player efootball sejati agar merasa nyaman jika mengganti akun",4
permainannya emang seru,5
"Nyerah gua, akhirnya gua uninstall ini game. Game sampah ngelag terus.",1
udah di update...tetep j eror..game sering ngeleg game paling buruk.game paling buruk..setiap maen eror ngeleg terus game lain mah lancar 2 ja kalah Ama game lain game rusak parah mengecewakan.. game kaya kaset macet..game tidak ada perubahan tambah hancur..setiap maen pasti eror ngeleg koneksi y.....jadi males maen,1
"aneh skrg masa di match PvP kita udh menang secara skor masa tiba"" pas mau balik ke lobbynya matchnya kita bisa kalah hitungannya mohon pihak Konami perbaiki masalah bug connection lah supaya permainan tetap seru dan setiap player tidak meras rugi kalo kejadiannya begini terus susah masuk divisi 1 kalo tiap menang pas balik ke lobby buffering kelamaan malah dianggap kalah!",1
"sgt bagus, laripemainnya cepet banget, jadi nya seru",5
server busuk wifi atau mau pake sim card juga busuk game bbi nguras duit buat top up dah jutaan server busuk,1
please add configuration resize button + specrator in freind match and fix the server!!!!!!??,1
Game tai,1
"analog lu benerin, kaga presisi ama jempol bgst",3
tolong jaringan nya makin update makin rusak ekspetasi si bakal ada peningkatan pas update eh malah makin parah tolong segera perbaiki kualitas jaringan sinyal penuh game lain lancar game ini malah loading duh sangat buruk,1
Perfect!,5
wasit buta,1
game nya keren gak ngeleh dan gak bikin bosen,5
"game judi,loh top up loh punya kuasa, banyak scriptnya juga, developer kikir,game gajelas kadang menang hanya sekali habis itu dikasih kalah terus, seperti layaknya judi menang hanya sesaat habis itu hilang.🤑🤮🤮🤢",1
game babbi,1
"game nipu, bikin emosi",1
oh iya tadi sya hapus karna kurang lengkap jadi saya cuman ngasih tau kalo game ini sebenarnya bagus tapi wifi kalian yang jelek dan kalian yang gak sabaran jadi wajar kalo nge lak nge lak jadi kalau nge lak sabar soalnya gak lama kayak gitu juga nggak lagi kok,5
"game makin kesini bukannya makin bagus, main online jaringan ga pernah bagus, card epic kalah sama bansos, buat apa keluarin banyak"" card epic+ skill"" aneh, tapi pas di ingame online berat ga terasa skill nya najis, kalah sama card basic dkk. developer dongo mau cuan player doang.",1
"game aneh 3 kali menang main di divisi, udah selesai tinggal kembali ke hal malah kalah kocak, jaringan stabil malah dihitung kalah, padahal udah selesai pertandingan tinggal ke menu lobby, tolong admin perbaiki bikin turun divisi 2",1
jngn pilih kasih blok,1
"main menang kok brakhir kalah gimana sihhh, konami tololll",1
Game kikir anj lagi main tiba tiba ngelag padahal hp sama sinyal aman,1
game no 1,5
game payah beli pemain habis 500rb dpt ampas kalah melulu padahal mau fokus ke game ini jadinya trauma mau main,1
messi menang sundul sama jap stam. game aneh,1
game bola yg paling seru sih dan gk kaku,4
"kena Konami script Mulu ,sampe kesel mainnya padahal pemain dilanggar ga kena kartu ,terus kiper ga disuru maju malah maju terus",1
lumayan,3
banyak ngelegnya sinyal bagus juga tttep aja ngeleg,1
"gajelas udh 2-0 tb tb kluar sendiri disuruh login, padahal wifi baik baik aja, alhasil gajadi naik divisi dua, kurang kurangin script konami, nyusahin",1
"tolonglah perbaiki server sama hapus tuh bantuan cerdas nya ,,,massa setiap Minggu update an trus server kga d bener² in ,,,,",1
cuuuuh,1
kerenn,5
"master league siklus kalender dan transfer pemmain, pemain classic, dan kit Jersey, dan emblem/logo tolong di perbarui.",5
sudah lebih baik dari sebelumnya dari segi event tapi tetap sangat buruk dan busuk dari segi gameplay masalah sudah bertahun-tahun tidak diperbaiki,2
"tolong benerin jaringan nya,kalau main kebiasaan ngeleg",1
game tolol jaringan lancar udah menang 2-0 tiba tiba jaringan ilang tolol,1
"Game nya sangat bagus, min coba buat liga mungkin lebih enak lagi game nya, semoga di baca",1
curang aku nya sleding dkit pelanggaran giliran AI nya g pelanggaran curang bgt,2
script tolol,1
berat banget kunyuk suka delay gak jelas nih game,1
"frame banget jelek, ngeleg parah game ampas",1
di fixxxxxxx Konami di sengaja gak kena bola padahal itu clear tekel seluncurnya haaahuuuuuuuuuuu,1
game nya bagus tapi soal event tolong agak dibanyakin,5
"I'm starting to get bored with this game. I've downloaded it 3 times.but, the changes are so-so, there is no feature to see player changes, there is no feature to lift the trophy,and what makes me more annoyed is the network which makes the game performance boring even though the FPS has dropped to the lowest.However, when participating in a tournament, the network is really bad, even down, even though the network is on fire and one more thing, when there is an update, when in the PVP efootball",1
"aku saranin kalian gak usah download game ini, game ini semakin lama semakin rusak, terutama sinyal di game lain bagus bagus aja, tapi klau di game ini sinyalnya mentok bar 3, jadi untuk developer! perbaikan sinyal secepatnya agar player bisa bermain dengan bebas dan tenang tanpa mempedulikan sinyal dan juga game ini banyak keanehan seperti pemain yang di match sebelumnya itu normal, ketika di match selanjutnya pemain ini menjadi berat jadi tolong perbaikan lagi untuk di update berikutnya 🙏",1
"sinyal bagus tapi tiba2 hilang,,maem pvp harusnya sudah menang tapi sinyal hilang akhirnya di hitung kalah",1
tolong perbaiki analog sinyal dan peralihan pemain nya karena setiap bermain pasti kursor nya tdk sesuai ekspetasi trs pergantian otomatis nya tolong sesuaikan dengan posisi pemain nya dong setiap saya main tiba² park ji sung masuk sebagai ss menggantikan atep padahal masih ada yildiz yang berposisi ss tpi knp kok malah park ji sung yang masuk tolong di benerin lgi game nya masih jauh dri ekspetasi,1
masih banyak kekurangan di game ini. lebih mementingkan jualan kartu daripada memperbaiki kualitas dan server.,1
P2W SAMPAAAAAH,1
game parah ini. lemot,1
p2w problematik set*n,1
najis ngelag banget,1
gak bisa backup data. padahal dulu sudah di tautkan ke konami ID sama Google play. masa iya ngulang dari awal,2
sangat seru dan cocok,5
game tolol beleguk sistem bocah menang beruntun lansung gaboleh sistem bocah,1
ko gabisa di donlod ya di hp inpinix,1
"game ajg,knt,ngt sinyal bagus masih aja lemot tiba tiba out",1
sinyal nya suka ilang ngk jelas padahal wifi nya baguss,2
bagus tapi akun saya selalu lena skript lambat ngumpan,4
tolanglah pemudahkan top up coin melalui e-wallet..sekalipun kita dinegara lain,3
This game is very fun and good but the size is very big for my potato phone I just hope that KONAMI will reduce the size,5
Kiper dengan overal tinggi lebih sering blunder sedangkan dengan overal rendah lebih unggul dalam permainan...,1
"ini game gak bisa di harepin kalok main divisi, masa atep bisa menang duel udara lawan rodri.",1
game anomali bnyak script,1
game taiii percuma tiap minggu update tidak ada perubahan,1
min kenapa akun efootball saya tiba2 ke log out padahal saya tidak melakukan apapun trus pas mau di login lagi leawt Google play kenapa tidak ada data mohon di perjelas padahal saya tidak melakukan cheat ataupun script apapun mohon di tindak lanjuti buat apa saya top up ko ujung2nya akun saya ilang gak jelas,3
sering ngelek Gag Jelas pa lagi fitur onlane gmn Nak Mainnya Klw Gini Sering Kalah Gagra2 Ngelek Semakin ke sini Malah Tambah Parang Gonta ganti Kartu Za Juga Gag Ngefek tetep Ngelek Truz Lama2 Banyak Yang Males Main Ni Game😡.,1
"apalah game ini kalo main online knpa ga kaya game"" lain bisa lancar , knapa harus hp bagus, seharusnya mendukung hp"" kentang, dan soal wasit habis upgrade knapa semakin rusak ga sportif",3
game terbaikkk di android,5
game bola terbaik sepanjang masa,5
pemainnya susah di kontrol,1
"JUJUR SEMAKIN KESINI MAKIN ANEH, , SCRIPT MAKIN BANYAK, SERING DELAY, PERGERAKAN LAMBAT MUSUH CEPAT PERGERAKANNYA,",1
server jaringan mu itu perbaiki,1
senang,5
game pelit kikir abis duit gw cuma buat dapetin pemain tolol,1
"game keren,seru,cocok dimainkan dimana saja, walaupun kadang lag tapi ini game termasuk game terbaik menurut gw.👍",5
game bguss,5
tolong dong efootball adain event Ronaldo 2007,5
Udah bagus minus akun saya sangat tidak hoki udh nabung lama+top up kagak pernah dapat card epic,5
"udah oke nih gameplay sekarang lebih respon, def juga agresif, tidak terlalu manual kaya kemaren, minusnya cuma ball control masih terlalu jauh arah gerakan bola nya, pertahankan.",4
sering logout sendiri,1
"Game yang mempunyai potensi yang sangat besar, namun sayang terkadang suatu match berjalan tidak seperti semestinya. Stat pemain seolah-olah berubah terutama saat bermain Ranked AI. AI yang susah bukan menjadi suatu masalah, tapi perubahan pengaturan permainan yang tidak konsisten jauh lebih mengecewakan. Mohon pertimbangan dari pihak Konami agar dinamika permainan bisa segera diperbaiki agar game bisa lebih dicintai.",3
"untuk yang terhormat team konami ,, fiturnya sekarang kok kaya begini ,, suruh menonton iklan tapi saat mau di buka belum bisa di akses ,, tolong solusinya ,, terimakasih",5
mainkn terus efootbal,5
tidak bisa login,1
"game rusak. pencarian lawan liga divisi ngga sesuai dengan kemampuan pemain. ga jelas game rusak. coba dong di bikin pencarian lawan yang masing masing sama dengan kualitas antar pemain misal peringkat angka depan 4 ya cari lawan dengan angka depan nya 4 lahh. ini malah di kasih lawan yang keras mulu ga jelas, apalagi kalo main malam ketemu lawan yang ngga sesuai dengan kemampuan kita.",1
"ini game makin kesini makin parah setiap habis pertandingan loading terus, makin jelek aja ni game",1
game apaan ini...!!!,2
"sampah rate gacha ampass, main udah tahunan beraniin top up besar dapat base player, jujur kecewa 👎",1
"Game nya semakin sini semakin buruk. setiap melakukan serangan game selalu berhenti begitu saja, padahal koneksi internet bagus. setiap nail level dan melawan TIM grade A pasti saja setiap melakukan serangan game selalu lag. jika memang user bisa edit match jaringan, ini tidak fair!!!!!!!!!!!!!!!",1
gem seruu,5
setalah ada iklan sering ngebug logout sendiri dari permainan.,3
harusnya ada liga champions nya ini biar lbih kompetitif di liga nya,5
pls bedakan matching Smart Assist player SA berpengaruh ke non SA. emang pepek Smart Assist tolong lah Matchmaking nya dibedain tolol banget ni KONAMTOD,1
sudah mengikuti game eafc(gada gunanya bek dan kiper). game busukkkk,1
"Tambah stadion lagi, buat lebih menarik lagi event event serta pemain pemain legenda, tolong coba buat mode permainan kan ada mode liga saya sekarang bisa tambahin kayak juara trus main di liga champions kayak di dunia nyata, buat juga animasi pergantian pemain, pelatih dlll, sudah itu saja mungkin saran saya semuanya yang lain menurut saya sudah bagus",5
game ini lama lama rusak malas gua mainya sinyal tiap pembaharuan lag parah truss ada kasus yg lebih ga masuk akal lagi skor gua udah unggul dari lawan sinyal gua aman2 aj padahal eh pas pertandingan selesai malah dinyatakan kalahhh poin devisi nya berkurang 🥲,1
efootbal berikan saya pele,1
"Konami tolong lah player geratisan di kasih hoki Konami tiket yang kamu kasih kan kepada ku 70 tiket memutar kan nya satu pun gada yang dapat ada si Konami tapi aku mau yang utama nya bukan epic gak yang lain nya seperti epic gak ada efek nya Konami aku mau pemain epic yg utama yg ada efek nya gitu Konami atau logo nya: semoga di baca,,woy konami efotbal Kon kenapa pemain saya kayak GK berguna ajn Lulu semua nya apa masalah nya mana aku nya GK hoki mau di gratisan mau pake tiket sama saja lol",3
"terlalu banyak kekurangan,mulai dari match making yang tidak seimbang, SUDAH MENANG TAPI HASILNYA KALAH DENGAN ALASAN JARINGAN, sampai loading yang terlalu lama bahkan sering tidak bisa login. Dan selalu, masukkan saya tidak dilihat oleh pihak Konami🤦🏻‍♂️",1
"Setelah maintenance, game ini jadi sangat berat & buat HP panas. Permainan menjadi sangat delay, lag, ketika menggunakan data seluler. Tolong diperbaiki, sangat mengganggu kenyamanan dalam bermain.",1
jaringan burik.. kena setting terus gue...,1
"makin update makin cape bngt buat main asli ngelag parah .. pilih"" grad hp ni game .. udah update pake kuota giliran main ngelag .. sad",1
Konami gimana ini sinyal bagus kok bisa langsung keluar dari efotball tanggapan saya untuk diperbaiki untuk kondisi sinyal,2
GAME SAMPAH,2
coba server di DIVISI PVP di perbaiki buat kita yang pakai data biar tidak leg . trus di DIVISI VS AI tidak adil masa 1 pemain kita di pres bisa sampe 3 pemain sedangkan kita tidak bisa.. tolong buat game yang jangan menguntungkan kalian saja.. kita top up banyak buat gacha masa server pun kalian tidak bisa perbaiki.. game sudah selama dan setenar ini masalah server tidak bisa di perbaiki,3
game bagussss🤍🤍🤍🤩🤩🤩🤣,5
Konami skrip gak adil,3
"game jelek banyak bug nya, tolong konami plenger di perbaiki, banyak hal"" yg terjadi melenceng dari aturan sepak bola",1
tolong expresi pemain di perbaiki bikin gol tidak buka mulut kaya orang ga ada expresinya,4
sering di keluarkan dari pertandingan divisi padahal sinyal bagus,1
"cool game but my phone can't accommodate games that require a lot of space and use up memory so I'm asking for help so that downloading the game doesn't require a very high download expensive So the minimum is 500 MB, not 2.5 GB. I hope this message reaches the game maker and I hope this can be implemented for the future of your team and the game so that more people will be interested in this game.",4
"Parahhh, udah pake wifi kecepatan wuss..tetep aja ngelek nya nauzubillah..",1
gemes nya seru parah cokkk tapi pas baru main dapat Messi,5
"jaringan semakin tidak terkontrol, walaupun 4G tetap ngelag, hari 4G full baru bisa main, turun dikit dah ngelag, semakin ga sesuai aja dengan game nya",1
server kek babi,1
ini yg buat game kenapa ya aku ga bisa download,5
ngasih iklan tapi ngga bisa ditonton Konami Konami,1
"Saya udah main dari zaman masih pes sekitar tahun 2017/18, jadi menurut saya ada beberapa animasi yang perlu ditambah. tolong ditambah animasi 1. Animasi pergantian pemain 2. Animasi pemain keluar lapangan ketika cedera Dari dulu sampai sekarang masih belum ada animasi seperti di atas sepertinya, mohon maaf jika salah. Terimakasih",5
"tolong perbaiki permainan saat sedang bertahan, pemain saya selalu out of posisi soalnya padahal udh di kasi intruksi individu",1
"sering nge kress sendiri, sinyal wifi full tapi game play nge leg",2
oklah,5
game rusak.!!!,1
"Ko di update malah ceket, game burik wifi bagus kuota bny tetep aja ceker²",1
Game banyak player script,2
"game miskin,kartu elit server sulit",1
"game busuk, perbaikin tuh jaringan",1
"game bukan sesuai skill,tapi sesuai kekuatan kolektif yeh paling besar klo kolektif nya kecil,mau sejago apa geh ga bakal menang,anehhh, sinyal nya leg trs ini game kocak, harus d perbaiki nih kya ML",1
Server shittt laggg,1
"sebenernya gua lebih enak main game ini darpada game sebelah tapi ni.. loading ke laganya terlalu lama bikin saya bosan main game ini, tolong dong efootball loading ke laganya dipercepat biar ga bosan nunggunya",4
"tiap main ada aja nge lag, passing delay shooting delay. main sama AI bagus main PvP emosi terus.",1
server upgrade lah lah banget padahal gw tes ping di kisaran 2 sampe 4ms,1
makin kesini makin kesono ga jelas skore kaya udah di setting,2
"saya rasa masalah sinyal belum di atasi , update terus tapi bug sinyal tidak di perbaiki padahal sinyal bagus, saya coba pakai wifi dan Data , masih tetap tiba² game berhenti sendiri lah patah² lah ,dari segi hp juga masih memadai, tolong di perbaiki yaah 🙏",3
gilak,5
"Jika menghadapi tim yang overall ratingnya lebih tinggi dari kita, koneksi internet tiba2 tinggi ping nya dan pemain bergerak sendiri. sehingga kita mengalami kekalahan yg tidak fair. benar2 Messiah palsu (False Messiah).",1
Lag trus Kon kalah terus,1
"woy update biar gak banyak bug lah ngerugiin banyak player gini, jaringan juga gak stabil banget padahal full",1
"Saran, saat cetak gol dari assist kasih nama siapa yang assist,terus kalau main di liga kasih top assist jg,saran jg saat main diliga yang memenuhi main diliga ucl/ liga eropa tolong buatin .",5
"umpan tidak akurat,krusor tidak akurat,setiap heading ball slalu kalah,kiper tidak respon saat bola sudah dekat ke gawang,mau trobos panjang malah pendek,mau trobos bawah malah long shoot....tolong perbaiki",1
"AKUN KU YANG INI KENAPA DIHAPUS SAMA KONAMI, AKUN DARI 2018, KENAPA DIHAPUS",1
"gemplay bagus,grifik dan hall hal yang lain juga bagus hanya ada satu kekurangan yaitu penyimpanannya yang cukup besar itu membuat player player TDK bisa bermain lagi karena hp mereka TDK mampu jdi kalo bisa depelovers kurangi sedikit penyimpanan game ini. terimakasih.",5
game tolol pemain bagus berat banget lawan pemain standar blokkk,2
game banyak scriptnya,1
"ISI GAME NYA UDAH KEBANYAKAN IKLAN! Main game eFootball ini untuk menikmati hiburan, bukan untuk nontonin IKLAN terus!",1
game kontol,5
GAME GEMBEL UDH BAYAR TOP UP GAK MASUK,1
kurangin skripnya Konami bujang,1
game anjinggg,1
game bosok,5
e football tolong saat pergantian pemain yang. masuk dan yang keluar keliatan tos tosan kyk Konami versi champions elite yang mini football. terus kena tackles pemain di tarik keluar macam main di pes,5
enak bro,5
developer game curang ini tidak akan pernah mau player menang hadiah banyak meskipun sudah top up beli barang.,1
keren👍,5
"kayak pas push devisi 3 udh mau 1498,selalu ada cara dia ngalahin kita entah jaringan ga bagus tiba""lawan ngeri kali mainnya tolol game ini sih soalnya udh berapa kali kek ngini 😏",1
game gajelas udah manual tetep aja di bantu AI udah ga pake smart asis tetep aja bengong pemainnya jelek. game cuma ngeluarin card tapi gabisa benerin sistem.,1
game bagus saya menyukainya tapi lain kali banyak²in dapet pemain lebih mudah,5
"tolong dong diubah pemain yang sama bisa ada di 2 klub yang berbeda, biar 1 pemain ya 1 saja. Dan jika bisa tolong tambahkan liga champion, piala dunia juga biar tambah seru. Jika ini sudah tersedia saya kasi bintang lagi. terimakasih",2
"masih percobaan saya kasih segini dulu, kalo nanti saya puas saya akan merubah nya.",3
"the server is always not strong enough to play, while I use WiFi to play this game",1
"Update terbaru makin aneh. Ga bisa pressing pakai 2 orang. Deffender nya juga macam zombie, ga lari kejar bola. Balikin aja ke update sebelum nya. Sumpah, ini update paling teraneh.",1
the weird system everrr,1
game tolol masih masih ada cheater up date doang setiap kamis ga ada perubahan,1
sangat seru bagus banget,1
"servernya nya jelek, main tiba2 ngframe, gerakan pemain slow tiba2, HP sama jaringan semuanya support padahal, khusus main divisi!!!!",2
kalo ngescript gak nanggung nanggung,2
game keren,4
"Please make it so that if we make a small violation, don't immediately give a foul or give a card, please eFootball",4
"konami mohon perbaiki khusus nya laga divisi,kadang kita sudah menang tiba2 kalah saat selesai pertandingan.kenapa itu konami mohonnnn penjelasannyaa",3
"You better be fix your game now, this game its suck now",1
"game gagal, game busuk",1
konami baik suka bagi bagi bansos dari pada game sebelah😏,5
GAME BURUK SINYAL SINYAL BAGUS TAPI NGELAG TERUS,1
game ini enak nyaman,5
Karena standar lah sama grafiknya,3
tambahkan animasi pergantian pemain,4
ini gmna kenapa kali gabisa transfer data,1
senang sekali,5
mantap bisa mabar dan game play nya seru banget coyyy,5
tambahin karer mod aj lngsung gua ksih bintang 5 itu SJ dari sy,4
"update terkini justru game terasa beratt .. seberat beban hidupku, plis deh kembalikan kondisi maen enak kek dulu lagi.",3
main sekarang lag terus,3
geleg game tai,1
"umur pemain di setiap tahun tidak ikut update(menyesuaikan pemain asli) ,Selebihnya good game",5
Iklannya Kebanyakan judol...,1
lemot parah sampai hp eror,2
game nya sangat bagus . bisa. byone sama teman,1
mode manajer please ...pvp,3
perlu upgrade lagi,4
"Masih sering patah-patah saat main, keseluruhan sebenarnya ok cuma disinyal doang. Dan juga gacha pemain sering dapat hikmahnya bukan dapat pemain epic.",4
"uninstall karena bagi saya yg ngga bisa topup dan skill pas pasan, game ini sudah tidak fun dan tidak ada tujuan lagi. mau nyari hiburan tp game ini sama sekali tidak menghibur. mau bangun skuad impian, tp susah payah kumpulin koin, tiap gatcha selalu dpt pemain ampas. push divisi juga pola nya selalu sama, menang sampai rating 1700an,setelah itu ada saja yg buat rating turun, bahkan sampai turun divisi 3.",1
"segera putus kontrak dgn UNREAL ENGINE, kembalikan gameplay seperti dulu.. UNREAL Engine jadi jelek sekali game Ini",1
gem yg sangat bagus,5
game eek cuam bikin emosi ga menghibur,1
game gk jlas ni gdk keseimbaangan dalam ratting nya kasian orang yg gratisan gblok,1
"ga jelas masih ad waktu tiba"" tim gw kalah aneh suka ngebug ga bisa di pencet game rusak",1
Tolong untuk server divisi di optimalkan lg Dan untuk point kemenangan dan kekalahan di divisi jgn terlalu jomplang,4
lumayan mynang kan,4
mbappe,5
servernya perbaiki ... saat pvp sering lag,5
TOLONG perbaiki jaringan saya full tapi main kok berat sekali😌,2
"Saya sudah lama bermain dan berinvestasi di game ini, namun gameplay terasa tidak konsisten. Statistik pemain sering tidak sesuai performa di lapangan, AI tim kurang responsif, dan hasil pertandingan terasa dipengaruhi faktor selain skill. Selain itu, kontrol kadang berat akibat koneksi. Mohon perbaiki konsistensi AI, keseimbangan gameplay, dan stabilitas server agar pengalaman bermain lebih adil dan kompetitif. TOLONG PERBAIKI SAYA CINTA GAME INI",5
"perbaiki kontrolnya, lama lama ga jelas",1
server lo benerin dulu anj,1
"Saya pemain lama/ pelanggan game PES dari tahun 2017, tolong untuk kasih reword pemain-pemain legend.",5
makin gak jelas koneksi bermasalah terus kalo lagi main,1
BIKIN EMOSI!!!!,1
ya lumayan😁😁,5
haha bagus bagus,4
"oke untuk saya game ini sudah bagus tpi keadaan device kurang bngt untuk sekelas game ini, jadi sebagian player selalu main melawan AI khususnya liga saya, nah saya sarankan untuk laga melawan AI tambahkan kompetisi lainnya seperti UCL, EUROPA LEAGUE & CONFERENCE LEAGUE, contohnya seperti itu karena setelah main liga saya kami bosan gada kompetisi lain seperti di real life nya dan untuk kompetisi kami juga ga harus maksa lisensi yang penting ada kompetisi lainnya aja, itu saja🙏🏼",5
"Kesininya makin LEG parah sinyal endut²an Uda menang score 3-1 laga uda dimainkan sampe selesai sering kayagini, tiba² laga keluar sendiri dibilang anda mengalami kekalahan kocak Konami gak layak dapat bintang lima🤣🤣🤣",1
"setelah update jadi force close mulu, padahal sebelumnya aman aman aja udah di akalin juga tetep aja force close tolong dong gimana ini",1
"menurut saya ketika laga penting pemilihan level nya jangan d batasi biar enak,aneh lawan nya jadi legend kan GK sportip",1
game nya burik+jelek mendingan fc mobile,1
perbaiki dulu lah server baru jualan kartu,1
berikan aku epic,5
"After PvP matches, the game often gets stuck on long loading screens with no explanation. Then suddenly, I’m marked as losing due to a “network issue,” even though my connection is perfectly fine. It’s impressive how the game blames players instead of fixing its own problems. Maybe focus on improving the system rather than pointing fingers.",1
game hama main dari tahun lalu dapet epik pun kaga game aneh dispam potw sampah dari awal 2026 sampe sekarang tau gw ada pemain lumayan kaya Maldini tapi jangan dikasih potw sampah biar bisa masuk squad gw anj konami kikir,1
tidak ada yang baru,5
ampas mulu gw spin pp,1
"""Dear KONAMI, please improve your server stability and security systems. The number of players using cheats has become overwhelming. If the reporting feature is active, we request clear notifications or confirmations regarding the status of our reports. Please take immediate action."" PLEASE... THANK YOU....",1
game s SAMPAH JARINGAN TOLONG JARINGAN JARINGAN WOEE JARINGANN,1
download nya lama masa dari 0% ke 50% cepet pas udah 51% sampe 100% lama,1
SCRIPT!!!!!,3
bagus bet cok garafik oke mantap gak kaya f** mo** ditambah wasit efotbool adil gak curang sama sekali pokoknya mantap 😎👍👍👍👍🤗🤩😊😁☺,5
"semua sudah ok,tinggal jersey nya masih kurang di liga primer & laliga spanyol",5
"kenapa sering banget yaa, udah main tinggal masuk ke lobby tiba tiba muter terus dinyatakan kalah. udah 5x di minggu ini kek gtu",4
"bagus banget , tapi Mlah disuruh login konami id , padahal waktu pertama kali dah login",5
"Tolong diperbaiki kualitas GamePlay nya konami. Saya sering kali pada saat bermain divisi atau acara online terjadi gangguan jaringan disaat jaringan saya lagi baik. Pada saat saya teliti ternyata yang jelek adalah jaringan lawan,tolong jika ada salah satu pemain mengalami gangguan jaringan seharusnya salah satunya aja yang terkena gangguan jangan bawa-bawa pemain lain yang jaringannya stabil atau baik.Dan satu lagi,saat menekan passing,shooting,dan analog lari sering sekali tidak terbaca. Trmks",1
game yg sangat baik,5
konami konami kenapa sih ga bikin fitur hapus skill tambahan padahal kan susah gitu dapet skill tambahan yang di mau ngabisin token skill,1
Wihh bagus bangett lebih bagus kalau ada carier mode,5
bagus njir wasit nya enak aja itu dipukul🥰🥰🥰,5
bagus paket ku hsbis,5
script Konami emang susah dilawan ada kalanya tim kita pinter ada kalanya tim kita cuman bisa planga plongo tolong dong diperbaiki apalagi pas PVP ngeri banget banyak lag nya padahal sinyal lawan yg bapuk kita yang kena lag,3
"game koplak, giliran menang pas laga selesai tiba"" jaringan anda bermasalah. giliran kalah normal. game pay to win parah. udah gua hapus",1
2 match berturut-turut sudah menang tiba tiba selesai match jadi kalah,1
gm lelet mau oper aja nunggu 1 jam,1
sekarang ad iklannya,1
"konami tolong perbaiki ini, rugi dong saya masa menang saya dinyatakan kalah karena jaringan, padahal pertandingan berakhir",1
skripnya lho anj,1
"bingung mau main pake jaringan apa . udah nyoba pake semua provider , hasilnya ttp lag .ampas bgt server ini game . baru main 4 bulan udah bosen karena gameplay",1
geme nya bagus dan juga grafiknya lebih bagus lagi biar enak mainnn nya sinyalnya agak ngelak,5
game nya bagus tapi jarang dapat karakter gratis kasian kami pelayer miskin karakter nya jelek jelek,5
no script u said? tulul,1
lawannya yg seimbang dong game gblk,1
"banyak bug yang masih ada kiper udah nangkap bola tapi di hitung gol, udah sering jumpa sama script masa divisi 1 jumpa divisi 3 bisa kalah kalo bukan di bantu script kurangi lah script nya konami lama jadi game sampah nanti",1
"Game ini sama sekali tidak konsisten, setiap setelah update selalu terasa berat, pemain bertahan selalu kalah cepat sama penyerang lawan,tolong diperhatikan lagi sih untuk itu.",2
"offline ok,online : pay to win,banyak script,server jelek,banyak bug👎👎👎",1
"jaringan nya buruk saat akan memulai divisi selalu seperti itu terus alhasil suruh login ulang dan peringkat nya jadi turun, dan ke kesantunan jadi B padahal kalo di pakai buat scroll apk lain aman aja, MERUGIKAN",3
pembaruan permainan makin berat dan ngj lincah,5
"tolong Konami Perbaiki SERVER nya, saya login loading nya lama banget, after match juga loading connect servernya lama.",4
ribet loginya kalo gak ribet juga kaya dls aku jiga bakal main jadi gua hapus permainan lo yg kaga jelas lo😠😠😠😠😠😠😠😠😠😠😠,1
"Gameplay nya sangat bagus, tapi sangat disayangkan kenapa sering terjadi kesalahan jaringan sehingga saya kalah hingga rating kesantunan turun jadi b, pakai wifi atau data seluler sama aja, mohon segera diperbaiki, terima kasih.",4
game lemot,3
game server terburuk....,1
benerin dulu koneksi nya kadang suka jomplang saran : mungkin bisa di buat sistem untuk booster jaringan kayak di ml atau MOBA entar kalo udah ada sistem kek gitu gw balik lagi buat revisi,1
gamenya nyangkut mulu,1
itu smart asist nya apus gak guna terus ada skrip Konami lah susah pengen ngoper malah di buang bola nya kalo pake smart asist saudara gw aja nyampe bilang mending Ngan FC mobile dari pada efootbal ya itu opini gw,2
game busuk ada saja caranya biar kita kalah jaringan lah apalah makin hari makin ga jelas update itu makin bagus ink makin busuk,1
tahi konami,1
bola nya bagus dan aku senang main bola efotbal,5
"game busuk, klo main susah nya minta pun lemot giliran lawan segampang itu dr segi apa pun najiss game tau..",1
game yang sangat seru banget,1
e football dari sistem g jelas,1
tambahkan gol setiap pemain,5
gamenyaa bagus tapi sering sering keluarin card buffon ya 😁,5
KONAMI KENAPA DI AKUN SAYA TIDAK HOKI SEDANGKAN DI AKUN TEMAN TEMAN SAYA HOKI SAYA. MAU KOMPLit😥😥😥😥😭😭😭🥺🥺🥺🥺🥺🥺🥺😟😔😔😔,3
game bagus grafik sangat bagus,5
HAPUS SMART ASIS/ BANTUAN CERDAS NYA GA JELAS,1
game kontolllllll,5
beli batistuta argentina dari PlayStore tidak masuk masuk sampai sekarang padahal transaksi berhasil,1
bagus gamenya hd banget grafik nya,5
aku suka karena bisa dapat pemain gratis dan ada misi ramadhan,5
Kadang kadang saat menang saya unggul tiba tiba keluar sendiri dengan alasan jaringan jelek padahal jaringan saya bagus kalau gak mau kasih menang gak gini caranya,2
mantap bet,5
"sekarang game play nya aneh, kadang bagus gerakannya cepat, kadang lambat. untuk operan setelah di klik, baru mengopar jeda 3 detik. kelamaan.",1
GEAM YANG ASIK,5
"woi jaringan di perhatikan lagi masa pas main di online nya tiba"" dibikin hilang jaringan nya tolong diperhatikan niat gak sih yang bikin game ni jangan gampang di hacker lah ni game kita yang mau lancar main jadi gak badmood main gara"" jaringan tiba"" hilang di pertengah pertandingan",2
mantap kasihlah hoki akun saya konami ini nama nya nouval19,5
"game tolol, sinyal bagus kok ngeleg.. jadinya gampang kebobolan, dasar game rusak",1
sinyal bagus tapi waktu in game jadi jelek,1
always bug mode,1
"gamenya tambah lawak, jaringan full tapi patah patah, sistem gacha juga lawakkkk benerrrr",2
kenap game saya enggak bisa nonton iklan padahal banyak pemain geratisan di sana,5
Konami coba penampilan sepatu bola nya ganti biar saya lebih sering memainkan Efootball 2026 dan tolong tambahkan kaus kaki sambung dan tolonglah di baca Terimakasih,5
"sering error ketika login menggunakan data seluler, padahal ketika buka game lain lancar, mohon diperbaiki",5
setiap kali tonton iklan pasti terus keluar sendiri dari game 😡 malah jadi gini,3
kenapa sinyal tiba-tiba nggk bagus ketika lagi asyik main kalau begitu mending hapus saja kalau begini. terlalu sering menemukan musuh yang kadang-kadang tiba-tiba patah-patah hadeeehh🙏🙏🙏🙏,1
game yang sangat bagus cok tapi susah untuk tautkan akunnya,5
"jelas2 main Liga saya menang 2-1 sampai menit akhir. sampe2 sudah jabat tangan. tapi setelah itu program muncul ""kamu kalah"". game kocak 🤣",1
"umpannya ga bisa presisi ke pemain, beda kaya fc coy enak an fc",1
apa sih ini game lag Mulu ketemu team squad mewah,1
keluar sendiri pas main padahal udah menang push divisi jaringan lag padahal wifi lancar tolong dong konami bener bener kalo bikin game,1
"game nya bagus banget ,,udah kayak main PS4 mantap, tapi sayangnya akunku kali spin pemain gak pernah dapet pemain bagus selalu jelek trus🙁🙁",5
Lama donwload nya ditambah banyak bug nya,1
game penuh dengan bug kayak hp pocong,1
gem bikin pemainnya prustasi koneksi aman tpi diley parah. trus klo uda divisi 4 sring bnget ngutungin pihk lawannya.,1
kasih yang enak ya mainnya. jangan bikin lag mulu,5
hilangin iklan bang makin nge bug login lama jadi beban game padahal hp ku udah suport gaming ram 12,2
Terlalu sering update data terlalu nambah,1
karena ribet kalau mau login gak kaya dulu,1
"skrip kagak abis2 tolol,game tiba2 berat lawan mudah tiba2 mbentur mistar mulu",1
gak bisa di donload,5
"game busuk, pemainnya kalo jelek jelek semua",1
ko saya gak bisa masuk sih padahal udah dari jam 10.00 sampe 11.00 gak bisa bisa di laporin aja ga ni,1
"jaringan saya aman, tapi selalu setelah match online tulisannya saya kalah karena masalah jaringan hadeh",1
game ini sangat baik,5
"game ampas. script gak jelas, tiba tiba jaringan ngelag.",1
"Jaringan sangat buruk, bermain melawan selain bot pasti saja lag padahal bar penuh (jika memang bar sbg patokan kuat atau tidaknya jaringan)",1
jelek game nya,1
gagah,5
perbaiki masalah sinyal udah pakai wifi ngelag parah,1
game nya keren,5
karena keren,5
kenapa ini gak bisa login padahal pengen main lawan orang lain. aku pengen lagi efootball 2021 ada iconic moment dan my club legends,5
kok sekarang malah ada iklannya,1
ga jelas game gajelaa,1
game ini aku kasih saran jadi lagi main ngeleg diberentihin dulu,1
"game nya bagus tapi konami tolong kalo gacha pemain jangan pelit dong dikasih ampas mulu potw dapet striker,sayap, gelandang serang.padahal aku butuh nya bek tengah dengan rating dan atribut yg bagus selama aku bermain efootball aku sudah punya banyak akun dan saya tidak dapat pemain epic, show time,dan big time.tolong jangan pelit ya Konami terus saya selalu terkena script konami aduh bagaimana ya ini konami Konami",4
nggak ada yang bagus tiap match patah patah Mulu,1
"Aneh jadi gabisa mode online, gabisa Conect",1
"tolong jaringannya dibenerin padahal sinyal bagus tapi buat main selalu lag dan tiba"" keluar sendiri",1
"tolong lah perbaiki jaringan supaya push rank enak, gua kalo udah menang 1:0 Tiba-tiba langsung lag gimana sistem lu sih update bukanya tambah lancar malah tambah lemot",3
"tiba tiba keluar akun, pas di masukin akun eror konami kaga jelas akun gua ilang, klo ada tanpa bintang gua kasih lu 0 bintang",1
"Game aneh gk wort it unt di main kan bikin HP panas doang:(🤡🤡🤡 + banyak masalah jaringan, skrip, tolong dong game nya jangan buruk ² amat",1
"game dengan sistem matchmaking paling gak adil, dongo masa gw yg divisi 3 ketemu divisi Satu ya skill gk imbang, udh gitu jaringan drop mulu, padahal baru udh penuh. selalu nge lag setiap main, mau pakai wifi atau internet nge lagunya ga ke tolong. please di benerin jangan cmn maintenance tiap minggu tapi gak ada perubahan.",1
setelah update mingguan jaringan nya gak stabil tolong di perbaiki dong jdi tidak bisa main di bonus koin nya padahal saya perlu sekali koin nya itu semakin buruk sangat kecewa semakin kesini malah tambah parah main laga AI pun sudah tidak bisa kadang error keluar game sendiri,1
bagus menghibur,5
Gamenya bagus kok,5
"Apa gunanya update tiap minggu tapi tetep aja gamenya ngebug..terutama di masalah PVP divisi,sinyal full tetep aja ngelag gimana bisa menang kalo ngebug trus tidak ada gunanya pemain kita ratingnya tinggi tetap aja kalah bener2 game ndak ada perubahan dari efootball 2020-2026 😡😡😡😡 EFOOTBALL gak jelas",1
bagus banget gamenya hd banget,5
game bagus grafik mantap,5
semakin diupdate semakin busuk masalah jaringan,1
sangat seru banyak event banyak pemain legend dapat hadiah banyak setiap login,5
"game jelek tambah update mlh tambah sulit,lwan kalo udh pencet tombol pasang cepet amat pasingnya, kalo saya dapet bola mencet tombol pasing 1 bulan jek gak dipasing² sampe lwn sering dapet nyrobot bola nye, pkonya tambah update bukanya tambah bagus malah dipersulit",1
GameNya hama percuma busa ofline,3
kenapa tidak bisa download???,5
"game lawak setiap bola lambung dari musuh gabisa ganti kursor pemain, malahh muncul bar buat ngoper lawak benerin tuh game nya",1
"Gerakan kursor jadi kaku pada pemain setelah di update, tolong jangan hilangkan fitur bagus yang sudah tersedia.",3
game bagus cuma susah banget dapat pemain bigtime epic gacha habis koin 600 zong,5
"tolong suka ada bug jaringan kalo lagi main sama temen sensitiv lag, padahal jaringan bagus🙏",4
"Aneh dah sekarang mah. Kok jd banyak lag banget pas main online pVP? gak kaya sebelumnya.. umpan delay, gerakan jadi delay hingga umpan dan tendangan delay! sebelumnya kagak lancar2 aja. padahal udah pake WIFI.",2
Gamenya Baguss min. Fitur luga udah ada cuma ada yang kurang tambahin dong Liga 1 Sama Liga 2 + kayak asli kalau Di liga eropa Tambah in peringkat 1-2 main ke UEFA Champions League 3-4 UEFA Europa League 5-6 UEFA Conference League Kalau + Kalau asia Main ke AFC Champions League Two kalau lolos nanti musim selanjutnya main di AFC Champions League Elite. Plissssss min tambahin Rugi lo game udah bagus tapi nggakbada fitur itu Masa asia ada thailand jepang sama korea tambahin lahhhh,5
Tambahkan kompetisi liga champions liga eropa dan liga conferece liga di fitur atau mode liga biar jenjang liganya makin seru dan juga kalau bisa buatkan mode master liganya biar lebih mantap kalau itu sudah baru aku kasih bintang lima,3
terlalu banyak hacker nya jadi males main terutama di pvp demi peringkat bagus,1
"permainan konami apa gimana sih, selalu dirugikan pas nyerang ngelag aja tiba² bar sinyal gak ada bener² konami keluar permainan gak jelas",3
g bisaa msuk ntah ap maunya,1
"kenapa saya selalu kalah loading screen karena masalah jaringan, padahal saya di dalam game menang 4-3. tolong di fix bug nya konami, sudah ke 4 kali nya saya mendapat kan hasil yg merugian poin liga saya",5
harusnya bisa support pakai GamePad biar lebih oke kontrol nya...,3
game gak jelass,1
"please add champion league and European league, conference league",5
"permainan nya curang atau gimana si , ko temen gw pas bewan 1 vs 1 lawan gw ko gw gabisa nendang nekel dan lari , sedangkan temen gw bisa",1
"game sampah. update ny tiap pekan. bkn tambah membaik.cuma di game ini jaringan lag. kita main game lain seperti pubg real recing. lain"" aman"" aj. gk kaya gama pes ini",1
THE GAME IS USELESS MOST BUG !!!!!!,1
"divisi pvp sinyal jelek lag pdhal mabar sama temen bagus"" aja.,",1
ILANGIN BANTUAN CERDAS NYUSAHIN PEMAIN UMPAN TIDAK MASUK AKAL,1
"konami ini kenapa tingkat level vs ai nya kok makin kesini makin sulit,saya sering Level Legendaris menang terus,ini kenapa sulit sekali, saya nyoba level supertar dan pemain top pun saya sulit menang,tolong di perbaiki makin susah dan aneh ini.",4
game gk adillll kau manjakan lah sultan sama scirp tu bujang,1
masak tiap hari harus download pembaruan kalo nggak download gak bisa main online kocak,1
saya tidak bisa mengganti akun,1
konami update tiap hari super lambat,1
gua sebagai madritdista ko ga pernah sama Madrid koleb nya,5
"•perbaiki masalah jaringan saat divisi •setiap divisi bedakan kekuatan kolektif tim,sangat tidak adil jika tim kekuatan 3100 bertemu dengan tim 3200,player yang hanya skill rata² bisa menang dengan pemain yang OP.",2
bagus banget tapi GK ada liga Jerman tolong bikinin liga Jerman,5
"terasa ngga adil, ketika menang point naik sedikit . ketika kalah turun point sampek 30+ kocak",1
kasih saya epic terus woy,5
jaringan dibenerin kocak cuma main 1v1 aja lag banget kek gak niat servernya kek ada 99prang diagame ping 18 pun gak berasa main ini game selalu jumping kek k*****,2
"GARAGARA GAME INI,UANG SAYA HABIS PULUHAN JUTA TERTIPU",5
perbaiki jaringannya,5
LAG,1
"tolong perbaiki tentang, lagi asik main sendiri tiba tiba keluar aplikasi tanpa sebab(for close)",5
"kalah menang sudah di setting so bintang 1 aja.baru aja download trus lihat ternyata gamenya ampas,auto uninstal lah..wkwkwk.saran saya jangan di download nyesal nanti kalian.tidak sesuai kapasitas dengan isi gamenya",1
"Setelah pembaruan malah ancur ini game. Ngelag,tiba2 layar hitam,patah2. Haduuh",5
"Absolute Cimemek, buat yg masih mau waras mendingan uninstall game ini, banyak alasan pertama adalah akun lama kehokian gacha nya hampir menyentuh 0%, kedua jaringan yang super tidak stabil dan yang ketiga adalah script divisi yang membuat striker se klinis Van Basten bisa 1v1 dgn gk dan tetap finishing nya bahkan ga mengarah ke gawang lawan.",1
"Game kikir, lisensi juga dikit padahal",1
update Mulu tapi smart assist ga di APUS apus.,2
game terbaik,4
"sinyal tiba""ilang ngikutin sinyal musuh kocak dan banyak cheat yg gabisa d atasin percuma di laporin juga",2
"game gajelass banyak bug giliran menang ga bisa dipencet keluar"" sendiri lawak",1
"Sudah mulai enak untuk gameplay, untuk skuad pes 2021 Iconic Moment Cristiano Ronaldo Madrid dan Neymar yang hilang tolong dikembalikan seperti Messi 103 saat itu. Dan semoga ada Cristiano Ronaldo 2008 Manchester United, Lev Yashin dan Mesut Özil Dan Secara Sinyal selalu Naik Turun padahal sinyal kami bagus, merusak permainan",4
bg untuk Android 15 bisa ga,5
game ny bagus garfis ny juga bagus tapi sayang game ny lemot parah Tolong perbaiki Maslah jaringan,3
game ini jelek banget pelit bikin ngelag gb besar banget jelek pokoknya jelek jangan main ini bintang satu pokoknya,1
"developernya mantap setiap ada update selalu ada aja gebrakan baru dan peningkatan yang cukup signifikan. keselurahan udah oke banget sih.. cuman saran dari saya untuk transfer data jangan dibatasi, dan mendapatkan koin nya tolong dipermudah karena saya rasa efootball dan pes dulu perbedaan yang menurut saya agak ndaseru ya karena sekarang tu kesannya kayak PAY TO WIN karena susahnya dapet koin..",5
terlalu ngeleq gamenya mohon di perbarui,3
cara ngumpanya lambat,1
jaringan kurang baik padahal wifi kencang,1
"game apaan dh ga adil bngt,padahal power tim ny sama tpi setiap ngoper bola ga lewat tpi klo lawan ngoper sering lewat",1
"game scrip, sejago apa pun kalau di tentukan ga menang ya ga bakalan menang",2
mantaff,5
"gamenya bagus,,cuma tolong perbaiki jaringannya yang sering lag",5
"dear efootball tolong dong perbaiki kualitas jaringan masa game lain lancar² aja klo ini ngga, game lain device ku grafis rata kanan lancar sedangkan efootball? rata kiri jaringannya aduuhhh bikin emosi 🤬 main devisi dah menang 2 0 tau² loading trs gw tiba² kalah aneh banget ni game",1
game paling aneh yang pernah saya mainkan ada unsur skrip match dari pihak developer,1
"why I cannot watch the advertisement,can you fix it, please as soon as possible",5
"game aneh aku udah lama di kaitkan sama google play tiba"" hilang kocak bgt",1
josjis+mantap,5
Best football game,5
buat developer benerin lagi gamenya tiba tiba di akhir game malah sinyal ilang,2
Permainan sepak bola terbaik sepanjang masa🤗👍🫰,5
adakan fitur gabungin data seluler + wifi,5
gak bisa masuk gamenya,1
"Game jaringan kok delay. lelet banget. Developer Konami kayanya ga ada niat perbaiki server di Indonesia. Buat yang baru main saran aja jangan top up ke game ini. Akun pay to win bisa kalah sama akun bansos gara-gara jaringan. Mending gausah gacha, percayalah efootball ini game yang gagal dalam mengatasi jaringan.",1
"yg kurang di game ini, ketika pergantian pemain gk kelihatan orangny keluar dari lapangan... ke 2 pemain cadangan gk ad di bangku cadangan.. ke 3 tim medis pun gk ad ketika pemain cedera dalam lapangan..",3
Mau Win ya Bayarlah.,1
"saya player baru sangat kesulitan mendapatkan lawan yang ovr tim lawan yang begitu besar TOLONG PERBAIKI SISTEM PENEMPATAN, PENCARIAN LAWAN YANG SEIMBANG",1
bagus gamenya gak lag,5
cukup realistis,5
bagus geam,5
BANYAK SCRIPTNYA. HAPUS SCRIPTNYA MINIMAL.,1
konami anj smart assist ilangin lahhh pepekkk,1
"game anjg, banyak lawan yg main data, sinyal gw bagus tp di in game ngga lancar, masih mending game sebelah, ngga separah ini, ketemu musuh ngga imbang bener"" pay to win",1
"main menang didevisi sering dikalahin, gak jelas banget gaes",2
mantap lah,5
game nya seru. ga pernah nge lag. gatcha selalu dapet bagus. ga pelit ngasih lisensi,4
niat ngasih gaca ngk ni game,1
game gajelas delay seabad,1
kece,5
game sampah jaringan ngelag Mulu padahal pake Telkomsel,1
aku suka game ini better than FC mobile sangat bagus,5
seru abis. cuma kalau spin pemain sudah habis 2k koin kaga dapat alamakkkkk,5
"Konami pelit banget, akun bapuk ngabisin koin doang dapet player bagis kagak",1
permainan memuaskan,5
game kerenn tapi bantu buat pikir pake otak,5
harus diutamakan pemain dalam keaadan sehat kalo bisa perbaikan sistem 2 bulan sekali,5
Game bagus,4
asik tapi Konami tolong saat spin bikin hoki jangan dapet pemain jelek,4
bagus anjay. tolong developer tambahin mode gamepad dong biar bisa langsung konek dan lansung maen. trimakasih.,4
kok sudah update malah gak bisa login?,5
but...arrgghh,5
"kalo abis maintenance pasti aneh , jaringan bagus tiba tiba down, player berat di gunain seakan kena script , semoga di notice pihak Konami🙏",1
"saya sangat senang memainkan game in. dari awal sa tdk tau kalai gem in ada, sa tau gem in dari teman saya yg sering mainkan",5
game nya bagus banget keren grafik bagus pemainan nya bagus aku suka tapi harga nya mahal,4
"jelek banget, main liga saya malah musuh nya yang dapet peningkatan signifikan, sedangkan pemain saya malah di buat lemah didepan, taik emang game ini",1
"banyak orang pake script, ga msuk logika",1
"Perbaiki kualitas jaringan dan server! Setiap terdapat update saya selalu kesulitan untuk masuk ke dalam game karena tidak dapat melakukan pengunduhan data terbaru, padahal jaringan saya sangat normal untuk digunakan hal lain, termasuk komen disini. Selalu saja tertulis ""Tidak dapat mengimplementasikan Data Pembaruan Langsung"". Segera perbaiki, bug ini belum hilang sejak Januari 2026. ID Server: ASEU",1
mantapppppp,5
"apalhhhhh konami!!!! ngapa akun gw ga hoki"" sih akun yang lain kok pada hoki",3
game kikir dari dulu tiap event gacha hampir 1jt ga dapet epikpun satupun sampe sekarang,1
"udh gatau lagi gw mau ngomong apa sama konami,setiap -2/-1 poin buat naik ke divisi 1/2 selalu kalah,pemain langsung loyo, berat,shoot kena tiang mulu.lama lama mending gw uninstall kalo masih kaya gini dah konami",1
"game scam, developer laper lagi banyak butuh duit",1
maksudnya apa bikin iklan untuk mendapatkan pemain...TPI yg didapat pemain g ad gunanya semua.. lucu min,5
"semoga konami membuat gebrakan dan menciptakan fitur career mode, agar game ini menjadi sempurna",5
tolong fitur controllernya di tingkatkan supaya bisa di mapping seperti di console,5
Grafiknya ngga bagus kalo lagi menang terus sinyalnya kureng ngga stabil,3
karena gem nya bagus tapi kalo nyepin kikir banget,5
Delete smart assist,1
"game aneh, menang dianggap kalah karna ada kesalahan tidak terduga. why? masalah apa kocak ni game",1
gameplay sudah semakin bagus tetapi tolong untuk konami menambah hal unik pada komentator arab seperti lelucon yang lucu serta saat gol komentatornya di heboh kan lagi,1
BANYAKIN PEMAIN ARSENAL DONG,1
"game aneh muali dari maen game saya udah menang tiba tiba keluar game dan kalah, terus setiap ada even belum pernah di kasih pemain utama kata epik atau showtime nya, selalu dapet pemain ampas, giliran akun temen saya selalu dapet oemain bagus kenapa dengan konami game aneh seandai nya saya gak suka sepak bola saya tidak akan maen game ini",1
payah,1
tolong dibuatkan tempat pengeditan sepatu para players nya terutama players legenda.. supaya gamer bisa dengan leluasa mengedit sepatu players nya masing2.. terima kasih,2
"tolong di perbaiki masalah jaringannya, buat yt tiktok kecepatan jaringan 1 mbps lebih, pas maen efootball kecepatan menurun di 7kbps mentok paling 20kbps. delay pas maen, cuma 3 bar signal, kadang 1 bar. terus gerakan pemain seperti ga jelas kemana, di oper bukanya nerima bola malah ga jelas..",5
game nya kerennnnnn bangetttt,5
bagus mantapp,5
"Tolong di perbaiki soal kalah karena koneksi buruk, saya pernah sudah memenangkan laga, tapi menjadi kalah gara-gara koneksi buruk, padahal itu poin krusial bagi saya yang lagi push divisi, jadi tolong ya di perbaiki lagi",2
"jelek banget sekarang,putus2 mainnya,padahal sinyal pakai kabel xl,100 mbps",1
i would like to play again,5
kurang var nya,3
Kece,5
"GAME PALING JELEK YANG PERNAH SAYA MAININ,BANYAK SCRIP, SINYAL PATAH PATAH PADAHAL JARINGAN BAGUS,GA PERNAH HOKI, POKOKNYA GAME PALING JELEK",1
"saat awal awal main gem ini bagus lancar lancar aja tapi saat update terus menerus kok makin miring, saat aku main vs ai pemainku normal semua passing akurat lari kencang, tapi giliran main di divisi kadang kadang pemain ku ngawur semua mainya umpan nya salah di bodi dikit mental finhising nya ngawur, perbaiki lah Konami itu sangat menggangu gemplay saat bermain tolong aku sangat suka gem efotbol",5
untuk script tolong di hilangkan setiap main PvP sinyal sudah bagus wifi sudah bagus saya mohon hilangkan script supaya yang main PvP bisa merasakan kenyamanan.,1
game ruksak ga ada perubahan sama sekali update tiap Minggu giliran servernya ga di benerin jaringan wifi bagus padahal kenapa pas match sering ilang ga jelas kocak amat,1
"Tidak semenyenangkan dulu...skarang konami berpihak kita gak di kasih menang lagi...padahal lawan tidak keras..tapi ada aja kendala pada team... kalau tidak ada perubahan bisa"" rating Konami bisa turun... dan masalah jaringan kita stabil tapi wktu main game nya langsung rusak jaringan nya.. tolong perubahan nya konami",1
game nya bagus dan sangat realistis sangat direkomenkan buat main game gini apalagi bagi yang suka bola🙏😋,5
apk mantap👍👍👍👍👍👍👍👍,5
kalo bisa loginnya jangan di batasiii susah buat bikin akun banyak,5
"saya beli koin ga masuk masuk koin nya aneh,,duit udah kepotong di rekening",1
gem ini seru gerapik bagus pool banget,5
harusnya kaya epepin ada re bind nya biar akun yang gogglenya ilang bisa di ganti ke yang lain tanpa harus tau pw Konami nya,3
"tinggi tom haye selisih 10cm lebih pendek dari tinggi asli tolong konami direvisi tinggi badan pemain indonesia, dan buat lebih lengkap lagi ada sayuri bersaudara dan lilipaly",4
gem nya suka ngelike,1
saya kecewa tiba tiba pemain ovr 101 berubahmenjadi 99 dan saat aku mau mengganti pelatih pelatih nya buruk semua,3
min ini knp saya baru download tapi gk bisa dimainin,2
SERU SIH SERU TAPI GB NYA NAIK TERUS,4
"game yang sangat bagus dan tidak membosankan, W developer",5
seruu sekali,5
game ini sangat bagus seru dan farjal,5
"gamenya sudah bagus tapi masih ada yang kurang klub²nya belum lengkap seperti Juventus, bayern munchen saya mohon semoga klub yang hilang ini akan ada🙏🙏",5
"game gaje, jaringan delay terus kalo main, padahal kalo buka aplikasi lain lancar aja jaringan gw, giliran main game ni game malah lag jaringannya. hedeh tolong diperbaiki deh jangan cuman mentingin gachaan doang, kalo ga niat bikin game mending apus aja ni game ga guna",5
tlol bot aja buang bola terus wasit nya juga gk adil game b390,1
gamenya bagus banget cocok buat pecinta game sepak bola buruan download,5
"tlong lah bg di tambah pengaturannya kek misal bisa mengaitkan ke fb atau akun google,biar kalau pindah main ke hp lain bisa msuk k akun punya kita sendiri.stiap pembaruan pasti lama",3
tolong adain var ny biar konsisten dan Adain BRI super league,5
gamenya makin kesini makin bagus saya suka banget Ama game ini,5
"banyakin iklanny aja ,trus perbanyak pemain ampasny,",1
Tolong jangan dikasih batasan untuk login efootball dong🥲,5
"terlalu sering ubdate, sangat menggangu",1
bagus banget.... dibanding game sebelah... efootball lebih realistis dari sudut data-interpretasi player aslinya di dunia nyata.. beda dg game sebelah yg kwalitas pemain gak masuk nurul... alias kaga ngotak. masa ratting player sampe menyentuh angka 119..120.125..dll gile aja keless.. kurang realistis,5
bagus keren suka banget tapai Penyimpanan ya banyak,4
"pemeliharaan server muluu, ga jelas",1
game nggak ada hoki hoki nya ini🗿,1
"bagus sih gamenya, tapi tolong perbaiki bug"", koneksinya,sama script-nya dong Konami🥱",3
game nya bagus dan grafik nya juga bagus,5
bagus cman sekarang ngga bisa ke buka katanya lagi perawatan sarver ini gmna yaa,5
"maintenance nya tolong jangan lama2 game lain aja bentar doang, ini kok 6 jam, udah 2026 masih manual kah maintenance nya? malu ama game sebelah oi KONAMI",3
gamenya bagus dan mapan tapi tolong developer tambahkan mode offline cuma laga eksibisi aja biar kalo kagak ada internet bisa main offline 👍😊 tetap semangat buat gamenya ok terimakasih itu aja di tunggu updatenya,5
"game msh ngelek trs,,tlng di perbaiki",3
tolong pemeliharaan game nya kalau bisa sebulan sekali ...ini tiap Minggu tapi tetap saja ngeleg 🤦,4
ko ada tulisan pemeliharaan server sih gimana cara mainnya,1
shootnya alus animasinya bagus mantap,5
bagus enak,5
lumayan menghibur..tp seminggu bisa 2 smpe 3 x perawatan sistem..pas pngn main onlen malah ga bisa,3
mohon konami WASIT NYA diperbaiki ya saat saya sedang shooting dan pemain lawan melakukan bunuh diri malah dikira WASIT NYA oper ke temen jadi offside dan tolong untuk menyerang dan bertahan jangan dibikin sulit.SAYA HARAP KONAMI MENDENGAR SAYA.Dan juga tolong dengarkan permintaan orang lain juga.Untung saja saya tidak mengucapkan kata kotor kepada game jelek ini,1
"makin gk jelas konami ini ,bola muntahnya pasti sllu dpet musuh trs",1
game sial masa cb malah bengong,1
"ga bener. gua main liga vs ai , sepertinya sengaja di buat tim ai yang lebih unggul. pemain gua staminanya udah lemah, ai nya larinya tambah kenceng ga logis. ga adil di divisi 2 mesti gitu gua liat",1
"game rusak, tolonglah di perbaiki lagi agar lebih seimbang, banyak yang menggunakan script atau scam jadi, kalo lawan kita ngepres kita lancar terus kalo kita yang ngepres lawan ngelag, jadi susah saya agak kesal sama itu",1
Game elit jaringan sulit. Game MOBA lain jaringan bagus di game ini sangat sulit.,5
"Tolong jaringannya diperbaiki ayammm,ngeleg mulu kalo gw main",1
Hampir hilang akunku,5
game ribet,5
good script😇,1
file jangan sampe 2gb kak karna agak susah downloadnya,3
game dajjal,1
game GG banget tapi gabut,4
perbaiki min gua divisi 4 ketemu nya divisi 1,3
𝗽𝗮𝗱𝗮𝗵𝗮𝗹 𝕤𝕚𝕟𝕪𝕒𝕝 enak tpi pas di game nge lag mulu malas maau mainnn.,1
tolong loadingnya dipercepat jangan lama,1
tolong perbaiki sinyal pada sistem setelah pertandingan berakhir dan login game game kontoll,1
masa baru update sekarang ajah akun udah hilang,1
私は既に障害者です。これ以上私を狂わせないでください。,1
hapus fitur sa ga guna Konami hama banget,1
enak dimainin sambil nunggu berbuka puasa,5
mohon kursorny di perbaiki sama sistemnya juga,2
TOLONG UTK SMART ASSIST dilaga PVP DIHILANGKANNNN,1
"mohon Konami jaringannya donggg diperbaiki, ini saya sudah pakai wifi tetap aja patah2 padahal buat yang lain mah lancar2 aja jancookkkkk",1
BAGUS GAMENYA,5
control semakin ngaco skrg,1
judi versi halal,3
woi konami tolong benerin lah scrip² nya,2
sngt bgus,5
skrip idiot,1
tolong benerin saat menggunakan tombol tombolnya agar tidak delay,1
"Dear Konami, if this is still the same as before, the network is often disrupted or cheats may be profitable but there are many victims, please fix the network.",5
gacorr ambatukammmm!!!,5
"sinyal di benerin , game tolol , sinyal bagus tapi delay",1
"makin kesini makin males tiap minggu update masalah sinyal tmbah parah, padahal jaringan oke pas buat main pvp ngeleg mulu koneksi putus² ujungnya kalah",1
buat laju bingkai nya 45 fps dong,5
"The smart assist setting in PVP is very detrimental to players who do not use smart assists. And they feel more powerful when it comes to beating players who don't use smart assists. Even though they are helped by AI as if it is purely because of their own skills in playing this game. If this smart assist setting is for beginners, why not just limit it to the pvp efootball league mode only until division 3 can activate this feature. Further, division 2 and above smart assist cannot be activated",2
gak pantes buat jadi penerus pes,1
"Server anda harus diperbaiki, segera pelajari!.",5
boleh la utk akun baru,5
"game apa ni main divisi 4 udh menang poin 15 malah hilang serve padahal sinyal bagus , dan sering di beberapa game keluar juga karna jaringan ...tolong di update lagi bung kalau sudah win harus nya selesai pertandingan poin tetap dapat atau ulang match",1
"gak masalah sebenarnya sama smart asisst, tapi efeknya bek sendiri sering melongo. Apalagi yang pakai squad bansos. Gk kaget ntar sih kalau ni game PAY TO WIN beberapa tahun kedepan. Entah kenapa juga tiba-tiba lag padahal jaringan aman, bukan sesekali ya tapi sering kali.",1
apaan dah masa akun gw dihapus padahal udah gw tautkan ke akun konami berarti percuma aja gw bikin akun konami ga guna akun tetep aja diapus game frik,1
sekarang leg banget gamenya,1
habis habiisin kuota aja udah donwload malah kg bisa,1
"game aneh masih aja ada yang main jaringan gua udah unggul 3-0 tiba"" ngelek dan kena combeck jadi 3-4 perbarui apaan gini mah sengaja gua kasih bintang lima biar paling atas",5
saya ada saran soal fitur smart asist untuk tendangan jgn masukin ke fitur smart asist tolong saya sebagai pengguna smart asist di adakan lagi di online karena itu fitur bukan cheat,5
"GAME SAMPAH GAME GAJELAS BANYAK DRAMA PLAYER TIBA TIBA PADA TOLOL SEMUA MAIN NYA, GAME GA KONSISTEN PER HARI INI SUDAH DI UNINSTAL GAME SAMPAH INI!!",1
"tolong pertimbangkan fitur SMART ASSIST YAA KONAMI KALAU MAU PERUBAHAN META TIDAK SEPERTI INI CARANYA ,KETIKA MUSUH MEMAKAI SMART ASSIST SELURUH PEMAIN SAYA MENJADI KURANG RESPONSIF DAN FITUR INI KALAU MAU BUAT PEMULA TOLONG DIPISAHKAN TIDAK DI DIVISI #KONAMIANEH",1
tambahin komentator Indonesia bang,1
"Gamenya sih seru,tapi pas gameplaynya ngelag banget.Walaupun jaringanku bagus,tapi tetep aja gameplaynya patah² nggak jelas",2
asik sekali,5
game terjijik yang katanya gada script nyatanya game hilang aja sinyal bahkan ke restart sendiri padahal sinyal lagi bagus sampah,1
"sistem di game ini sangat bapuk, mulai dr jaringan tidak bagus sehingga kebobolan, bek bek yg dongo ny mnta ampun sehingga lawan dapat peluang trus, ngerebut bola susah, pemain lambat gerakan, cit jaringan",1
Sering lag delay benerin lagi ngerugiin player kalo kaya gini lawan lag kita ikutan lag kan ga aci,1
"jujur makin kesini kok, servernya makin jelek ya, saya player pes dari 2019 entah kenapa makin kesini padahal playernya makin banyak yang main tapi buat matchmakingnya lama banget buat ketemu player lain, tadi saya sedang main pvp tiba tiba keluar karena ada gangguan server, atau jaringan jelek dikit langsung patah patah dan ngelag hingga keluar, mohon di perbaiki grafik jaringan dan servernya konami, padahal waktu jaman pes jaringan ga full pun masih bisa main lancar",3
"server game paling jelek, maen suka delay pake wifi sama aja delay koplok",1
"GAME KAMPUNG, BANYAK CHEAT, KALO GA NIAT BIKIN GAME MENDING GA USAH, GAME PAY TO WIN, MASA PEMAEN GUA TIBA TIBA PLENGER SMUA BLOKK",1
"sinyal lawan yang buruk mempengaruhi kita sendiri juga, permainan jadi tersendat sendat, buruk",1
great,5
game bagus dan jernih grafiknya,5
game sampah hapus sistem smart assist,1
abis diupdate emang making bgs gamenya tapi kalau ada pemain gratis/hadiah hrs nonton iklan dulu padahal sebelum enggak,2
"ada beberapa kekurangan game ini 1. kalo nyari lawan online, harus bener"" bagus jaringan nya, kalo jaringannya ga bagus dan ga buruk juga (pertengahan), bersiaplah gameplay lu bakal delay. 2. fitur kesehatan kek panah setiap pemain menurut saya kurang berpengaruh kecuali kiper (kurang bukan berarti jelek) 3. kalo main divisi, pemain ga konsisten mau gimanapun kondisinya, bisa jadi letoy, bisa jadi kenceng bgt larinya (gatau kenapa) masih ada lagi sih, tapi segini aja yg menurut saya menganggu.",1
"jelek banyak bug walau gameplay bagus,server sering eror kayak gak niat bikin game(udah main dari 2020 tapi masih aja masalah lag belom di fix,pikir pikir dulu dah sebelum download dan juga makin kesini makin pay to win).",1
"sebenernya sudah bagus cuman pas main pvp hadeh ampun bngt jaringannya, pdahal kalo buat pake main game lain ok"" saja jaringannya",1
game smpah lag mulu kalau mau ngegolin,1
"banyak script ... online macth yang harus diperbaiki ini mah sllu delay parah, walau snapdaragon 8 ke atas jg harus stabil sinyal server ini mah. padahal game sudah bagus. pemain epic gacha jutaan kalah sama bansos. parah",3
"Tolong lah konami benerin masalah jaringan. Masa lagi main divisi tiba tiba selalu Log out dari permainan, Ini bukan sekali-dua kali. Ini udah berkali-kali. Ini bikin kami sebagai player terganggu dan tidak nyaman saat bermain game. Divisi kami jadi turun secara cuma cuma. Mohon perbaikan secepatnya.",1
"ini game sudah di setting siapa yang menang, apalagi kalo ketemu squad gg squadmu bansos udah pasti dikalahin",1
"Server Sampah, ga pernah di benerin. padahal game kaya",1
Teruntuk developer terhormat tolong adakan BAL dong Become A Legend kayak nya seru dengan gameplay mobile meskipun offline,4
tolong dong adain liga indonesia dan adakan fitur become league bisa jadi kiper,4
untuk developer untuk animasi pergantian pemain nya tolong munculin masa gimana sebagus ini gaada kaya gituan,5
"main dengan pvp atau devisi sangat berat,, jadi makin malas main game ini",1
bagus bangetttt,5
mantul we,5
"tolong perbaiki masa sinyal bagus tapi pas main Mlah ngeleg, dan fitur saran tolong di hilangkan ganggu",5
"Update Tiap Minggu, Tapi urusan server tetap saja mengecewakan, terlebih juga dengan adanya Smart Assist, sangat berat main divisi ketemu S.A jaringan seketika ngelag Segera hapus fitur Smart Assist dan perbaiki lagi server sehingga nyaman bermain efootball",1
"masa yg sudah lisensi hanya Barcelona, Manchester united, dan Arsenal, PSG Bayern Muenchen, dan Borussia Dortmund dll tolong Real Madrid dijadikan lisensi",5
game terbagusss ini mahhh,5
"game babi, buat developer tolong perbaiki lah bug kursor kadang gak kepencet udah lama main tapi gak pernah dibenerin",1
"game kikir,udah kikir dikasih lawan gak ngotak smart assist hapus aja itu khusus lawan ai lah curang banget dari tempat yang umpan seharusnya gak dapet bola tiba tiba dapet itu smart assist hanya untuk orang bot aja dan juga system lu masih dongo sok sok an update seminggu sekali,system lu harus perbaiki yang bener tiba tiba banget pemain bek gw diem di tempat script system",1
sering kali ngeleg asal main selalu gak bagus patah patah kalau main multiplayer,1
wasitnya terlalu 🐶🐶,2
di perbaiki dulu jaringanya,1
gem ini sangat bagus untuk dimainkan dan bagai anak kecil maupun dewasa sangat menghibur saat kita kesepian maupun galu daan sangan membantu mencari teman,3
"kasih sanksi tuh yang pake cheat, ngerugiin banget wkwk",1
"MAKIN DI UPDATE JARINGAN MAKIN GA JELAS, UDAH PAKAI WIFI SAMA KOUTA BIASA,TETAP AJA SAMA' LAG, PERBAIKAN MASALAH JARINGAN DULUU!!!!!",1
sever di Indonesia sangat buruk di game ini,1
"seru cuman update mulu, ribet",5
setelah sekn lama ngga main akhirnya main lagi,5
TANPA BANYAK BACOT game ini sangat lah bagus untuk kita yang hobi sepak bola ✌️,5
ya gema Bagus sekali,5
gak jelas,1
tolong perbaiki jaringan,1
"ini game makin hari makin gaje, masa mach awal jaringan aman"" pas masuk babak ke 2 hancur jaringan, mana musuh main nya gaje bgt masa kalah asu lah ni game",1
game penuh dengan skrip ga jelas,1
apdate Jersey Timnas Indonesia sama pelatih seperti John herdman,5
"Masetelah update jadi bagus, tapi iklan nya sering error mohon di perbaiki segera konami biar free cpinnya lancar",5
"padahal saya beli lo kok seperti dibuat kalah terus supaya beli terus, tolong lama lama bosan juga kalau dibuat kaya gini, biasanya enteng aja ke Divisi 1, kok pemain mahal berat sekali parah ni game",1
"untuk main liga effotball itu seharusnya player vs player / player vs player smart assist+konami sih gak adil banget sumpah, masa asal teken umpan/trobos bisa langsung ke kaki pemain tanpa di arahin, mana pemainnya berasa punya phenomenal pass dan visionari pas lagi masa el haji diof stats umpan merah bisa umpan terobosan bisa sebegitu presisi dan sebegitu indahnya. tolong perbaiki/hapus aja smart assist. setidak nya kalok gak dihapus ya hilangin dari liga effotball",2
"tolong diperbaiki ya wifi bagus masa sinyal tiba tiba ilang pas lagi main divisi, eh pas sinyal dah membaik tau tau kebobolan gawang nya .. tolong segera diperbaiki konami!!!!",1
"habis update malah patah patah, padahal jaringan bagus, vs ai aja patah patah",1
"wasit ga jelas, game aneh, bisa2 nya mctomnay kalah body sama messi miami, game sampah",1
game scam,1
Terkadang keluar sendiri,4
kebanyakan scripp game anehh,1
"main lnacar giliran sudah slesai sinyal eror dinyatakan kalah gitu mulu gimna mau push devisi, benerin sinyalnya",2
"Untuk Konami, gua mau kasih masukan: 1. Gerakan pemain kalo main online match seperti Divisi PVP/laga teman pasti lambat parah karna server lemot, tolong diperbaikin servernya. 2. Update data game mending di aplikasi efootball, jangan dari play store. 3. Coba buat settingan tombolnya bikin jadi 6, jangan cuma 3 digabung. Pas pegang bola sama gak megang malah di satuin. Gua mau shoot malah tackle musuh, mau oper bola malah ganti pemain. Buat 2 settingan, jadi ada 3 dan 6 tombol.",1
bagusss banget tapi Masi banyak fitur yg kureng,5
Saya memiliki beberapa perangkat android untuk bermain game ini. Update terbaru yang dapat menggunakan gamepad tidak berfungsi di Poco F6 saya. Tetapi berfungsi Pada perangkat android xiaomi saya yang lain. Saya berharap anda dapat memperbaiki ini secepatnya. Terima Kasih.,1
"woi apalah ini gua main udah enak dan unggul terus tiba"" kesalahan jaringan dan keluar terus kalah, tolong perbaiki ini semua wahai konami 😭",1
game Tae Iki bos scrip tok akeh spin gak oleh blas,1
game gajelas isinya bug doang,1
sinyal terlalu mengeleg tidak stabil,3
makin sering di update makin tolol sinyal nya,1
Hadiah peringkat liga efootball seharusnya epic legend ini mlah hadiahnya pemain biasa payah konami seperti sedangi mengalami kemunduran,4
"tolong perbaiki lagi sinyal ny, padahal sinyal saya baguss dan ruang hp sya cukup, kenapa leg bangett",2
GAME PEMBUAT DARAH TINGGI,1
game apan servernya suka nglek udh meng eh udh di ahir suka lang sung muter tar ujung nya kalah,1
"game yang tidak fair ketika bertemu lawan full Legend saya hanya punya pemain biasa, seketika responsif button lama respon dan pemain di dalam gamenya lama untuk eksekusi perintah dari button controlnya delay. dan giliran pihak lawan serangan balik pihak saya defend malah buttonnya delay dan pihak lawan ketika menyerang malah lancar aja. game buruk dan jelek. kualitas jaringan sama sama bagus padahal",1
"saat ingin menonton iklan untuk mendapatkan hadiah selalu saja mengalami bug yang dimana membuat iklan menjadi tidak tersedia, padahal internet saya bagus-bagus saja",1
ini game nya yg harus d perbaiki atau banyak cheat sinyal luplep trus padahal d hp sinyal bagus,1
koneksi amburadul.. padahl sinyal full. mau pke pket data atau wifi sama ajaa.. game jelek..,1
"tolong developer efootball, tambahin lagi dong durasinya minimal 8 menitlah",5
"ketika main online, analog nya sangat lambat, kesadaran pemain sangat lama, pemindahan posisi otomatis pemain sangat buruk. padahal sinyal jaringan bagus",3
game semakin diupdate semakin gak jelas,1
"Servernya ngebug mulu jing, muter muter doang",1
kurang menyenangkan + logo club nya aneh aneh ga sesuai kaya aslinya,1
"semenjak ada iklan sering muter terus, perbaiki lagi lah masa pertandingan sudah selesai tb tb muter terus, terus kalah",5
"kualitas bermain buruk, passing kadang gak jelas, bola seharusnya dapat di kaki pemain malah gak dapat, bola seharusnya gak dapat malah dapat. jaringan full, dicoba ke game lain, aman, tapi malah ngelag pas main efootball. bukannya benerin jaringan malah sibuk buat pemain buat dijual, emang parah benerr, pokoknya Konami udah ketinggalan jauh sama AE sport FC.",1
apik tenan Poko e apik bintang limo,5
"kalo emang jaringannya terputus kenapa bukan dalam pertandingan, sudah menang malah terputus jaringan. bukan sekali duakali tapi keseringan. kan tolol",1
mantap dan seru 🥰🥰🥰,5
Karena ribet,1
game asuuuuuuuu celeng,1
"Tolng perbaikan dalam genus nya, pas saya main suka tiba tiba lag padahal jaringan bagus grafik udah terendah, tolong perbaiki lagi",2
lumayan lah,5
game ini bikin emosi script terus setiap main ketemu lawan P2W terus kiper lawan op giliran kiper kita 1 shot 1 gol cuman plenga plongo padahal kondisi kiper bagus bikin emosi lah bek lambat striker lawan cepat udah lah diperbaiki lah konami,1
".Gamenya Keren,, Mantappp..👍",5
ok lah sip banget,5
bagus tapi event nya kurang seru tolong tambahkan event yang lebih bagus sekian terimakasih,5
game nya jelek gak bisa nonton bokep,1
Saya Suka Game Ini Karena Game Ini Sedang Colab Dengan Lamine Yamal Idola saya,5
bagus hd banget,5
"kebiasaan banget sering banget ngelag padahal sinyal bagus, HP juga bukan HP kentang, perbaikin dong server lo. cuihh..!",1
akun gw tiba tiba ilang pas mau di cek kenapa jadi gaada akunya niat bikin game gak,1
tolong perbaiki jaringanmu,1
🔥,5
"BURUK JELEK BUSUK buat f2p dari : * Gacha 20x gratis BUSUK, Event BAU * PVP kebanyakan PAUSE waktu IN GAME * PVP SINYAL GAK STABIL AKUN HILANG, CUMA KARENA GAK MAEN BERBULAN-BULAN !!!!",1
perbaiki match machingnya lah 👎,1
"game lag, berat lagi not good i am very disappointed it lags a little bit can you change it. ‼️‼️",1
game nya bagus grafik bagus pemainnya juga mirip sama aslinya pokoknya bagus,5
knpa ini game sinyal bagus .buat main lag terus . padahal main game lain sinyal aman bagus .,2
ko makin kesini makin parah dah iklan Mulu ga bagus sekarang,2
"sinyal diperbaiki tolong, jadi kalah gara"" lost connection mulu pas main PVP league",2
sangat menyenangkan,5
game ko pay to winn,1
KICK THE SMART ASSIST IN PVP !!!,1
bagus realistis. cuman perlu ditingkatkan koneksi jaringan dan masih banyak cheater,5
sangat seruu,5
jos lekk,5
game nya bagus tapi ada kendala fps saya kan 60 jadi Fremrate nya ku jadiin 60 malah fps nya jadi 40 30 tolong di perbaiki sama boleh kasih saya hoki ga biar dapat pemain epic 4 aja,5
game jelek passing aja gak bener,1
jangan di unduh gak bisa masuk,1
Tutorialnya Ribet,1
game rusak game ancur ngelag ga jelas,1
game ajg di download nya lama,1
game TOL00L jaringan gw bagus padahal malah katalu bermasalah ajeg emang ta1 gw udah menang padahal,1
Tambahkan club liga INDONESIA. Perlu di ketahui player efottball banyak di Indonesia,2
"game rusak pas maen menang langsung tulisan kamu kalah gara2 sinyal PEDAHAL jaringan nya bagus...bagi player E football Game ini wajib di uninstall,nyesel kalo tidak di uninstall",1
game jelek aneh ribet orang mau main malah di suruh suruh lawak,1
pelit . drak sistem,1
game jelek karna: 1. jaringan harus bagus sekali (beda dg game lain yg lancar meskipun jaringan cuman 3 bar) 2. faktor pemain yg kalah level 3. faktor skill bermain. intinya kecepatan bermain lawan AI lebih stabil ketimbang mlawan player,1
"makin update bukannya makin bagus malah tambah buruk,sinyal gk pernah di benahin,pay to win nya parah banget,tambah jelek",1
kena script konami ajg kontollll,1
"Tolong dong jaringan nya buat kaya mobile legend bisa gabungin wifi dan data saluler mknya di game jadi lancar saat main online, soalnya kalu salah satu jaringan lemah di in game jadi delay",2
tampilan nya lamine yamal 🤣 gak sesuai anak bawang,1
musuh ny susah,1
Tolong perbaiki lgi dong itu masalah jaringan nya jaringan saya stabil bngt ko tiba2 pas akhir pertandingan ga ada koneksi padahal jaringan saya lgi Bagus2 nya mana lagi menang ga jls bngt,1
saya udah punya akun bagus eh malah gak bisa masuk mana udh habis 3 JT lagi plis lah perbaiki,1
"game tolol, topup aja lama banget",1
"hadeehhhh tiap main pas posisi win malah tiba"" koneksi internet ilang sendiri mana ga bisa nyambung ulang match lagi, tiap maen juga nilai tim ga setara, yaaa namanya juga game pay 2 win",1
GAME KONTOOOLLLLLL ASUU,1
lumayan bgus grafiknya,4
bener bener game ga jelas,1
bagus sekali untuk aku gema nya,5
tolong skrip nys susah banget yaaa gw jadi main nys,1
masih sering ngeleg / delay pas lagi main,4
"sangat ngelag,ada script",1
"tolong lah bug sinyal nya, disini bagus kok di game jelek",1
iklan bikin gak nyaman bangat sial,2
♡♡♡,5
game nya bagus dan kenapa saya beri 4 bintang karna saat pus devisi ketemu musuh jago Mulu dan pas lagi nyepin nih gahoki tolong naikin kehokian gua terimakasih 👍,4
stiap kamis update mllu tp msh ja sinyal mllu..perbaiki sinyal dong..pakai wifi sm data sm ja..game g jelas..push divisi kalah sm sinyal mllu,1
ga bisa di instal pas udah 100persen langsung balik lagi ke nol,1
delay bikin emosi,1
bosokkkkkkk kakean lag game bosok,1
jaringannya diperbaiki ya,5
Gem Terlalu Berat Lag Terus Kurangin Mb Atau Gb nya,3
"we tolonglah stamina itu diperkuat, lemah bangett percuma pemain epic tapi stamina lemah banget, ratting pemain tinggi tapi stamina jelek bgttt",3
seru tapi jaringan selalu jelek padahal lagih bagus,5
"konami kasih pemain free dong artau bansos,bulan puasa banhyak sedekah kasih pemain dong,malah kami kasih thr",5
"setiap update malah tambah susah mainin, game script, sering ngelag walaupun sinyal bagus, update malah tambah ngelag, wifi lancar tapi sering keluar sendiri, kayaknya sudah jarang ada yg topup karena banyak masalahnya jadinya sekarang gacha lewat nonton iklan",1
👍baguss,5
sinyalnya nggak bisa bagus,1
game yg seru dan asik banget,5
GRAFIK BAGUS DAN GRATIS DI KAYAK GTA 5,5
seru nian,5
keren. gerafik. yang. sangan bagus ☺️💞💯🙏🥳😋,5
aplah udah di masukin Imel salah serba salah jirr,1
susah untuk login ke game nya lama,1
game bola yg bagus dan hd,5
sering terjadi game keluar tiba tiba dan akhirnya saya mengalami kekalahan...tolong diperbaiki sistem nya,1
"tolong hapus fitur smart asis lah konami,saya setiap ketemu user smart assis jaringan jadi lag sama delay.terus sekarang banyak yang pake script gimana ini konami hadeh",5
banyak script nya,1
sangat menarik kasi rume donggsssss,5
remove smart assist for division match,1
"Game ini hanya menang grafiknya doang, kalau soal koneksi game ini sangat buruk. Padahal jaringan gua bagus, untuk main game yg lebih berat aja lancar, tapi tiba untuk main game ini selalu patah², ngelek😡😠",1
Game keren ad grafiknya selebrasinya juga bagus tapi coba tambah event liga indonesia piala bri liga 1 juga dan piala presiden liga piala dunia juga tolang ditambahin biar makin keren,5
game nya bagus banget pencinta bola suka sih walupun pemain nya jelek tapi bagus 👑👑👍👍,5
game t@1 tiba tiba keluar apk,1
sering ngeleg sayang,5
game tolol kagak jelas,1
game yg sangat baik pemirsaa,5
bagus dan menarik.,5
Konami pelit,1
"saya menemukan bug iklan di mana di hp saya vivo y02t efootball setelah update tambahan nonton iklan dalam gamenya setelah melihat iklan 2× terjadi semacam force close, atau keluar sendiri dalam gamenya selalu begitu setelah melihat iklan atau memang hp saya tidak kuat main efootball atau ini emang bug iklan? Konami kalo memang benar bug iklan tolong segera fix demi kenyamanan player efootball!, serasa jengkel tiba tiba keluar dari aplikasi efootball setelah melihat iklan..!",1
"sangat buruk, saat main liga posisi sudah menang tapi tiba² kalah dg alasan jaringan, benahi server sbb.mu",1
penak lurrr,2
ketika main vs PVP jaringan tolong lebih diperbaiki. dan juga control nya pada saat bertahan agak sulit,4
"game apaan, udh menang babak ke 2 tiba"" kalah karena jaringan, pdhl jaringan bagus",2
top tagak surang hoki,5
"game dakjal asuu ,game taii",1
konami kontolll,1
game bola terbaik dan tidak pelit 😍😍😍😍 tolong hapus smart asis 😭😭😭😭,5
"halo admin efootball, 10 juta gp tidak terpakai,mending olah/buat sistem gacha buat pemain biasa,biar bisa lengkapi pemain tim, seperti gacha bola hitam yang dulu.TERIMAKASIH.",5
"saya sangat suka game ini,sayangnya game ini sekarang banyak kecurangan.tolong dong Konami kasih sangsi yang curang buat apa laporan kalau nggak ditanggapi.main di divisi saya lagi posisi level menyerang lawan level bertahan.tapi malah jadi kebalik pas lagi saya udah menang.saya yang bertahan malah lawan yang menyerang.dan pas saya udah ungggul satu gol,sinyal mulai patah2 sedangkan sinyal saya bagus.itu sering banget terjadi.sayang banget game sebagus ini,rusak gara2 kecurangan berkepanjangan",1
sekarang sering muter tiba2 kalah pdhl udh menang udh cape2 main tolong di perbaiki skrg malah ga se enak dulu mainya,2
sangat mantap...,5
"akun saya hilang, tiba tiba login akun baru tolong kembalikan akun saya, karena saya sudah banyak mendapatkan pemain legend berbintang dan bergengsi sementara saya beri ulasan bintang 2🌟",2
"Game nya udah bagus, tapi gimana nih, saya main divisi AI padahal jaringan bagus kok sering ngelag, ngelagnya kadang pas mau ngegol udah didepan gawang lawan, gara gara ngelag malah hilang bola, dan juga kadang ngelag pas lawan lagi nyerang, sudah di depan gawang tim saya, jaringan ngelag parah, alhasil lawan gol, padahal main divis vs AI, ngelagnya parah juga. makin parah ngelagnya, jaringan bagus, penyimpanan memori masih lapang",2
permainan yang sangat jelek secara sistem pemilihan lawan,1
sangat seru banget ini fotbal tapi sayang belum ada liga 1,5
"geme ini makin hari makin buriiik , di sarankan jngn download",1
gue kasih 5 bintang,5
"sekelas konami ada iklan masuk digame. sudah gak jelas, busuk sudah",1
gimana si mau top up di persulit,1
grafik tinggi saya gk bisa kenapa ya?,5
"game toIoI, ilangin smart assist lu toIoI. game curang toIoI",1
"My account is lost because after the update it requires two-step verification. However, the email used for the account is no longer accessible. Konami is terrible; this is very harmful to users.",1
"kena script mulu banyak bug game nya kurang enak,p2w",1
game nya enak geravik hd tapi kalok gaca Sukak kagak dapat tolong kasi aku pemain yang cantik Konami,5
"Kacau eFootball™ 2024 makin kesini makin bagus , yang perlu di perbaiki setiap mau main laga online seperti liga eFootball selalu keluar padahal penyimpanan internal sisa 8gb ,tolong di perbaiki masalah ini ,saya beri bintang 5,,keren makin maju lagi",5
tolong ada edit pemain,5
Game ini bagus tapi kok kenapa keluar sendiri padahal baru download dan kompatibel,5
baik baguss olahraganya game,4
"tolong segera perbaiki masalah jaringan kenapa selalu keluar sendiri dari game dalam posisi menang itu sangat merugikan player, tolong segera di perbaiki",1
bikin buat ngelaporin musuh dong masa banyak banget pemain yg setiap aut di lama lamain ke taktik,2
"koneksi rusak, ngelag banget",1
Lagi main. tiba-tiba keluar padahal signal bagus.,2
game yah sangat memuaskan,5
konami ajg,1
"perbaiki dulu jaringannya baru dirilis, dibuat main",1
min Kurang liga ucl nya klo ada malah lebih baguss,4
"ni game keknya udh fix udh disetting yg menang siapa,,player player bansos dibuat sngaja biar kalah,,enak main lah tiba tiba relog,,maksudnya apaan deh?? ,,klo kalah secara murni ok gue akui cuman kalahnya gak msuk akal dan itu sngt sering yg gue rasain,,masalah signal juga bgtu,,main 4 kali signal lancar giliran main ke 5 kali signal buruk lalu kalah,,giliran pro player bisa smpe 30 winstreak,,pertanyaan gue cuman 1,,knp pro player gak ngerasain signal buruk?? apakah ada tambahan alat lain ??",2
parah. ada yang udah kalah ngecheat. jadi nya kita kalah wo. tolong perbaiki,1
Mantap kang game na👍,5
"kebanyakan drama, skrip lah AI lah gatcha yang ngerugiin lah",1
"tolong admin efootball bantu saya, saya jual akun ditipu",5
terus kembangkan,5
"1. log in susah 2. setelah beres game, posisi menang tiba-tiba loading parah n kalah update nya ga ada hasil sistem nya buruk",1
Saya mau ditambah pelatih nya sir alex fargusen sama louis van gaal dan pelatih legenda dan perbanyak pemain bansos gratis san semua rigion dan kasih lah kiper untuk kiper nya yang masih bot kasih legenda ovr agak tinggi dan konami pelatih nya kasih asisten yang agak murah masak pelatih kerja sendiri ya nggak bisa harus nya sama asisten pelatih dan komentator bahasa Indonesia biar kayak fc mobil,5
Sekarang e football ada iklan nya jadi mau ambil pemain atau bonus item harus ada diiklan ya. ganggu banget gak kaya efootball sebelum nya yang tanpa melihat iklan terlebih dahulu.,1
"game tolol,update aja kerjaany,gada perubahan sama sekali jaringan bapuk,dibandingin kompetitor game lain sudah ada boost signal (data+wifi),tiap push divisi grafik jaringan naik turun,saya ulangi sekali lagi ,GAME AMPAS!!!!!",1
"server lu benerin noh ajgg, internet gua buat aplikasi laen lancar tapi buat aplikasi lu jelek ajg",1
hoki terus kalo gacha,5
terbaiiikk,5
"overall sih bagus.. tapi yang bikin kesal jaringan servernya yang ngelag parah, sampai"" gameplay nya delay.. padahal kalo main game lain jaringannya bagus"" aja... tolong adain peningkatan jaringan biar lebih bagus, soalnya yang main gak semua pake wifi.. sekian dan terima kasih 😊",5
refleknya jelek banget nggak bisa sat set,4
suka patah patah,5
good i love you i.m see you next,5
"ni game gamau dengerin kata playernya atau gmn, konami pura-pura ga lihat apa game banyak yang main data?, mana delay banget padahal jaringan bagus-bagus aja, sama ni game kikir banget (menurut gw), gw udah top up masih aja dapet pemain dibawah bintang 5, mana dapet yang bagus jarang banget, burung fix lah kocakk",2
game yang seru grafik nya bagus tapi wasit yang tidak adil,4
Gajelas amat lu Konami gw ngoper pas mau Terima malah kesamping samping dasar monyed,1
"tambahin bintang karena gameplay udah enak menurutku. RNG juga udah mendingan. Sayang udah 2x an permainan tiba-tiba force close saat posisi sedang unggul. kedepannya semoga bisa pilih skill dan booster sendiri saat menambahkan keahlian dan booster ke pemain. biar ngga mubazir token, masa kiper di tambahin gerakan scotch, padahal niatnya mau di tambahin skill kapten, semangat juang, tendangan GK rendah, dan skill kiper lainya. kalo Marseille turn masih bisa lah untuk kiper.",3
tolong diperbaiki sistem gachanya dan terutama delay kursor saat passing ataupun shooting mohon diperbaiki,1
ini kenapaa yaa bang kokkk gabisa login ada tulisannya terjadi kesalahan jaringan perintah yang valid terdekteksi,4
"sinyal harus bagus teruss,jangan berat berat lah di sinyal,game lain sinyal bagus giliran mainin game ini sinyal jelek",1
game burik tiba2 keluar padahal sinyal bagus,1
"JARINGANNYA MMK, JARINGAN NYA DI PERBAIKII TAIKK, UPDATE TIAP MINGGU JARINGAN KYA TAIKK, BANYAK MASALAH",1
"makin update makin ngelag,,, kirain jaringan yg nggak bagus,,, sampe hp dibanting,, rupanya gamenya makin nggak jelas.. ngelag parah....",1
"update terhancur sepanjang masa,,buruk",1
asik banget game nya,5
"bagus harusnya, but server nya so bad 🤗",3
"Game Binatang, 2 kali main lalu terputus koneksi padahal sinyal full batang dan bagus, mentang mentang gak ada topup lalu dikalahkan oleh sistem mu. Game Tidak Rekomended",1
"smart assis push divisi hilangin, push divisi hanya untuk laki-laki tanggung tanpa bantuan ai",5
"game terburuk, beberapa kali main setip sedang unggul tiba-tiba ada ajah masalah dan jadi kalah ngga jelas.",1
"Ini game aneh banget, udh mau naik div 1 eh malah dikalah2in gegara sinyal ajg. Mana turun ampe div 3 lagi. Tolonglah masalah jaringan diperbaiki, masa dari dulu belum juga diatasi",2
tolong hapus tu semt asisi,5
game tlol pay to win,2
best game ever,5
woy kasih wasit yang bener kesenggol dikit lansung pelanggaran hama lu e football sama itu pemain aku kok bengong Mulu kalau gua hapus game ini gak seru kalah mulu,1
game babi monyeetttttt,1
"update an terbaru bikin emosi, sesaat setelah peluit berakhir sering loss / jaringan terputus padahal WiFi/ paket data lancar. sangat mengecewakan",1
"game apaan nih, baru juga main eh malah delay ini penyakit udah lama loh katanya mau di benahi mana?",1
tolong yang bisa jawab kenapa gue gak bisa nonton iklan berhadiah padahal gue udah ngidupin pengaturan iklannya cook... apakah ini bug atau gimana coba jawab 🙏🙏🙏,2
"permainan di atur sistem mau kita jago sekalipun kalo udah di atur kalah ya kalah temen gua juga awalnya jago udah devisi 2 tiba tiba di kasih kekalahan berturut turut jadi ngeleg sendiri padahal jaringan bagus pas bagian ke bobolan jadi lancar kan kocak HP da bagus,terus kadang diley musuh nya lancar kan kocak",2
"GAME DONGO SINYAL GA PERNAH DI BENERIN GILIRAN MAEN GAME LAEN LANCAR GILIRAN UNGGUL DIBIKIN NGELEG TAPI PAS KETINGGALAN SKOR LANCAR GAMEPLAY LAMBAT, GAME KOK DELAY",1
mempromosikan iklan atau situs judi yg dapat merugikan banyak orang,1
makin di update makin ga jelas nihhh efotbal...lagi main tibi tiba keluar sendiri,1
bagus game nya grafik op kayak di ps dan tolong kalok update lagi tambah komentator Indonesia seru paling dan tolong tambahin lisensi klub nya jangan cuma sedikit,3
ya grfiknya bagus tapi ketika di main kan ngelek itu ngaruh ke gemplay nya dan 1 lagi fungsi pembaharuan itu apa kok gak ada bedanya gemplay nya sama aja ngelek,5
"koneksi internet buruk, kalau lg tanding sinyalnya sllu jelek....",1
"game tolol,game busuk,game kocak",1
game bosok,2
timnas Indonesia gacor 🔥🔥🔥. harusnya bisa main offline juga,5
"Good game, but it's still game not reality.",5
"sejak update sering kali saat main divisi tiba-tiba keluar, padahal saat tidak main divisi tidak pernah tiba-tiba keluar, itu sangat menggangu",3
min wasitnya ko ngajak tauran ya😁🙏,4
"harusnya di liga saya ada tambahan seperti ucl dan super liga,biar gk ngantuk amat sambil nunggu event",3
gem ta1 jelek butut,4
"Game ini kurang bagus, menurut saya untuk mendapatkan pemain bagus sangat susah sebagai pemain f2p. selain itu saat bermain divisi sering mengalami lag dan perbedaan jaringan yang merugikan, dan saya sering mengalami bug dimana saya memenangkan laga tapi setelah selesai terhitung sebagai kekalahan. TOLONG diperbaiki untuk pihak developer.",1
"sinyal gampang ilang padahal internet stabil,",1
"tolong min di filter ada kolom umur untuk pemain, pemain muda atau tua misalnya. kan ada tuh pelatih yang cenderung melatih pemain muda atau veteran.",5
"muter muter, enggak jelas",1
bagus tapi paling harus di perbaiki yaitu server nya kadang down kadang bagus,4
"woyy hapus SMART ASSIST GAK GUNA, BIKIN GAME PLAY ANCUR!!",1
Game rusak. Tiap update ganti gameplay. Player dibuff dan didown seenaknya.,1
game nya bagusss,5
game goblox tolol,1
"Servernya sering down, padahal sinyal saya selalu bagus. tolong segera diperbaiki yaah Konami.",2
konami sia pangleumgitkeun saran pas lagi main soalnya udah tau ngeleg malah kasih saran tolong seperti dulu lagi . konami anj,1
Konami dancokkkk,1
"game tollol, mau ngumpan sama shoot aja lama, segala diem dulu dibawa dulu kgk bisa maen satu sentuhan, beda bgt sama kompetitor nya",1
game sangat tidak berguna di kasih lawan tidak seimbang terus game hama,1
game hama,1
kenapa gk bisa memutarkan iklan,2
"Game rusak. Stuck Divisi 2 vs ai karna cara main komputer yg aneh. Pemain sendiri saat pegang bola selalu mudah direbut, giliran com yg dpt bola susah buat direbut. com main umpan pendek dan terobosan selalu lolos tanpa bisa diblok, pemain cmn planga plongo doang. Giliran kita mau oper atau terobosan selalu bisa diblok. Shooting pemain com selalu jd gol, sedangkan pemain kita gampang diblok. Pemilihan lawan selalu tidak seimbang dari rating kita. pemain com dengan rating 109 sangat sulit dikejar",1
semakin di mainin tiap hari semakin aneh bukannya di perbaiki malah semakin ancur dari segi defend dan menyerang terlalu kacau. dan sinyal harus setabil kalo ga setabil suka dianggap kalah oleh system,1
tingkatkan,5
minimal ngotak klo ngasih lawan Ai di liga 3 dek,1
"hilang in script yang ada di game ini itu sangat merugikan player yang bermain, berikan permainan yang adil",2
"game babi hp ngefaram dan kluar sendiri pas lagi main semenjak ada iklannya, mending hapus aja iklannya, sebelum ada iklannya enek² aja",1
gem ini sangat seru coba main gem ini apa lagi hari ninggu seru,5
bagus banget cuman gaada lga indonesia gaada ligga penggadaian sementara bintang 4 dlu kalo ada liga 1 sama liga penggadaian bri supr league aku kasih bintng 5,4
pes ies better,3
jaringan dan sinyal bagus tapi seakan sinyal ga bagus tolong di perbaiki lagi,3
patah2 gaje konami bikin kalah aj,1
bagus tapi ram nya lumayan,3
game nya jelek,1
gamenya bagus 👍👍,5
Kurang lebih sama,5
jaringan ga stabil pelit kikir,1
"game yang sangat jelek untuk jaringannya, saya selalu kalah main game ini karna jaringan, apalagi saat main PVP atau push divisi, jadi malas main online nya, pakai jarinhan provider ngelag, pakai wifi pun ngelag. tolong Konami perbaiki masalah ini",1
Saat bermain tiba-tiba saya ngelag padahal jaringan saya bagus.Wasit kontroversi sudah jelas pelanggaran di kotak pinalti malah diem.,1
karna bagus bagen,5
game nya sangat bagus dan sangat cantik grafiknya dan saya kasi bintang lima,5
Game bola dengan gameplay yang bagus menurut saya mah dibanding game bola mobile lainnya,5
bodoh,1
tolong untuk KONAMI kenapa sekarang efootball semakin menjadi jadi sinyal terkadang hilang tiba tiba keluar dari aplikasi dengan sendirinya sering patah patah gak jelas. untuk KONAMI tolong di perbaiki jangan bikin saya merasa bosan ya🙏,5
paling buruk,1
"game nya gak bagus, permainan sering macet""",1
"giliran kita yang lag kita langsung keluar dan dinyatakan kalah, giliran musuh yang lag ga keluar sama sekali malah kita jadi susah mainnya, jadi patah2 gtu",1
pemain terasa berat dan sering kali di temukan lawan yg tidak sepadan,2
"the best, semoga kedepannya semakin bagus, dan fitur lengkap semuanya ada",5
"game rusak,",1
"woi sampah, menang event liga 3x, tapi yang terjadi kalah saat match selesai, di ingame bagus koneksi nya, giliran selesai match ""anda kalah karena koneksi anda bermasalah"" bikin server tuh yang bener, jangan kebanyakan bikin event sampah yang cuma buat nguntungin lo doang, padahal yang buat player nyaman tuh server yang bagus sama gaada nya bug, ini yang dibagusin event pack epic doang, udah mah yang keluar pemain itu itu aja, beda playstyle lah, beda skill special lah, kadang beda player model",1
game makin ribet susah masuk akun hilang terus game ga jelas,1
GAME TERBURUK YANG SAYA MAINKAN,1
masalah jaringan tolong dong di perbaiki...,1
"Iklan tidak bisa, gangguan server",4
"saran saya yaa semuanya sudah baguss tinggal tambahin ini doang sih, pas main di liga saya trus misalnya masuk ke liga Inggris, kalo sudah final atau sudah menang di liga itu saran saya tambahin Liga Champions UEFA, yang menang di liga liga masuk ke liga ini untuk melanjutkan pertandingan yang lebih hits/naik level, itu saja sih dari saya, soalnya saya kadang suka main di liga saya, tolong ya developer untuk tambahkan update ini selanjutnya",5
"kontrol berat, pergerakan pemain aneh parah",1
bgus grafik nya,5
grapik nya luar biasa,5
bagus banget banget b,5
tambahin persija kak udah bintang 5 kok adanya persib ajah,5
"izin ya konami untuk fitur' nya tambahin lagi dong,trus untuk lawan di divisi itu yang seimbang dan adil,kadang ga fair banget, dan untuk player yg pake sa itu jgn di kasih jdi jago karena kebantu sa",4
keren 🔥,5
madep pisan,5
permainan sering ngeleg padahal jaringan bagus,2
permainan ini sangat lah hd saya menyukai nya,5
untuk kualitas game sudah bagus dan dari segi grafik sudah bagus tapi tolong untuk devoloper nya tolong di tambahkan license untuk jersey yang belum ada license nya jadi saya kasih bintang sementara 4,4
Game Full Script ngga bakal ada yg jago di game ini menang kalah dan gacha semua sudah di atur sama dev game apa bedanya sama judol klo gini game lawak,1
"saya ingin menyampaikan sedikit saran, yaitu mengenai selebrasi Benjamin šeško, saya ingin ada versi selebrasi lompatan yang biasa ia lakukan. terimakasih",5
"i mean like its fun but when you play against ai with legend difficulty it just not fair at all and its disgusting. your team just turn into the worst team possible, when they are defending they just watch the ball go pass and through them like a freaking statue. meanwhile the ai team turn into monster their passing are on point, their shooting power is hillarious and i cant do anything against them. so please konami delete this difdiculty or change it. thank you",1
game ini bagus tapi tolong adakan bri di efootbal dan penontonnya aga beram,5
sangat seru tapi kalo nge gaca gak dapet satupun,5
serverlu noh kek sampah!!! mikirin card muku server kek jaman batu,1
"Min lumayan bagus,tapi ada kurang nya,tlong dong kasih liga championnya,habis tu tukar pemain dalam pertandingan di liatin.kalau bisa tambah beli stadium dan merombak stdium juga.trima kasih",3
"Tolong dong di basmi itu player"" yang udah di laporin di periksa, trus di ban permanen, 2x gue ketemu player yang tbtb keluar game sendiri, parah banget si itu hancurin match doang",1
tidak cocok untuk pemula,3
"makin hari makin gajelas,wifi data bagus hp support,tetep aja pas in game suka ngeleg"" giliran lawan nyerang bagus ,bagian kita nyerang patah"" kondisi wifi/data bagus ,hp juga ga kudet"" amat,niat mau naikin divisi , ini kaya yang gaboleh naik divisi update doang di gedein , kualitas in game burik, grafik mau rendah ,mau bagus tetep leg .",1
setelah di upgrade malah macet macet padah hp ku ram 6 jaringan pake wifi tolong perbaiki dan semoga upgrade berikutnya ada laga piala dunia nya,3
ga bisa masuk ke geme nya,1
jangan Sering updet kalo bisa GB nya kecilin,4
Semenjak update banyak semakin banyak iklan slot dan banyak yang gak jelas sampai 50 detik emng tolol,1
"Dear Konami: Please just remove the smart assist feature. The passes become very abnormal. Those of us who don't use the feature are very, very annoyed and have a very hard time dealing with it. And also, I won the match, and after the match ended, why did I lose with the reason that my connection was bad, even though during the match, my connection was fine throughout the match? This has happened many times. Please fix it, and just ban sneaky accounts like that.",5
"game tolol sih ini, apa coba bantuan cerdas, semua pemain serasa ada skill penomenal passnya, ngacoo. sisah pencet2 aja kalau aktifin bantuan cerdad, game tololl",1
"oiii udah gua kasih bintang 5 masi aja lu pelit ama gua, kasih akun gua hoki dong kalo gaca",5
"Kalau bisa di buat fiturnya seperti PS, ada semua liga jadi semakin seru! Tolong di tambah untuk kompetisi admin",5
tolong masalah jaringan agak di tingkatkan lagi.,3
"kenapa sekarang mau klaim gratis aja harus pakai iklan? mana iklannya ngga ngotak lagi, iklan minimal 3 panjang semua, tapi dapetnya pemain gacha Bintang 1",1
"DELETE SMART ASSIST, it is very annoying, the AI ​​movement becomes heavy and is detrimental to us who play purely using skills, smart assist pampers users too much. For those who use it, fix it immediately if you want this game to stay at the top level.",1
gak bisa di download hp tidak mendukung padahal hp ram gede,1
lopyu deh intinya,5
mungkin kedepannya ada fitur melindungi poin setelah poin perlindungan nya penuh,4
"umur game sudah tahunan, tapii setiap update leg masih ttp Jadi permasalahan,, main di awal awal menit enteng, tapi kelamaan jadi tidak karuan, delay, leg parah, pemain berat dikontrol, jadi malessss",1
in game parah masa pemain top up dipakai terasa berat lawan pemain gratisan performan tidak masuk akal terus Siring tiang aduh mengecewakan ada akun di bantu ada akun yang di kasih skrip,3
aku mau bonucci,5
"gua enggak nyaranin lu game ini di hp, kalo mau mainin di hp mending yg sebelah aja dah, game ini delayy bettt dah mau nendang aja lama nya buanget,bukan soal jaringan tapi memang apk nya aja. saran dari gue buat konami tolong di benahi lagi yaa masa mau nendang aja lama nya masyaallah lama bet dah engga bisa langsung nendang aja. tolong yhaa 🙏🙏",1
e football memang sangat keren,5
"tolong masalah bug sinyal dan gameplay sinyal di perbaikin,karna tiap main ada aja sinyal kenceng tapi tiba² keluar dari game koneksi terputus,kalau blom di perbaikin juga sblm efb 2027 ku hapus nih game",1
udah gak seru,1
"gajelas download udh dua kali malah suruh ulang instal Lo kira ukuran 2,gb kecil?",1
game tolol passing lama,1
sumpah seru banget game nya trima kasih Konami thengz bnget,5
"konami ni game knapa lagi suka keluar sendiri,, jaringan ku bagus"" aja,, perbaiki lah servernya,, bikin moot ilang sumpah!!",1
"hate it about ads hahaha, looks less elegant",1
tolong dong smart assist di hapus di divisi banyak pemain yang ngeluh ini tidak adil,1
Game udah bagus tapi belum bisa fitur cup,1
"udah di backup wifi pun masih aja nge lag, tiba lawan nya lancar jaya, pemain kocar kacir ntah kemana"" pas lawan nyerang, padahal dah di arahin untuk ngejar malah lari entah kemana"" aneh""",1
"game haram bikin emosi ,masak main lawan online sering lag padahal sinyal lancar,ayo download sangat rekomendasi dimainkan saat sedang stres.",1
"kenapa setiap update selalu bikin tidak nyaman bermain?? jaringan nya tidak stabil pasti selalu patah-patah, walaupun main vs AI tapi tetep patah-patah. gak kayak sebelum-sebelumnya walaupun jaringan tidak stabil masih lancar aja. tolong dong perbaikan lagi terkait jaringan nya. karna gue main game ini dari jaman nya masih PES ke efootball. gue main gak pernah lancar karena jaringan gue gak stabil.",3
"good,tapi boong kekontol",5
"tolonggg di perbaiki ya game nya saya main kurang nyaman tambah lagii emosi karna kenak scripp muluu main jdi kurangg nyamann, padahal niatnya main buat nenangin hatii ini malahh nambah emosii tolongg di atasi ya masalahh iniii",5
hapus smart asist dong,1
smart asis idiot delete it now 😡,1
game GK jls GK logis GK masuk akal sampah,1
"kursor kemana opernya kemana, kalau jaringan jelek sedikit pvp langsung lag dan delay di fix in deh",1
game sering delay,3
Konami kapan di kasih kartu epik lagi untuk akun saya🥺,5
keren grafiknya,5
"semakin kesini semakin ngawur permainannya , tidak seperti dulu , sekarang pemain jadi bego bego padahal dulu enak enak aja di mainkan , suka ngelag , oper gajelas , sudah cukup yg penting sudah pernah ngerasain div 1 , dan yak untuk developer tolong kalo semakin banyak yg main tingkatkan kualitas bukan malah rendahin kualitasnya gini , lu bukanya terimakasih sama yg mainin ini game malah sebaliknya lu",1
keseringan pembaharuan sat....,1
udah menang 3 - 0 bisa bisa nya kalah gara gara jaringan!?,2
"gak masuk akal ni game, gameplay nya makin di update makin gak bagus, makin jelek, ganti pemain delay, tombol-tombol nya kurang responsif, apalagi tombol ganti pemain dan oper, benar2 lambat kali respon nya, ni game makin gak nyaman buat di mainin, gameplay nya benar-benar gak bagus, pemain nya pada planga-plongo, konami2, kenapa lah makin gak enak gameplay nya ni, makin buruk ni game",1
"Pembodohan!! Masa giliran kalah lancar, pas menang akhir game udh selesai terus loading dibilang kamu kalah, lah kocak nih game.. buruk!!!!",1
sering kena skrip coo gak seru,1
"babi 🐷 kalau nak main divisi ,kalau kata menang naik poin 20 sajak , kalau kalah 35 turun babi betul Konami",1
"gua gak habis pikir sama Konami kok kalau imbang/seri mah turun reting seharusnya tetap atau naik sedikit lah, ini malah turun.",3
ini game kenapa dah padahal jaringan bagus ko berat banget mainya,1
pas baru masuk langsung dibikin pusing loginya dulu mah gampang sekarang loginya susah banget,1
"gamenya merugikan player, beberapa kali stak, error dan bug, tiba"" suaranya hilang, diba"" macet, padahal yg dipakai main itu iphone, tolong dibenerin dong",1
game kikir gua dah push divisi 3 mau ke Divisi 2 padahal seri kok malah turun 2? benerin tolong dong Efottbal kasih poin 5 atau 10 lah kalo seri dah effort effort nya mau push divisi malah seri turun 2,3
mohon di tambah patch liga indonesia bri terimakasih,5
"ngoper nya lambat, pas di tekan umpan gx langsung di umpan, al hasil keburu ke ambil, mau shoot pun sama,,, perbaiki lagi min",3
game kurang ajar mesti akun Uda naik grafik mesti hilang.....,1
"banyak script.... tiba2 tidak bisa menyerang,atau umpannya tiba2 jelek",2
PVP sangat buruk !,1
"jelek, akun saya tiba tiba mengulang lagi dari awal",1
"bagus, hanya kurang di seragam tim, sebisa mungkin update jersey tim nya seperti di nyata",5
mntap,3
"jujur pemain saya stelah update pada oleng, yah maklum sih cmn player F2P",2
perbaiki servernya,2
kalah gara² ngelag di akhir doang padahal udah menang,1
semoga lebih baik lagi,4
"suka ngelag gajelas padahal signal lancar, script aneh tb tb pemain jadi berat padahal ga cedera dan stamina full pokoknya aneh bgt ni game 👎",1
sudah seru sihh..hanya saja keselnya itu buat cari koin susahnya minta ampun,4
"pembaruan rusak, nggak bisa mutar iklan",1
koneksi tidak bagus,3
"pencarian musuh/pemberian musun tidak adil,bagaimana bisa divisi 2 ujung ketemu divisi 1 atas?,dan gamenya tidak stabil antara player pay to win dan free to play,sangat menguras energi dan emosi saya bermain game ini",1
"banyak users menggunkan scirpt,sistem matchmaking jelek,semakin pay to win dan sulit berkompetisi untuk pemain f2p",1
"setiap saya ingin naik divisi mesti dikasih musuh susah tolong diperbaiki biar semua yang ingin naik divisi dipermudah,sampai hari ini permintaan saya juga belum diturutin dgn developer,juga dgn sistem gacha juga susah dapet epic nya",1
untuk laga teman dan divisi lebih bagus ada fitur microfon min,5
"dari jaman kapan tau update ini termasuk terburuk. pembacaan bola sangat lambat sampe gampang banget musuh nebak. lalu ada Rb dan Lb kadang bukan nya turun makan jalan kaki. emang ada stamina tapi harusnya ga sampe segitu nya lah sampe jalan kaki begitu. belum lagi untuk crosing sepak pojok itu ga kek dulu buat peluang sekarang mah gampang ditangkap kiper kalau dulu mah bisa langsung gol itu corner nya kalau belum update besar besar lagi udah stop dulu mainin ini game udah cape mental, jadigila",1
"game nya bagus,cuma di sinyal ngelag terus badahal sinyal di hp bagus,tapi selalu hilang jaringan,main sudah menang gara² ngelag jadi kalah,konami harus perbaiki tentang jaringan!!",2
"game pemborosan, tidak baik untuk kesehatan",1
@eFootball Masukan sedikit buat game ini bagusnya kalau di hilangkan saja smart asisst nya (umpan cerdas),5
"game ampas lawan ai, van dijk kalah sundul sama messi dongo dongo",1
server bapuk..,1
game bola paling realistis di mobile,5
ga seru seru juga,5
sangat bagus,3
game sangat jelek ngga usah bikin game lagi pokoknya jangan download game ini,1
"gak tau malas aja,emang gamenya aja yg buat kesal ini",1
game taik sinyal GK jelas padahal pake wifi,1
wasit nya gak Cok jangan di download,1
"matching lawan tidak imbang, pemain suka blunder Dan pemain suka membuat Gerakan Yang tidak di inginkan atau tidak sesuai perintah.",1
game bagus cuma kasih bnyk bonus (gp dong) :),5
"halo min,tolong ya beri kamu nostalgia seperti pes 2021, seperti gatcha nya memakai koin gp,plis notice aku ya min terimakasih effotbal terbaik.",5
"no smart asist, smart asist pengganggu gameplay",2
"udah bagus, cuma tolong tambah kan ekspresi bek pas melakukan penyelamatan, biar kerasa perjuangannya, udah si gitu aja.",5
game ga jelas orang dah jelas wifi rumah lancar pas maen ni game malah ngelag2 mana sampe keluar game sendiri lagi hadehhh,1
min tolong wasit nya suruh adilll,4
"game tidak adil, gerakan pemain serta umpan di buat buruk dan tidak seperti biasanya, makin buruk, sistem yang ga adil, skill tidak ada gunanya di game ini, hanya keberuntungan sistem dari Konami yang bisa buat player menang atau kalah, menang atau kalah tergantung dari sistem Konami",1
"makin kesini makin aneh ini game. kerasa bgt scriptnya, ngaku² ga pake script cuih ternyata banyak scripnya. kadang tombol gabisa dipencet gabisa diapa apain.. gw bkn sehari 2 hari maen ini game tapi hampir 2 tahun",1
"kenapa tiba"" kesalahan jaringannn, jdi gajadii menang, sementara bntang 1",1
"gatau ini ketemu cheater atau emang optimalisasi jaringan yg jelek, udh beberapa kali unggul di menit akhir tiba"" disconnect. padahal jaringan bagus.GAJELAS",1
mantap banget matchmaking squad bansos ketemunya squad FULL EPIC gacorrrrr,5
perbaiki masalah jaringan main pvp udah menang pas laga selesai malah muter2 terus hasilnya malah kalah gokil sih bener2 merugikan,1
ｇａｃｏｒ ｄａｈ ｐｏｋｏｋｎｙａ,5
wasit nya kadang adil kadang gak adil tolong di perbaiki,5
jangan pernah download game ini buat orang banting hp sampe rusak kalo bisa jangan pernah download,1
"maaf min udah berprasangka buruk duluan, ternyata sekarang bisa ngumpulin koint lewat nonton iklan, kalo bisa sekali nonton 10 koin min.",5
"very bad server, even if the game play is good, if the server is bad, why continue???? 👎🏻👎🏻👎🏻 not recomended!!!",1
Perfect,5
ngaco,1
"game bagus,ini yang saya rekomendasi game yang paling mirip game fifa di pes 💯",5
di update terusss maen ngeleg walpun sinyal nya adaa tapi di football malah ngelag Gajelas,2
iklan tidak suport dalam acara pemain berbakat,2
yang baik,5
saya sangat senang dengan game ini tapi ada kekurangan GK nya kurang repleks,4
"saat main lancar tiba-tiba keluar pertandingan dibilang jaringan bermasalah, wkwk. mana lagi main divisi kocag",1
"bagus bangat ,cuma kasih saya pamain yg bagus saat gacha",5
setiap hri gw main ini geam ini bagus banget jirrrrrrr,5
"pess tolol,masa main divisi kita udah menang lawan orang,tiba tiba sinyal ilang,dan jadi kalah , padahal yg menang kita bukan musuh,tolong lah hal kaya gini di perbaiki",1
"game nya bagus, tapi tidak dengan server nya, servernya busuk banget, sinyal gw bagus aja masih ngelek sama dia, trus paling keselnya lagi main divisi, udah menang eh tiba tiba keluar dari game karena sinyal katanya padahal sinyal gw bagus bagus aja, sebelum itu di perbaiki mending Bintang 1 aja deh buat lu Konami",1
tolong dibenahi!!!! sering tiba2 keluar sendiri pas half time,1
"laga sudah selesai dmenangkan oleh saya. tiba2 waktu mau k menu utama loading lama sekali, sinyal padahal lancar, tiba2 aku dbuat kalah karena connection lost",3
"game p2w abis,ga ramah buat yg ga p2w",1
"sangat buruk sekali,ketika main divisi sinyal padahal bagus tapi kenapa operan jadi lama,masih banyak bug",1
"buruk bgt Maslaah jaringan kalah berkali kali gara gara jaringan, jaringan saya bagus wifi + data buat main ml aj stabil bgt di angka 7-10 ms buat ini game gajelas bgt tiba tiba ngeleg terus",1
GAMENYA SERU DAN REAL LISTI,5
bagus tapi kalau lagi iklan tolong jangan keluar langsung aplikaainya,5
Kenapa Region indo susah banget untuk dapet kartu epik? Sampai banyak player yang milih pindah region. Kocak konami!,2
game nya kaku woy ngoper butuh 2 detik durasinya gak bagus,1
awalnya suka banget...berhubung sekarang ada pilihan iklan jadi males main...udah gitu iklan nya durasi lama 2-3x play... dah gitu dapet nya player bintang 1 Mulu... game ok ✅ iklan noway ❌,1
"untuk konami yang terhormat ya,ini luhh ngapain sering² update kalau game plan nya kaya asw,sering bug sinyal, sekrip,asw,mau umpan/lainnya delay kaya asww,",1
mantap sekali game nya,5
"game ga jelas, ketika dapat musuh rating di atas kita gerakannya enteng tapi ketika dapat tim dibawah kita langsung berubah jadi berat dan plonga plongo",1
jaringannn tolong stabilkannn!!!!,5
game aneh sinyal bagus tapi ngelag,1
Ngabisin duit gokillll,5
tolong hapus dong fitur smart asist karena itu berpengaruh pada jaringan saat bermain,5
game gajelas baru main ketemu lawan yang sudah jago,1
so far so bad,1
padahal sinyal bagus tapi malah kembali lagi main malah kembali di apdet malah nambah burik,1
gpp walaupun game nya ngelag saya tetap suka mainnya,5
"GAME KOCAK, SINYAL ITU BENERIN, JARINGAN BENERIN, UMPAN SENIN KAMIS BARU KELUAR, GAME TOLOL",1
sangat memuaskan 👍,5
buat deplopert saya udah lama memainkan game Konami ini dari tahun 2020 sangat baik dari segi grafik nya tapi semakin di update semakin kurang baik Krn bnyk ngelag aplikasi nya tolong di perbaiki,4
game tolol hapus aja masa kita main pemain nya kaga jelas,1
fix the script,2
udh bagus tpi tolong lh konami ukuran geme ny dikecilkan kasihan sma yg HP ny ram kecil,5
kelamaan update,1
"kalo di oper ada inisiatip ngambil jan nunggu kck, updetttt trussss updet se abad nambah bagus ora",2
Saya Sebagai F2p Saya Dikasih Hoki Terus,5
biasa ny update hari kmis aj ini kok malh jadi tambah di hari senin juga.makin lama makin enggk btl ini game.banyak updatenya.,1
makin kesini makin pay to win,3
"game ini hampir tiap hari update, tapi gak ada perubahan, gak jelas",1
"ayolah konami jangan cuma update mingguannya jga tapi perbaiki sistem jaringannya saat Main PVP perbaiki sistem jaringannya ,masak Hp sudah support jaringan sudah bagus sinyal full masih aja sering frame dan drop sendiri bikin patah² saat main liga PVP",2
"maintenance mulu tapi tiap main ngelag terus, padahal sinyal enak² aja buat game yg lain",4
kenapa eror selalu setiap buka ada pemberitahuan pemeliharaan server,3
konami bangsad ngapa sih harus dibalikin ke awal lagi point divisinya padahal baru 2x kalah,1
"parahhhh terlalu sering mentenance jadi malesss main,",1
maintenance aja ber jam jam giliran game plan aja busuk,1
tolong lah konami hapus aja scripnya biar main skill enak,5
Nyoba dulu,5
sangat bagus Mohon untuk perbanyak lisensi nya Konami?,5
"my internet so fast, but in game lag haha lol",2
add competitions in my league like Champions league in my league,5
"grafik gamenya kurang, mohon ditingkatkan lagi...",2
JANGAN BANYAKIN PEMELIHARAAN PLISS KITA BUKAN HEWAN,5
game buruk wasit sangat tidak adil banyak bug game jelek,1
Hapus fitur Smart Asisst (SA),1
efootball 2025,5
geme nya bagus,5
min ada in club Persija dong jangan persib doang sengaja ksih bintang 5 biar di baca,5
game ini juga seru,5
"bang tolong di update lagi bang biar makin seru tolong di kasi tmbah fiktur liga saya di tmbah Champions dan lain"" biar nga bosan sebagai player bang",4
tolong lebih HD lagi dan lebih banyak pemain legendaris seperti cr7,4
maintenace mulu dh ni game,1
From the best to awful 😭 Please bring back the way PES defending. This E-Football defending was so horrible you need purchased more coins for getting legend player with special card 😭😭😭,5
Masih banyak kekurangan di game ini. Tolong jngan keseringan update hp saya kentang,2
keseringan update... game kovok,1
"keren lah. selanjutnya, semoga ditambah lagi pitur piturnya biar gak bosen memainkannya, dan semoga lancar tidak ada kendala apa apa.",5
dah gg tinggal pas gacha aja konami kikir,5
"buruk, game banyak iklan, gak rekomendasi game ada nonton iklan",1
"ini game buruk banget, jaringan buruk, padahal pake wifi, umpan delay, dikasi skrip, yg bagus cuma grafik doang, tapi gameplay nya rusak banget, tolong perhatiannya konami, ini ribuan orang yg main game ini tapi gameplay nya rusak",1
Hapus Smart Assist,1
"taik, login Konami id nya susah terus harus ini itu padahal udah capek2 ngisi malah gak bisa kualifikasi.",2
Gamenya mantap...seru...apalagi bonus pemainnya bagus2...,5
pisahin lah player Smart Assist dan tidak untuk memainkan Liga Divisi. karena tidak adil,1
sangat menyenangkan dan memuaskan semua berjalan baik sesuai sistem,5
"I'M REALLY DISAPPOINTED WITH THE SIGNAL TAKEN BY THE EFOOTBALL GAME, MY WIFI SIGNAL IS SMOOTH FOR ANY GAME, THIS MORNING I PLAYED FROM DIVISION 2 UNTIL I DROP DOWN TO DIVISION 3 JUST BECAUSE THE SIGNAL JUMPED",5
bosok,1
"game akhir""ini gk sehat masak main game udah menang tiba tiba kalah kata nya sinyal buruk padahal pas main lancar lancar aja game taiii",1
Tambahkan liga indonesia,4
Bagus 🥰🥰🥰,5
"salah satu game yg tidak menghargai penggunanya, menang kalah udah diatur mereka sendiri",1
"game sampah, percuma ada skill kalo kalah sama script maen game serasa maen slot",1
lag terus ni game plis lah jan lagg,1
"sering banget koneksi terputus ketika laga sudah full time, padahal kan bisa pas pertandingan berlangsung biar ngga buang buang waktu,pas match aja lancar giliran udah full time koneksi buruk",1
"gamenya mudah dimainkan dan seru, secara kontrol udah enak but kadang masih ngelag sih",4
pas lagi main tiba² keluar sendiri padahal jaringan bagus,4
"min,kenapa setiap maen divisi sinyal saya rusak terus dan berakhir kalah.padahal sinyal saya penuh.apa ada kecurangan min?tolong dibantu min",5
game berat bgt ajg,1
butut game teh te baleg,1
"mikir lah konami, tau kalo mau bikin pengguna nya gampang tapi yang logis lah kalo adain fitur smart asist, ngerugiin bgt itu fitur, apalagi dipake sama orang yg ovr nya 3200 ke atas se akurat apa itu umpan sama shoot nya, bikin fitur pake otak jangan make dengkul Konami, itumah lu nyusahin doang, setidaknya kalo mau bikin fitur gitu dibatesin atau di nerf ini mah dibiarin aja, emang dasarnya udah dongo aja yang bikin.",1
"Laga online jam tertentu selalu frame drop, masih bug perusakan jaringan oleh lawan Berharap sistem report berfungsi Bukan sekedar pelengkap",5
"Pliss Bang Konami, Kenapa Nda Ada Liga Jerman??? Kenapa Ndak Ada Bayern Muenchen.",4
"pasa lagi di in game tiba tiba terputus mulu udah 3× berturut turut kaya gini padahal jaringan lancar, di lobi juga lancar tapi pas di in game gajelas putus mulu padahal jaringan aman aman aja, mana terputus nya pas lagi menang lagi al hasil jadi kalah. tolonglah",1
"game ga jelas,yg donlot dongo abis",1
"Game ini adalah game faporite saya, setiap hari saya selalu memainkan game ini, tapi kenapa saya menggunakan koneksi via bloetooth controler dualshock4 itu hanya berfungsi di bagian laga eksibisi aja, sedangkan laga laga yg lainnya itu tidak berfungsi sama sekali, kenapa ya????.......",5
sinyalnya tolong dibenerin ya sering ngadat soale meski pakai Wifi,5
kenapa game nya delay lag parah mohon,2
"For developers, please add a choice of stadiums. Just keep the stadium simple, like a training center, so the stands don't need to be big, so the vibe is like playing in an amateur league with a minimalist stadium. Basically, it's like a small training center stadium, thank you.",5
"tolol,gak sesuai arahan",1
"banyak pemain cheater curang, lagi menang tiba-tiba ada telpon pelanggan jadi lost sinyal jadi kalah, kursor juga tidak dapat digerakkan",1
Sinyal full maen pubg sama ml lancar kok maen pess pvp bisa ngadat. Perbaiki lagi masalah jaringan kalau naikin level harus pvp. Kalau udah baru bintang 5,2
"jangan mau top up/mengeluar kan duit di game ini semuanya ampas,dan jika ingin bermain wajib dengan hp dan sinyal yg baik",1
developer tolong update nanti adakan cutscene ganti pemain dan tambahkan liga Serie-A serie-B Bundesliga dll tambahkan logo asli dan kit asli dan rumput stadion dan all stadion please,3
patah-patah gamenya,1
Tolong smart assist di divisi pvp di non aktifkan !!!,1
"woy konami gimana sih udah update tiapinggu tapi masih ada aja gangguan dalam gamenya, kaga becus banget lu ngebuat game nya, lu mau nyenengin pelayer atau gimana sih ga faham aku, udah update tiap minggu masih masih ada aja kendala saat di loby maupun di dalam game",5
bagus banget jir,5
"gamenya sangat lag patah² padahal jaringan saya bagus dan ketika saya menendang bola ke gawang malah ditendang keluar gawang terus ketika saya mengumpan bola kepada sayap kiri saya bola yang di umpan malah ke striker saya tolong di perbaiki yah, KONAMI JANGAN BUAT SAYA BATAL PUASA YAH😤",1
game scam niat banget betapa kerenya Konami gua gacha Abis 5rb kion gak dapet giliran orang lain 1rb koin dapet emang gak ngotak nih game,1
mboh lah penting ga ngelag,5
"kacau servernya waktu main pasti network error mulu padahal jaringan gw lancar, benerin dong servernya lagi di tengah tengah pertandingan jadi kalah gara gara network error.",1
taik sekarang disuruh nonton iklan payah makin lama makin ngeselin ini game,5
"maaf ya saya kasih bintang 2, karena kalau kita menerima bola dari kawan yang satu tim yang tadinya pemain kita lari mengejar bola, waktu udh Deket ke bola ko jalan, jadi lawan yang dapet bola gitu, sama waktu bertahan kayak nya di nerf gak si?, sama waktu mau umpan terobosan pemain kita ngikutin pantat musuh, tolong perbaiki ya, btw yang di perbaikinya jangan sinyal/jaringan nya doang 🙏🙏",2
"kenapa ga pernah kepikiran menaikkan game speednya ya, game bola sangat delay dan lambat gerakan serta animasinya",1
"tolong buat ketegasan/banned pemain yang memakai script, merugikan player lain",1
bagus dan gak bikin gak bosen,5
"game tololll, game play berat, jaringan tdk stabil, gk punya pengembangkah? setidaknya belajar sama game sebelah",1
lumayan bagus cuman kebanyakan update,3
"padahal game ini sudah sering di komentari negatif, kok gak ada pembenahan, saya main game ini dalam setengah jam sudah 3kali lagi login lawan game langsung keluar sendiri, padahal sinyal ditempat saya full, sampai turun di ranting B. admin game ini terlalu banyak cari untung daripada kenyamanan pemain.",1
baik enak tapi musuh ya bot bot,5
"Hapus SMART ASIST, mending klo ga ngaruh ke pemain sendiri,ini jdi lawak semua pemainnya",2
updatenya selalu berat berat,2
gimana cara nya punya awal bisa ambil kembali karena saya sudah jauh bermain gimna cara nya ?????,5
gamenya bagus cuman ga ada var terus pemain pengganti gk kelihatan pas main bola ya sama gk kelihatan pelatih sama harus ada handball terus ada dikasih vidio pemain di dalam nya terus juga kasih stadion lain kek jgn itu terus cntohnya allianz bernabeu plssss plss plsss biar aku pengen mobile samain di ps,5
"tolong perbaiki jaringan. masa kuota baru beli digunakan main liga efootball ngeleg? tolong perbaiki jaringan nya, menyebalkan kalau sudah menyusun strategi dan tereksekusi dengan baik tapi malah kalah karena sinyal, minta tolong konami ""jaringan"" harus diperbaiki",3
"Kenapa saat bertemu skuad Sultan jaringan saya selalu jelek, apakah benar itu skrip?",5
sangat handal,5
"sudah kartu kuning, tekel dari belakang di kotak penalti ga kartu merah? good move si",1
Konami etdah lu punya dendam apa sma gw sampe kalo gw nyepin ga pernah hoki main dvsi di ksh lwn 3250 mulu gw aja rating squad gw 3148,1
game tolol lawan ga seimbang spin ga dikasih hoki emg game lolot,1
pengoptimalan sinyal sgt jelek -10/10,1
karena gamenya enak sekali,5
"game haram, game babi, game ini bnyak yg memodifikasi data game gk usah download",2
admin dongo dh brp kali beli pemain pake coin emas efootbal dpet pemain ampas trs tlong lh dibenerin masa yh dh brp kali beli pemain dpet ampas trs udh gitu dpetin pemain legend susah minta ampun dongo,1
Game berat banget buat main divisi faktor sinyal juga gjls,1
tahun ini ada yang baru nggak 2026❤️‍🔥🎮⏳,5
ini saya kasih bintang 3 dulu soalnya pas saya masuk gemnya kok tiba tiba disuruh minta izin orang tua saya bingung cara masuknya jadi intinya di benerin lagi semoga di baca yang bikin gem ini,3
"coba dipikirkan secara logika gw main laga cepat, masih player baru, dikasih lawan 2700+😂",3
"When i put cb 101 in the game. When this start to play, my cb like 40 rating, thats weird. Enemies passing like heaven but my passing like hell.. Please help Konami, AI can fix this sh**",2
sinyal bagus ...maen delay ..game rusak,1
"kontroler tidak responsif, matchmaking lama, tidak seimbang, dan koneksi tidak lancar. Game multiplayer macam apalah modal gacha (judi) doang payah. L konami.",1
"tolong di perbaiki kembali sering bug , eror tiba tiba lebih di perbaiki. tolong segera di tindak lanjuti",1
"kenapa akun DLS saya gak bisa pulih ya, padahal akun lama saya sudah besar, pemain bagus-bagus, sekarang akun DLS baru saya mulai dari nol lagi",2
TOLONG SEGERA HAPUS FITUR BANTUAN CERDAS . jadi Males maennya.,1
"kenapa pas aku ganti device koinku jadi berkurang, kali inj aku sadar kalo koinku berkurang tiap ganti device awalnya ada 600 jadi cuman 100, sebelumnya juga gitu masa koin tiba"" jadi 0 padahal ga pernah gacha",1
game paling ngak mutu masa aku main game dari 2020 dan sekarang tambah ngak mutu dan ngak ngotak ngak butuh divisi 1 dah biasa tapi mengapa sinyal oke in game full ngelek dan aneh nya kalah ku semua kaya gitu mending perbaiki lah game dan sinyalnya jangan mentang mentang laris game nya jadi ngak mutu,5
main nya seru dan tidak nge bosenin tapi ya gitu akun ku miss selalu kalau gacha,4
"game nya ok banget,harap di tambah kan liga Champions nya,biar liga nya lebih baik lagi,",5
lu main tiap waktu karena lu pengangguran 😂,4
"jarak pemain terlalu dekat bos, blom pegang bola, pemain lawan dah nempel, gk seru, masih bagus mode sebelum update",1
kenapa aku gak bisa donwload,1
cheater tolong dibersihkan🙏,5
game ga jelas ajing benerin dulu bug nya,1
game makin update makin jelek buat mood main nggak ada lagi 😴,1
permainan nyaa sangat buruk aplikasi ini,1
"udah gila bgt sistem gacha di sini, buat player yg suka top up makin didalemin buat dapet card epic + gameplay dari tahun ke tahun gaperna berubah delay bgt. game rusakk",1
"game ini settingan, menang kalah sudah diatur,tidak ada gunanya main bagus",1
games terbaik,5
"main udah 5 tahun masih kena script konaminn pemain berat, control gak beraturan lolll konami",1
"Minta tolong tambahin fitur seperti UCLdi laga saya, ketika kita berhasil meraih 3 besar di liga",5
game nya jelek dark system banyak iklan nya,1
keren sih ini,5
"game gajelas, game busuk, pay to win, scrip, kalah selalu gajelas, intinya server gj",2
game rusak udah benar fitur smart asist ga di tambahin di divisi malah ditambahin pemain jadinya malah planga plongo kayak orang tolok,1
gak pake otak...dapat lawan point pemain tinggi tinggi...gak ngotak,1
"game sudh mulai membosankan seringnya player memakai smart assis yng mmbuat musuh planga plongo, kaya main setingan aja,",5
kalok mau main harus persetujuan ijin orang tua,1
"game rusak, jaringan lancar di game lain, tapi kalo main divisi selalu ngelag",1
game lu berat kaya beban hidup lu jaringan normal TPI beratttt payah update aja pemain jaringan berat huh payah,1
konami nya lol,2
"Konami Aneh sekali, setiap menang 1-0 dan trjadi 3x, diakhir laga tiba2 loading lamaaaaa sekali, akhir ada notif anda kalah, dikarenakan gangguan koneksi katanya padahal gameplay dri awal gk ada ngelag, dan herannnya msuh nya pakek squad aneh",1
Gamenya sudah seru tapi tolong di update selanjutnya lisensi nya full kan dong jangan cuma sebagian tolong ya,5
lumayan bagus TPI pas login ngelag padahal wifi GK ngelag tolong dibantu,4
sekarang banyak yg pakai cheat ude ga seru,1
masukan liga indonesia dong agar pemain game ini bisa memainkan klub2 liga indonesia,5
"game broken, seminggu sekali update tidak ada perbaikan pada game, hanya menjual kartu. GAME SEMAKIN BURUK!!!",1
"minnn, udah banyak lawan di divisi yg makai scrip,, keliatan bngt pergerakan nggak logis terus susah min ada aja yg buat bola nggak masuk ke gawang,, tolong di fiks min player yg pakai scrip",5
"game pelit,bp gk ada gunanya buat gacha jga gk bisa,intinya semua di dalam game ini buat dapetin pemain susah harus top up.game terpelit yg pernah ada",5
"untuk saat ini saya berhenti bermain, setelah update gamenya terasa berat. Selalu terjadi delay padahal grafis sudah paling rendah.",5
"sangat bagus sekali game ni anda kapan update misi gw udh selesai semua gw jadi males main game anda kalo tidak ada misi samsek apakah kamu paham?, saran gw kasih misi setiap Jumat sex lah di updatenya ya gw bosen soalnya ya plis di bales,1 lagi hadiahnya seterah kalian tapi inget! jangan kikir! nanti pada kecewa uninstall pendapatan download kalian menurun paham!!!",5
makin berat untuk performa jaringan,2
"sudah bagus malah ada iklan, siap"" ranting turun,",1
"tolol game nya, lagi maen keluar sendiri mulu",1
game kabanyakan lagnya padahal device aman jaringan aman hadeh cape gw ama ni game,1
game mantappppp,4
"event nonton iklan bikin emosi, masa setiap nonton iklan langsung logout otomatis. kapan kelarnya tiap hari terlewat",2
"untuk pihak play store tolong game ini harus d hapus dari server indo ,Game meresahkan , game EROR,sering lag, apalagi pas main devisi ngelag +pemain berat buat lari, yng paling konyol tiba tiba di kluarin gitu aja maksutnya apa coba padahan sinyal bagus ,tolol emang game ini ,emang sengaja apa biar kita gak naik devisi? sok sokan update tiap minggu ,benerin tu game play masih acak acakan sering ngelag haha 🤣🤣",1
"semoga kedepannya, kalo pake gamepad, larinya pake R1",4
bqgus tapi kurang realistic dan top up nya agak mahal,5
tolong adakan games castlevania versi mobile,1
akun saya hilang gara gara pemilihan server🥲,1
luar biasanya tapi harus ada liga Champions di tambah lagi,5
game ini baguss,5
"game gila, penuh script",1
GAME bagus,5
makin ke sini makin burik nih game abis main posisi menang bisa tiba2 kalah man ngellek2 mulu bikin males main,2
GAME TAI. GAME ANJING. TAI,1
game nya bagus tapi tidak ada bri super league,1
sinyal kok hilang2 tolong di upgrade,3
kadang tiba tiba lag dan itu menguntungkan musuh,2
"kok akunnya hilang yaa, ketika tranfer data lalu masukan akun konamibdan berhasil saat mask efootball nya gagal, aneh banget",1
game susah bgt di arahin nya,1
"Gila sih PVP jaringan ga pernah dibenerin, gw coba maen MOBA ML aja stabil ping 5",1
saya suka game ini grafiknya mantap,5
lumayan Alus tinggal Jersey sama team kurang lengkap,5
game gk jelas msak gw setiap unggul tiba tiba sering keluar alasan nya kesalahan jaringan pdahal sinyal lagi enak enak nya tlong dong di perbaiki sya udah sering kya gni gk cuma sekali dia kali tapi udah berkali²,1
Bingung gw setiap main PvP atau AI malah ke force close,3
"hei konami,,gak bisa login di akun sendiri padahal kata sandi sudah benar,,Tolong di perbaiki ini,,kok gak jelas seperti ini",1
ok,2
"sistem gacha ampas, gameplay terkadang berat gajelass",1
kasta tertinggi game bola Mobile keren,5
"suka karena lebih lancar dari game bola lain saat online, dan semoga bisa diperlancar lagi untuk gameplay, dan sinyal nya",5
"game babi update tiap minggu gada enak enaknya dimainin, setiap selesai match posisi uda menang sengaja sinyal dijelekin tiba tiba kalah",1
game p2w. semua di gachain. bahkan buat item tambah keahlian harus gacha sialan. mana rungkad mulu,1
jaringan agak ngelag,5
game anj semenjak update susah kek kontolll,1
gajelas lagi main 2:2 malah tiba tiba keluar padahal lagi serang,1
Busuk,1
mantap sanget cocok buat mabar,5
bagussspoll,5
game aneh suka lag padahal wifi aman sudah menang 3-0 padahal malah di keluarkan paksa dari match,1
game banyak script🤬🤬🤬🤬🤬,1
letakan liga bri liga 1,3
keren..,5
"SUMPAH INI GAME BAGUS BANGET, GAME BOLA TERBAIK! GAME YANG TIDAK ADA TANDINGNYA. * DOWNLOAD GAME INI DAN KASIH RATE DAN SARAN NYA DIJAMIN KALIAN KETAGIHAN, YOK BURUAN DOWNLOAD SEKARANG!!!!!!!!",5
"mendapatkan koin dan poin GP di game ini sangat susah dan membutuhkan waktu yang lama, dan jika bisa poin di liga saya bisa untuk di tukar dengan item lainnya seperti poin gp, koin, atau pemain dan akan lebih menarik jika ada format lain di liga saya seperti UCL dan lain2",3
bagus tpi sering agak ngelag,4
"tolong klo sinyal lawan jelek, kita jangan ikut jelek lah, dah mati2 an nyari sinyal bgus malah ikutan ngelag, asem",3
game tidak bagus lebih enak main di playstation 4,1
Tolong pihak konamai perbaiki server pvp.,1
game nggak jelas banget karena padahal udah menang dengan skor 3-0 tiba-tiba muter sendiri nya pada akhirnya kalah padahal dibuat lainnya lancar sajaa🙏🙏,1
"mainnya makin ga enak,,, kebanyakan anehnya ini game",1
"udah menang, main sampai selesai tiba2 jadi kalah karena situasi tidak terduga katanya. sering banget kaya gini..",1
sinyal stabil tapi pas main ngelag!,1
ge nya bagus tapi kok kayak gini sekarang akun ku padahal sudah ku rawat sampai berapa2 tahun 😩😩,3
"tolong di perbaiki lagi semenjak ada iklan , malah nambah lag ,jadi GX nyaman maen",4
"hapus fitur smart assist plis, asli ngerugiin banget kalo gapake, gameplaynya jadi beda banget kalo lawan sa, kaya lebih berat, terus yang pake sa otomatis buang bola terus kalo di daerah gawang",1
blum di coba,5
perbaiki masalah jaringan,1
"pleas tambahin uefa champions liga,biar lebih manteep",5
bagus cuman tambahin dong paket pack pemain persibnya yang bagus bintang 5,5
game aneh cok udh gua setting ke 60fps tapi pas di cek mentok 30fps doang malah berat berat bnget lagi pemain nya padahal hp support,1
permainan hanyak untuk orang kaya!!,1
"game apaan ini gaje, tiap kamis sering update tapi banyak bug,,,tiba2 keluar sendiri lagi main, lagi in game udah menang 3-0 tiba"" penghentian laga lawak2 mana loding nya lama lagi maen PVP delay Mulu padahal jaringan bagus",1
"sinyal ga stabil,, main game lain enak aja lancar,, main game ini jaringanya pilih2",3
seru,3
"Perbaiki control game ini banyak sekali kritik tantang control tetapi tidak ada respon, sayang sekali dulunya rating 4+ sekarang menjadi 4-, sudah begitu ngelag lagi kalo main, game apa ini",1
"gamenya skrng modal grafik doang yg bguss, tpi di ingame hncurr krna ada script yg sllu player di rugikan... soal jringn dsni juga masih jdi masalah terkadang jaringan yg bguss tiba-tiba lost seketika, tlong di benarkan dlu dri segi gameplay biar player efootball yg lain tdk mrsa di rugikan saat bermain. ini bukan soal mahir dlm bermain atau tidak, ini hnya soal gameplay yg terasa bnget di rugikan🙏🙏🙏",1
"ngga adil kalo maen online, musuh ngga ngelag saat menyerang ketika saya menyerang baru ngelag. game apa ini. tolong developer benerin nih game. masih gajelas kalo main online pergerakan tim sendiri terkadang menguntungkan pihak lawan. tapi tim sendirii mainnya ga jelas perlu diperbaiki sistem main pvp nya gerakan player tidak singkron dengan gerakan badan, terkadang kartu pemain musuh dengan kita sama tetapi pemain musuh lebih enak atau op, tolong dong diperbaiki lagi sistemnya",1
"Many PvP players exploit connection issues to gain unfair wins, causing opponents to disconnect even when they have stable connections. This is not sportsmanlike and negatively affects the game experience. Please take action against these players.",1
"Sumpah ini game bola paling goblog sedunia, gameplay divisi seolah olah udah disetting kita yang kalah, pergerakan para pemain gw udah di setting jadi planga plongo, kalaupun kiper gw udah nepis tendangan pertama pasti bola rebound nya tetap gol, seolah olah maksa banget buat gol.",1
game aneh banyak script,1
"makin males main, main pvp posisi lagi unggul tiba2 terputus sendiri dan dinyatakan kalah padahal sinyal normal semenjak updetan terbaru makin jelek buruk",1
ok lah,4
woi lah sistem nya benerin dikit napa bg,1
game best gila main kita dapat pengalaman main game bola sepak Konami saya nak Peter Cech please konami,5
"game gajelas, kadang kalo udah tambahan waktu masih megang bola di wilayah musuh malah peluit, giliran musuh malah ga peluit 🤡🤡🤡",1
game ini dukung Barcelona,1
"game terbodohhh,apa apan jaringan lag padahal di gua wifi nya penuh,bodoh banget",1
game ga jelas jangan download+tidak adil,5
realistis seperti game ps5,5
"terlalu pay to win l, player yang tidak memiliki uang untuk mendapatkan pemain epic akan sangat kesulitan jika mendapatkan lawan full tim epic",1
game sangat seru dan gak delay,5
paling gak setuju kalo ada iklan di game.. pokoknya gk lama game ini akan redup kalo bgini,1
tolong game nya dikasih liga indonesia,5
"sejak ada game ini udah gk buang2 uang lagi buat rental ps,suka bgt..minusnya gk bisa main liga champion aja,selebihnya udh oke bgt",5
"your A.I and PvP is scheming game, shifty game, underhanded game",1
"untuk developer Tolong tambahkan karir sebagai keeper soalnya itu akan seru dimainkan,game nya bagus banget seru buat di mainkan dan kalau bisa tolong tambahin mode manager Pasti seru semoga developer melihatnya dan Menambahkan mode baru,ngomong ngomong game nya bagus banget😀",5
"smart assist fitur game teraneh yang pernah gw rasain selama main, player yang make smart assist uda kaya pake cheat, umpannya ga masuk akal, bek seketika alergi bola, percuma spin pemain bagus kalo nemu player smart assist pemainnya jadi aneh, kontrol sering lepas, dribbling berat, shooting ketepis mulus kalo ga kena tiang, bek planga plongo, kiper one shoot one goal,",1
game nya tambahin menit main supaya bisa milih mnit mainnya bang soalnya menit nya ini terlalu cepat 🙏,5
game nya seru dan memuaskan,5
"cepet banget perasaan baru kemaren di update,sekarang ufah minta update lagi,datanya gede banget,trs kalo main mode siang jaringannya parah banget ngelegnya,tolong diperbaiki servernya,supaya yg main puas",1
"sudah menang tiba"" kalah karena masalah koneksi pdhl koneksi stabil",1
game rusak suka lag gak jelas padahal bagus sama HP nya bagus,1
"terlalu delay , padahal wifi bagus , masalah ini udah terlalu lama di biarkan",1
grafik nya tinggi dan cara permainannya bagus,5
"apasih ga jelas, buruk",1
game nya bagus tapih jaringan nya lelet kali tiap main pasti kalah karna jaringan,1
"pindah koneksi tiba"" kalah.. ga jelas",1
Game ny bagus,5
mntap,4
keren bngt,5
"Masih enak era PES dibanding yang sekarang, konami kikir",1
"gamenya bagus, cuma digacha pemain epic harus diperbaiki..",5
gak bisa buat hp Infinix smart 8 pro pdhl mau main ini game,1
"game rusaakk,yg jaringan rendah siapa, yg dirugikan siapa, game rusaaaakkk 👎👎👎👎",1
gimnya bagus,5
kenapa harus ada iklan klo mau klaim koin.. sungguh mengganggu,1
scrip itu nyata pemain lawan bisa lici banget susah di rebut giliran kita bawa bola gampang banget di ambil dongo banget nih game,1
saya mau bikin akun efootball tapi gak bisa,5
Di instalas tapi ngga bisa main,1
"like, game its really",5
saya menyukai gem nya dan gerpik nya juga Bagus,5
ko punya gw delay Mulu pas ngoper nya ya giliran punya musuh aman aman aja cepet ngopernya,4
gamenya bagus tapi kikir,4
jangan sering sering ugrated dong habis kouta gw,3
"game burik anjir , push pemain rating tinggi malah plonga plongo kocak game",1
game kikir kasih pemain pelit hapus aja!,1
AI nya gak jelas sama sekali,5
1. Tombolnya kurang responsif dan delay 1 detikan 2. Developernya kikir,1
patah patah,1
geme terburuk yg saya download sinyal nya bagus tiba2 lag padahal yg lain pada main geme dan sinyal baik2 saja banyak update tapi kenyamanan player 0 rugi banyak update 500 miliar download t 750 miliar download t tapi sinyal geme buruuuuuk........🤬🤬👎,1
terlalu banyak pengguna yang memodifikasi data game,1
kenapa sekarang harus ada iklan dulu baru bisa klaim hadiahnya,2
"PARAH, makin kesini semakin parah ini game sekarang ada fitur rewards advertise HP tiba2 HANK dan auto booting permainan berat apalagi pada saat push Divisi tolong diperbaiki agar lebih nyaman lagi untuk user !!!!",1
"game nya bagus,tapi sayang nya gamenya ga support gamepad",4
gem haram emang ini mau login aja harus Pakek aplikasi lain lain,1
"saya mengalami bug baru-baru ini, saya tidak dapat login sebab prosedurnya yang rumit dan tidak dapat memainkan game ini, ini sangat bermasalah.",2
banyak loading,1
kecewa sama Konami game play di game kalo ketemu skuad bansos kita punya pemain efik swotime punya pemaen big time ketemu pemaen gratisan pas di game play di setara skuad bansos kayak kartu efik kadang setiap main suka kena script Konami tolong di perbaiki lagi supaya lebih adil lagi di dalam game play,1
koneksi jaringan dalam game sangat buruk ketika bermain dengan teman.,1
game kikir semoga bangkrut,1
game banyak bug nya,3
game GAK JELASS musuh AInya gak ngotak blok,2
server untuk pvp nya dong. game nya busuk lemot jaringan player vs player.,1
game tolol idiot,1
game goblokkk sinyal hilang 1 detik langsung keluar match,1
"game nya bagus coy, cmn di sistem gacha nya ke ajg banget, trus juga kadang kalo main di 2 akun berbeda bisa ngerasain perbedaan game play nya di akun bansos sama akun donatur Konami wkwkwk.",4
jelek banget jaringan lancar padahal,1
sangat seru game ini,5
sinyalnya benerin coeg,1
game banyak iklan,2
"ayolah KONAMI perbaiki dulu server nya jangan ngurusin gacha kartu terus tapi keluhan user juga harus di dengarkan, masa game online lain lancar cuma di efootball yang nge lag sinyal nya.",3
masih persoalan jaringan yang nggak stabil kalau main online mohon segera di perbaiki,1
"signal full, grafis udah d turunin, masih aja leg ,pemain ngejar"" lawan gak karuan , uninstall aja ya guys ya buang buang waktu ..",1
"game anehh, main udah menang, eh tiba"" kalah alesan sinyal game kon",1
"rumit kali sekarang harus login kayak gitu persetujuan orang tua lah padahal dulu enggak ada gitu adehh di per rumit asal saya login eror Uda berapa kali saya coba lagi enggak bisa fitur apa itu, padahal saya mau main efotball lagi malah jadi malas",1
"game ngak jelass, masak ngak ada tindakan bagi yang curang semacam scrip mending di banned permanen akunnya yang main curang, biar ada efek jera, dah mending pindah ke game sebelah AJAAA...",1
"konami pernah serius gak kalo menangani cheater? aku ratusan kali loh, dalam permainan menang, pas keluar tiba tiba jadi kalah, alasannya karena koneksi tidak stabil. itu maksudnya gimana? padahal dirumah saya jaringan bagus, juga pakai jaringan wifi. kalau memang laporan player di proses, apa buktinya? apa kompensasi untuk orang yang dirugikan?",1
game Taek Jan**k,5
"om kok gabisa transfer data, gamau masuk ke web konami",1
Game yg udh ga sehat,1
"hilangkan fitur smart assist di liga devisi, sangat menggangu sekali",1
tolong tambahin fitur replay pertandingan saat udah selesai bermain 🙏🗿,5
GAME PEPEK,1
"nambah gk jelas ini game, padahal tiap minggu di update, ngegacha pake koin malah dapet yang abal-abal mulu, lawan AI baru level 5 udah susah nya minta ampun, ditambah ngeleg ngelegkan ini game, padahal hp masih baru, sumpah gk jelasss, klu bisa gk usah di kasih bintang mending gk usah sekalian, makin jijikkkk",1
gemnya bagus tapi saya kurang hoki jarang dapat pemain bagus kalok gacha,5
"konami tolong lah fitur smart asis di apus aja ga berguna juga buat player lama, itu fitur nyusahin+ bikin kesel apalagi buat player yang ga punya taktik pasti pake itu fitur jadi tolong lah apus gitu smart asis 🙏🏻",5
"balikin akun gua tiba"" hilang mmng game gk jelas udah mau dua tahun do mainin malah tiba"" ilang",1
mantap lah,4
mantap nih buat,5
"tolong di perbiki kursor otomatisnya, yang seharusnya kursor pindah pemain malah gak pindah, yang seharusnya gak pindah kursor malah pindah, banyak bug nya. waktu membayangi pemain juga parah, susah ngendaliinya. ganti pemain juga mesti yang di ambil yang terjauh, padahal yang dekat bisa. tolong perhatikan permainanya, jangan grafiknya doang.",5
seru banget kalau update tambahin real biar bagus,5
tolong tambahkan fitur pertukaran pemain dengan player lain saya mohon konami,4
game gaguna,1
semakin sering update semakin buruk aja sinyal jadi males main,1
perbaiki jaringan saat login,1
gak bisa login harus ada syarat sama orang tua,1
"janganlah pelit pelit min, mau dapat petr cech susah amat dari dulu. padahal saya pemain lama dan udah sering depo, tapi dapatnya zonk terus. ini yang buat saya malas main game pelit kaya gini. mau duit pemain jak, tapi dapatkan pemain elit susah. nda ikhlas rasanya. ketika game sangat susah untuk mengumpulkan pemain impian, maka bermainnya pun akan mudah terasa bosan. beda dengan fc mobile, mudah mengumpulkan pemain impian, jadi mainnya tak mudah bosan.",1
Berharap kartu epic gratis,5
"game sampah, sering banget pas push divisi pake data waktu di in game lancar terus pas udah selesai match nya tiba² muter² terus gw kalah gara² sinyal buruk. ampas banget nih game udah susah² gw menangin eh malah kalah gara² sistem yg busuk masalah jaringan bikin emosi.",1
"posisi udh menang, pas laga selesai tiba-kalah gajelas ni game",1
karena baju real madrid tidak bagus,1
Tolong hapus smart asis 😭,3
terlalu sulit untuk dapat kartu epik,1
tololll... sinyal bagus keluar sendirii!!!!,1
"game gajelas org jaringan bagus jd tiba' ga bagus buat orang frustasi mulu, krusorny suka ganti' arah sendiri pdhl btuan cerdas udh of",3
di suru nonton iklan nya tapi video nya nga bisa nonton gimana dong,1
Saya sudah berkali-kali masuk gem ini hasil nya tidak bisa main,1
TOLONG MATIKAN FITUR BANTUAN CERDAS,1
game terbaik bola,4
"As a long time efootball user, please turn off the script, it makes many people mentally and angry.",1
"kok malah kaya game sampah , ada iklan nya",1
d coba dulu bagus ap g mna yahh?,3
think again wisely do you want youre own player leave this game? i said again because youre really destroy this game i hope the old development can do something.,1
tolong dong min ada orang suka main sinyal dengan cara curang karena pengen selalu menang,5
saya sangat suka game ini tapi update terbaru ini jadi terasa game murahan yg ngandelin iklan jujur mengganggu. dan semoga iklan jangan sampe ada lagi ok biar terasa game mahal.,4
konami kikir,1
kebanyakan script tiba tiba bolanya lurus jadi belok ke kanan aneh bangett👎🏻,1
"suka suka lu dah, cape bener gw main delay gini rasanya kaya mainin siput tau ga, sinyal bagus tapi gp lambat kaya siput",3
"game busuk, sinyal musuh yg jelek gua juga ikut kena lag, kesel gua main kaya gini terus",1
pegang bola = patah patah game macam apa iniih😭,1
game ini sangat bagius,5
"top up ga masuk², gw pasang server turkey",1
najis setiap menang pasti gejala sinyal padahal sinyal lancar stabil setiap menang pasti loding trus kalah jadi males setelah update kacau ..kalau main kalah normal sinyal gak loding udah sering gak satu kali dua kali apaan,1
coba hadiahnya cukup diliga aja kon emasnya biar yg menjadi juara bersemangat,2
"sangat bagus dan kasih event yang bagus juga jangan lupa gratisan nya dan saya berharap di kasih animasi pas di pres lawab ada animasi narik baju nya keliatan jadi kebih ralistis, please kasih tranfer pemain jadi kalo kita punya 2 akun bisa tranfer pemain yang di butuhin di akun lain, please keluarin card toni kroos madrid",5
"woyy dev e football, jaringan bagus , 5g pula , kenapa tiap kali menang tiba tiba koneksi anda terputus , perbaiki lah server nya",1
"banyak pertandingan yang tiba-tiba keluar masalah koneksi, hari ini saja semua pertandingan kalah gara-gara koneksi. baik koneksi data maupun wifi. Ada apa Konami?",1
game sampah.. server perbaiki,1
Gam aneh dari kemarin saya download gak berhasil tolong diperbaiki lagi ya KONAMI,1
"gamenya pas aku mau download lama,tapi bagus juga gerapiknya sangat REALISTIS.",3
ngasih lawan nggak sepadan sinyal ngelag,1
mantaps,5
pemain ku mabuk semua,1
ini kedua kalinya nurunin bintang sejak 5 tahun lalu. kali ini updateannya busuk. wasit gampang sekali declare pelanggaran.,1
ok lah,5
gatcha sampe habis 5 rb koin masih ga d kasih epic 1 pun.,1
gem ngetrol dan burik,1
jaringan efootball di perbaiki konami,1
parah banget dh kok saya ga ada iklan dh,3
mestinya sih bagus tapi pembaruan ini selalu ada jadi semakin ngelag kita main,2
"udh mulai kocak nih game, pas main pvp lancar, giliran udh menang, mau close hasil akhir ngelag akhirnya lawan menang karna koneksi buruk",1
ga sesuai player seorang ketika maen,1
"gamenya bagus,tapi akhir akhir ini mulai ada iklan",1
kembalikan 'and more and more and more',5
karena grafiknya bagus dan tolong perbaikan kontrolnya karena setiap umpan sering gak di passing,5
Jangan keseringan update lah,4
"buruk"" main lagi bagus""nya jaringan lagi kenceng""nya tau"" mental sendiri woy",1
bagus. sekali,5
"Game kikir, pelit",1
"efootball tolong lah dari dulu sampe sekarang gak ada yang berubah, masalah dilenya belum juga diperbaiki, orang mau ngoper aja lambat banget anjirr, jangan lah kau mandang orang plyer Sultan ama player gratis an, jangan lah bedakan, mau oper aja lambat banget",1
cukup 4 bintang aja masi mencoba solaya,4
jujur saya kecewa dengn jaringan nya e football bene2 merugikan player mohon untuk admin agar masalh jaringan untuk di perbaiki bner2 mengganggu,1
"WASIT NYA TOL0L NYELENGKAT BOLA PINALTI GILIRAN LAWAN NYELENGKAT KAKI GAK PINALTI HADUHH MANA SINYAL NGELAG NGELAG LAGI, HAPUS AJA TUH TURNAMEN HAMA",5
"ini tolong ya konami,aku lagi main kenapa kok malah keluar dan aku kalah gara' sinyal,padahal aku pake wifi sinyal lancar banget ngga ada gangguan,giliran main game lain lancar' aja,kalo main game ini malah sinyal naik turun,tolong lah konami diperbarui lagi ini biar sinyalnya enak,orng mah lagi ngerjain misi udh menang' malah ada tulisan kamu kalah karena sinyal,makannya aku langsung kesini karena bukan pertama kalinya kaya gini,dah gitu aja tolong ya konami.",3
tambah iklan sampah dapetnya juga pemain sampah🤣🤣🤣,2
game yang baik,3
tolong akun saya hilang,5
kalo bikin game jangan kek ktl ya sepele kali bah bisa pemain depan musuh masuk teros percuma bek ku stam ama van dijk masak david vila gk pernah offside pas dapat bola nya ama pemain ku lepas teross gk masok di akal,1
tambah komentatornya tapi pakai bahasa indonesia dong min,5
"Boleh saja Konami menyediakan fitur ini untuk pemula atau anak kecil yang baru belajar di mode Vs AI. Tapi, mempertemukan pengguna Smart Assist dengan pemain manual di sistem Matchmaking yang sama adalah penghinaan bagi komunitas veteran. Jika lawan ingin bantuan otomatis, harusnya mereka hanya dipertemukan dengan sesama pengguna bantuan otomatis. Jangan paksa pemain yang ingin bermain murni untuk melayani ""bot"" berwujud akun pemain.",1
game kesukaan saya 🙋,5
"sangat keren,dan grafis nya kaya pemain bola asli",5
ゲームはリアルでHD画質、多くの優れたアップデート、コナミ,5
"game burik, semakin di update seharusnya makin bagus, ini malah tambah burik, jaringan sering kehilangan sinyal, padahal internet nya bagus, buka yang lain lancar. tidak recommended",1
bagus walau hp leg,5
"YANG BENER LAH KONAMI, MASA IYA BOLA LEPAS TERUS DARI KAKI, SCRIPPT NYA GA BENER KONAMI",1
sistem gacha nya busuk,1
kenapa jadi sering force close,2
beol masa di ulang ulang sih pemasukannya gw jadi gak bisa main mendingan fc mobile aja ges jangan ini kalo gak mau ribet dan kaku,1
gak jelas akun ilang 2x,1
gamenya sgt bagus😋😋😋😋😋🥳🥳🥳🥰🥰🥰🥰🥰🥰🥰🥰☺️☺️😈😈😈😈,5
"saran nih,mending ga usah di kasih iklan"" deh,membosankan .",3
kurang sistem promosi ucl,4
"script Mulu isinya ni game, main bentar kalah, ganti kursor bukan ke arah yang di pengenin🤢",1
jaringan kurang mendukung,2
donlod lama gak bisa nautin ke google,1
"saya kasi bintang lima karena biar bisa di baca komentar saya. yang saya tidak suka digame ini adalah wasit curang, passing pemain sering di blok padahal pemain saya bagus, pemain nya suka membeku malas gerak, kalau di passing pemain tujuan sering ke belakang musuh, iq pemain nya rendah.",5
"game sebenernya mudah,tapi kebanyakan skrip udah di atur game main,bisa²nya bola terbang sendiri pas mau nyetak udah menang tiba² ke menu awal kalah gg",1
okee sep,5
"konami main sistemnya curang gua shoot dah akurat, kosong tapi selalu kena tiang, aneh lu konami, game sampah",1
"kalo bisa gua kasih bintang sepotong ni game, ngaco makin sekarang makin ga jelas udah kek apk game burik banyak iklan ga jelas.",1
pemainya tolong di realistis kan dan dilenturkan gerakannya,5
semakin gak jelas ini game... AYO SEMUA kasih bintang 1... tiap Minggu pembaharuan malam makin jelek,1
game rusak kalo mau memang pasti ada kesalahan jaringan game gk layak pakai rusak,1
"Game udah bagus, tpi perbaiki lagi dong masa sinyal gua bagus tiba2 ngelek gajelas",3
okk,5
"🎮 Jangan kehilangan segalanya dalam kehidupan nyata saat bermain game... Saat ini, banyak orang menghabiskan uang sungguhan untuk mendapatkan kartu, kulit, paket atau barang dalam permainan. Dimulai dari kecil, tapi bertahap pengeluaran itu menjadi beban besar. Pada satu titik, tampaknya uang hasil jerih payahmu telah terbuang untuk beberapa hal virtual dalam permainan. 💸 Ingat, Permainan hanya sekedar hiburan bukan tujuan hidup Hal-hal virtual tidak akan pernah bisa membangun kebahagiaan",1
"hilangin aja fitur smart asist nya,,,ngerusak gameplay pemain manual,,kebanyakan script",1
"kenapa saya ga bisa top up di aplikasi lagi padahal negaranya sesuai dari dulu... dulu top-up di aplikasi bisa, tapi sekarang ga bisa... selama masalah ini ga diperbaiki, jangan harap bintang 5",1
game efootball makin lama makin menjadi jadi koneksi nya bukan nya makin hari makin bagus tapi makin hari makin buruk tidak bisa di kendalikan keburukan koneksi nya 👎👎👎,1
"saya kecewa, saya sudah menang tetapi di nyatakan kalah. karena terputus koneksi sinyal. sementara saat saya kalah sinyal tidak terputus. Dan ke jadian ini bukan hanya sekali, semenjak update kamis 12 maret 2026",2
game burik 0 bintang,1
game burik najis lama lama main game ginian push di divisi jaringan kenceng tetep jelek najis game burik,1
"sudah update malah patah patah ketika match padahal sebelumnya tidak pernah patah patah atau ngelag parah (jaringan bagus, sudah reinstall tetep saja begitu)",1
"kenapa id ASAA pas gacha selalu bapuk/jelek ya? secara umum mereka salah satu user loyal yang udah lama main, kok malah di gituin sana konami????",1
kalau tendang nya lambat buat tackle nya jga lambat biar seimbang,1
"gacha ampas, rugi bgt top up , mana ada iklan nya sekarang",2
ga bisa login dan ada fitur yang buat ngeselin yang namanya Konami ga bisa masuk ke geme padahal baru download kalo bisa tambahin akun google dan akun Facebook,1
sinyal lawan yang geleg tapi malah punya sayah yang ngeleg wasit nya ga adil,1
untuk game nya sudah bagus tapi dari grafik tingginya jangan terlalu silau atau terang sekali dan juga upadate tambahkan club seperti bayern dan juga fitur animasi dari lorong stadion ke lapangan nya juga,5
game buruk lag parah,1
rame pisan,5
bastoni rambutnya update dong yang pendek,5
ngasih lawan ngotak kek masa aku main dikasih lawan jago!,1
Seru banyak hadiah gratisnya,5
Karena lambat downloadnya berjam jam belum selesai terdownload,1
gua main 2x menang tapi diakhir match selalu loading terus jadi kalah. sinyal gua bagus ngga jelas ini game apaan dah najis,1
"sering keluar waktu push divisi padahal sinyal bagus, mana posisi udh menang😡",1
tambah update tambah jellek sinyalnya gak jelas servernya,1
semakin gak jelas game sering ngelag padahal sinyal bagusss ...dan keluar sendiriii,1
"apa2an nih ngasih pemain bintang satu aja harus nonton iklan dulu,kalo gini caranya bakal ditinggal player bos",2
"game yg sangat buruk kualitas keadilan permainan musuh sinyal bar 1 mlah kita ng ngelag, permainan tidak kompetitif dan tdak adil, script terlalu banyak untuk akun yg jarang top up",1
kenapa saya kasih bintang segini Karan jaringan bagus setelan grafik pun saya sudah rata bawah semua tapi kenapa masih patah patah sering lambat kalo ngoper tolong perbaikan nya jangan update doank di unggulkan sistem nya juga harus di update kecewa asli,2
lebih bagus dari fc mobile,5
gak bisa di apdet,1
bisa dapat lionel messi gratis,5
game apa ini ngeleg.,2
SAYA TELAH MELAKUKAN PEMBELIAN KOIN E-FOOTBOLL SEBANYAK 130 KOIN TETAPI KENAPA KOINNYA TIDAK MASUK KEDALAM AKUN SAYO MOHON BANTUANNYA DI GAME TIDAK ADA MENU UNTUK PEMECAHAN MASALAHNYA,1
game gak jelas udah di tulis yang betul di salah salahin👎👎,1
"kontrolnya, plus iklan nge ide banget rndnya",1
game nya bagus sama grafiknya bagus tapi tolong masa dapet pemain Messi gratis tolong perubahan nya,5
geme kikir,1
ni game udh rusakk cokk kebanyakan delayy,1
Game TOP BGT,5
1000 koin,5
mantap .,5
"Tolong jaringan waktu main divisi di perbaiki, semenjak update jaringan jadi sangat lemot apalagi musuh pakai smart asist",3
"script,udh bnyak shot tpi bila malah belok sendiri,waktu ngshoot pemain yg lain nutup sendiri",1
"game gak jelas, giliran mau nyerang tiba"" lemot",1
game nya sangat kikir udh abis 3.5 jt malah rungkat,1
"gapain buat ifen tapi nga bisa dapat pemain epic,jadi malas org mainya,kalo begini terus org"" nga bakal main game ini lagi,sungu di sayangkan🤔🤧🙅",1
"Sejak adanya fitur iklan di eFootball, saya selalu berusaha menonton dan mengklik iklan untuk mendukung developer. Namun sering terjadi setelah iklan selesai diputar, game justru keluar sendiri lalu restart. Hal ini cukup mengganggu karena membuka game kembali membutuhkan waktu. Semoga masalah ini bisa diperbaiki agar pengalaman bermain tetap nyaman dan pemain tetap semangat mendukung melalui iklan. Terima kasih.",5
bagus kali gem ini,5
"tombol shoot sering tidak berfungsi didepan gawang lawan, tombol umpan trobosan juga sering tidak berfungsi,udah gua balik² posisi hp tp masih sama, tombol yg lain bisa,",1
game bangsat game judi,1
game sampah mulai ada iklan2nya,1
"Tolong dengan sangat tombol kursornya di perbaiki lagi, koneksinya perbaiki lagii masih sangat kurang memuaskan. tidak kaya game lainnya koneksi stabil kalo oni sangat tidak stabil. sinyal tolong perbaiki. sinyal, sinyal,sinyal tolong masalah sinyal sangat rendah dari kata optimal",1
Tolong kasih saya pemain yang saya inginkan dan saya ingin Hoki di game terbaik ini😀,5
boleh lah,3
game seru tapi harus nya gak harus di tautin,1
serius game nya seru kaya ps 3,5
menyenangkan. tapi knpa skrang ga bisa ganti akun,5
game kaya babi...pas main tiba² keluar sendiri..bilangnya jaringan.. padahal wifi kita ada stabil,1
Grafiknya bagus,5
game script. ga seru kalo sering kena script.,1
seru banggett,5
gw top up di game nya langsung tapi kok koin nya GK masuk masuk sampe 3 harian uang nya juga kagak dikembaliin,3
Alus lah,5
game tba2 leg.. padahal sinyal penuh,3
say suka eFootball,5
iklannya sangat mengganggu,1
game monyet apalah pas lawan di acara PVP ketemu nya kekuatan yang gak sebanding pas sinyal bagus tiba tiba jadi jelek padahal di hp bagus lohh sinyalnya kok tetep ngelag. dah itu aja untung masih tok kasih bintang 3,3
perlu peningkatan,3
"kadang main enak,,,kadang berat semua...bnr review dr gamers2...game nya gk konsisten",1
gamenya bagus banget coy,5
"tolong perbaiki kualitas jaringan nya, masa buat main MOBA lancar buat efootball nge bug",2
memuas kan dengan grafik yang jelas jelas bagus dan menakjubkan,5
server/jaringan nya masih jelek,4
"saya bermain dgn gaya main ball posession (BP) dan quick counter(QC). saya mengeluhkan gameplay SELAIN BP atau QC strikernya memiliki kemampuan defend seperti bek, umpannya seperti gelandang, one touch yang membuat bek atau gelandang saya watching ball. umpan terobos dan satu sentuhan yg lemah membuat pemain bertahan saya ball watching, mengikuti striker musuh tanpa agresif ke arah bola walaupun bola itu bergerak lambat. striker saya jg punya skill passing tapi tidak terlihat sama di lapangan.",2
baru nyoba seru juga 👍👍👍,5
"Saya membeli koin tapi tidak masuk, ntah gmana sistem game ini, lama-lama kagak waras",1
game yg sangat bagus dan efesien,5
bagus 😎^⁠_⁠^,5
Ini kenapa habis diperbaharui kok lag mulu habis maen di game liga,1
ko jadi ada iklan iklan gini ya,2
"makin lama game nya gajelas, kalo emang niat gabisa dibuat maen PvP gausah maksa PvP anjir, tiap push Divisi kalah gara² jaringan bermasalah, padahal udh pake data seluler + wifi dan di pake di game laen ga bermasalah jaringannya, giliran buat maen Divisi PvP udh 10 game win di pertandingan giliran pertandingan selesai tiba² jadi kalah dengan alasan kendala jaringan, emang gajelas lu min admin minimal perbaiki tuh buat PvP nya anehh",1
Game yang bagus,5
tombol ganti shoot ke tekel delay,1
kepengen ada piala champion nya atau piala eropa nya,5
"BAD SERVER , ALWAYS LAGGING IN IMPORTANT MATCH OR LEAGUE",1
makin parah.. gak seperti dulu..,1
system payaaahh...gamer di ujung laga sering keluar... tp yg kalah yg stay..,2
ok. banget,5
"gamenya seru tapi bikin strees,, gak adil kalau ngasih lawan gak setara sma yg pemainya masih baru di kasih lawan malah yang di atas kemampuan pemain saya",1
gooooddddddd,5
"sumpah ini game aneh banget anjir, mending hilangin lah script dari ini game developer tolol otaknya dimana dah masa iya game sepak bola ada script nya,masa iya nih tiba² pemain pada tolol semua mana berat banget di Kendaliin,",1
"game taekkkkk, server babi",1
ya lumayan bagus,5
"ampas, server jeleg, jualan kartu doang android jadi anak emas gameplay kadang berat gaje",1
kebanyakan user pakai smart asist,1
gak ada tampilan iklan😡😡😡😡,2
"game gjls pemain gratisan tidak sebanding dengan pemain seharga mahal, bermain tidak sepadan dan Semar asis lebih baik di hilangkan karena merugikan sekali dan bermain kebayak asal menekan tombol tanpa berfikir dll, untuk gajaca juga mengharuskan mengeluarkan banyak uang,game ini tidak layak di mainkan, kebayak anak frustasi dengan game ini tolong di beri keadilan untuk player yang tidak mempunyai modal untuk mendapatkan pemain berkualitas.",1
gameplay nya makin hari makin gk sehat banyak script dan pemain selalu plonga plogo pas digame game gak jelas emang,1
good game,4
Tolong Sinyal Perbaiki.,1
woy serverr di perbaiki gua udah login berapa kali kalo kayak gini kapan efotbal maju kalahin fc mobile,2
baguss tapii tolong perbarui timnas Brazill🙏🏼🇧🇷,5
"kecewa kontrol sentuh dan jentik sangat susah untuk mengontrol pemain dan umpan ,padahal sudah banyak sekali saya topup koin",1
"After the update, playing using the touch screen became less fun because double-tapping the kick made it difficult to control and the kick often became flat.",1
👍👍👍,4
jaring gawang nya benerin dong kaya ps 4,5
"game nya bagus seru grafik juga okee, gw maen dari jaman pes 2019, tpi ko mkin ksni makin aneh ni game ko pake ada iklan sgala hadeeehh sorry gw kasih bintang 3 ga nyaman ada iklan",3
"Game gk Jelas banyak script di game ini, seperti pemain kita tiba-tiba kecepatan larinya ngak cepat padahal di stats larinya 90",1
game seru tampilan baik,5
enak aja game nya,5
"Kalau ngasih musuh tolong yang sepadan sama ovr nya,saya sering leg sinyall padahal sinyal nya full, dan yang paling penting match nya di perbaiki agar kitaendapankan musuh yang eepadan dgn ovr kita",1
barusan saya Buka Konami ini Sekarang Uda menayangkan Iklan Judol Aneh yah,1
"semakin kesini makin gajelas asa ini game,dari fitur iklan yang gak jelas sampe sampe yang bikin kesel tuhh, setelah memainkan di mode divisi setelah main pas mau keluar,tiba tiba ngelag padahal jaringan bagus,terus tiba tiba kalah aja,cape banget mau push divisi,kalo sekali dua kali sih gak papa tapi ini hampir setiap habis game,kalo bisa di perbaiki dulu, untuk sementara saya hapus dulu ini game karena jelas alesan nyaa sangat menggangu terima kasihh konami kon**l",1
i like it,5
game yang sangat worth it 👍👍👍,5
lope you,5
nambah parah nihh game lagi maen kenapa tiba tiba kalah jaringan bagus padahal,1
"Game nya bagus tapi, dari gaca epic ampas, koneksi ampas, giliran ws 3x game ke 4 pemain gua malah planga plongo aneh emang, perbaikan dong kok bisa dari pemain bagus bagus tiba-tiba jelek peforma nya",1
"game apa ini lama²kok sekrng ada iklan nya, makin kesini makin gajelas ni game",1
makin lama makin gajelas ni game,1
